indoor_temp,return_air_temp,supply_air_temp,chilled_water_supply_temp,chilled_water_return_temp,fan_power,compressor_vibration,air_flow_rate,static_pressure,relative_humidity,anomaly_label
25.708823501169476,28.545254055908917,19.63585145988322,10.518405081148293,13.320994178405893,12.45954494697706,7.108763140525123,1616.7905117427258,483.01353144244166,74.05129334468184,1
27.070495152865625,29.683974055836654,20.453437014021688,10.082660188437503,12.643580176222429,14.914047747201309,6.83287707009355,1418.0496401889502,452.2955630155452,71.46795152706503,1
26.74268704681757,29.952522650976807,19.1144995168976,10.140147837834174,12.289102804212245,16.37500323647707,7.107378473825076,1414.562419700459,452.4449571418739,68.74265699390247,1
21.64163554888804,23.89137689283624,15.37685592598192,6.713577162592944,12.490712017600089,6.912890403410455,1.4789214529393826,3366.0688010642816,327.1371540672013,47.87678335542044,0
26.379970429310028,29.842522635714126,17.637813792735457,9.066896724194796,12.470943500572885,15.96009912784799,6.669026916574246,1230.2058670110953,474.54773576501333,69.60091651438115,1
19.861432852055902,22.259408143037195,15.454648804741701,6.579862681574598,11.432772335998546,8.197557588071314,2.7195705503817544,3160.160356310884,341.23453943444025,51.37451056541111,0
22.442746372629625,24.110430682898603,15.847619867682761,7.482163122085433,13.276111434605571,6.8689711777328535,0.6363302671696442,3334.7407681639306,350.17566283569215,54.726071561251906,0
26.286803716497523,29.001859184040505,19.890478111824493,10.027457614908121,12.125271883518018,12.42101487825929,8.49352606038805,1695.4496426792978,481.27643553353,72.34780453663237,1
25.979395811367077,29.729338268647687,17.698364828677654,10.530896453876057,14.134392191383524,13.468175379601798,6.599047816084999,1640.4753729326671,540.4439939283607,73.55117887194476,1
24.660613417813025,27.208140554030567,13.848481450042941,6.6302349216670065,12.006996326468212,8.085763843694847,2.569309475063612,3332.6058659938094,292.88102996223876,45.79874117690668,0
22.73501430611722,24.882676143115976,14.848804620178063,8.271524167634311,14.35707934450829,6.066905339605127,0.31059878250156614,3221.085258049553,332.1677632581375,50.2569598448742,0
20.960409330973718,23.04886347599195,14.099841746323204,6.65500932278168,13.089509451687665,5.546529423440438,0.8720627727884595,3159.7181283285,266.509310911161,38.48077515255989,0
22.47669647293472,24.631698059900344,15.994882575330402,6.875067826978102,12.214191010954771,5.5969707836577856,1.3557721583235898,3201.446278706663,347.7624319772894,56.49081575721952,0
20.069828896010872,21.817239857742205,14.918578548589627,7.26404530549554,12.88385928981136,5.7551194218106065,3.376836785286758,3391.149899408895,326.2735798309165,56.49715607535227,0
23.234011546609043,25.02917596747062,14.737261550824243,6.9688830495273,11.367838949041543,7.200615991573665,1.502254437143805,3240.0648216604163,315.91804036929244,42.54825096269602,0
23.735952981097395,24.966763010992725,13.787400909158189,6.5105078900300475,12.081792533438392,6.138064168853786,1.3264476201308242,3061.68308532831,256.34987338446325,50.539041641556175,0
21.215898280408616,23.203915955355896,15.839887738331251,7.035254923689278,13.025834330956943,7.248299132064873,1.331153588524849,3469.6629864899314,347.6053630204936,62.25856312498645,0
24.75842939577004,26.5388705223804,14.351260415240983,6.6979351155636415,12.473236412488037,7.016865857290299,1.9093262966582132,3413.265114012903,340.0737481629874,54.37640713317588,0
20.68218333037696,22.896283064266463,13.63612604177481,7.143713377563252,12.4767455430261,5.301164641846322,2.8416432634552526,2862.3006443473287,337.6473549026138,47.49504365134791,0
23.101013369933348,24.288828806035998,14.986272270988007,7.039812659775786,11.485882888049936,10.326853100811505,1.155419621738154,3141.5521581000708,336.94600244294713,44.65636522896837,0
23.69552018333657,25.12901054311108,14.364118113857815,6.380749691808024,12.172034695584976,6.050866816305632,1.9866062911318079,3706.0071340948143,330.9792606108081,54.214013456302666,0
21.380078449112165,23.60980565419839,14.43607323786996,6.609981576855323,12.279978627557025,7.842082561806345,3.34777206242639,3275.146731159783,334.15302367374767,54.5415552060592,0
27.064583515663113,30.68791885664127,18.070559466174327,11.437453485127364,14.282951093068593,13.505046668467761,7.857133607687372,1755.9987248340708,575.8205721658554,71.3644615050784,1
20.249793036425107,21.374119821238203,15.366399950813495,6.997957110479023,12.430346962244869,7.693836990012297,0.2943563289523581,2990.915375083843,288.7931310992568,52.59440337852668,0
19.737694602317298,21.77050522915119,15.58809272014425,6.331602382520308,12.698663357299736,7.062996672344934,0.541583960795531,3438.541128547731,312.25369438273754,52.35905869753073,0
22.381694241258884,24.82110948609742,15.16345901806629,5.910280537288284,12.068812966963385,7.705077447576414,0.8603954925478846,3281.126080592703,356.041154583555,50.49714229114517,0
23.70423947747043,25.632100207838022,14.83414460179152,6.692522580960524,11.784038246621485,7.698544092511187,2.006464129784876,3365.064676676637,311.8881210625894,44.871032075371296,0
23.28523878762487,25.038532421306773,15.778657446112828,7.9837071820135606,13.56274228173838,7.929600719390926,1.185836065090904,3188.850332001194,362.838243233507,45.16018580269102,0
22.07515114687077,24.064366459734856,13.951460065927895,6.015305202312658,11.764012971453752,7.031997060521828,1.3772240440236638,3715.05351815617,356.07350169594827,52.023520563302206,0
23.449995232755523,25.49273547004179,14.109219135911712,6.234466382248706,11.34582468965279,7.943230898582675,1.0520746308369282,3155.06687149747,317.12957400878935,54.987104690621756,0
23.837186033602645,25.997399264535282,14.466930236152663,7.253393636466199,12.551647846443387,6.656052228803524,2.0078526956517595,3194.645426261916,345.50954685444196,50.725031586806836,0
21.252112887449364,23.47666127339862,15.17342461982721,6.650151971667842,11.49519319404747,5.915749093731215,1.564926481728543,3268.553758782542,316.18637630907205,52.28320763653973,0
23.307088441443277,25.63726128508131,16.37026219631064,6.0879161999062,11.45291383420378,6.516246550312248,3.5580229731039448,3064.676377715393,351.4419244463301,49.159965967752164,0
22.9721824625061,24.50138440712269,14.505018524947534,6.434372715593521,11.24744633597132,7.39854566168589,0.6360954522568175,3315.865088916554,335.06338413967165,60.96962575902222,0
23.09759794949454,24.318161383641122,13.720154739261726,6.774228895696174,12.400970662229737,5.224418991957574,1.0982198556123,2909.994904514178,285.10274413840955,44.75392615496418,0
23.613408153697485,25.707263171881216,15.047330566887164,7.472427015590347,12.493399667244638,7.030712448615802,0.4401223440860486,3280.1266031496593,307.3637619661121,54.88491403830978,0
22.522102055027464,24.23975828267533,15.722998280432726,6.558170681281216,11.254671238082842,8.293114289154753,1.1538324279900312,2820.032990656123,363.6809332127473,51.11839848247778,0
21.811559995273704,23.914558055008698,13.547673811460408,6.5476831288553825,12.384612022856928,7.7814982968680155,0.8962081991288868,3568.434394519042,325.40891336478217,55.17469081581966,0
27.50205113691385,30.50538723697685,18.184655200250074,10.127593265115705,13.917715472813676,12.760062933029035,5.953926933648958,1977.5473170651921,450.89863685205677,84.7168084189372,1
23.419296334061627,25.790839417187055,13.166589274568642,6.931877792411288,13.000582994183848,6.852073809998671,3.4934427801902936,3288.4954831677514,311.9870569083508,52.789315149438075,0
26.61795464810425,30.073333906178014,20.240824960163117,11.02962513519869,14.619304284743006,14.72043551975267,4.953364738725941,2183.8980363600176,509.97517840473205,84.18987193656011,1
19.500713142151714,20.839380180869416,13.663576411460758,7.457113287851789,12.414713444137682,6.743399529602138,6.363821463817327,3310.0620075525994,316.53955369150066,52.526773154958725,0
23.5795198505199,25.267934678387178,14.908125975132148,6.439893989496605,11.2821751372597,6.315903973015846,2.192524843217868,3504.857770738693,283.1032225724647,54.61987167083798,0
26.20096813877315,30.142406166366364,19.878814295889697,8.60146132951895,12.488665520943556,14.746215127386947,7.7748388522292355,1693.88170537925,533.8721090160889,76.57360010559971,1
23.349730412026307,25.00520618723939,13.694458111243884,7.44279111718084,13.20698718870834,7.921727822046298,1.3239746459704234,2949.1415473104425,367.5346166396579,53.1454130962062,0
22.42070424162322,24.44585658569296,15.727585681435611,7.096164773506671,12.351472750256907,6.506744718988918,3.478885979565959,2918.5322932137187,271.53682907650614,57.84340959420679,0
22.407477948703075,24.27148523904419,15.147135415514175,5.6912044603206144,10.895790164324811,5.895603597883561,1.1025753317822622,2954.757270368481,300.85866786886555,50.97714958013259,0
22.54871002944466,23.335811595356788,14.676466830189888,6.522356948699482,11.65973165441476,8.034732542422676,0.37483800586182614,3180.9877730757394,335.6280114084981,59.067319286492754,0
23.067885149488255,24.775724863805948,15.317212314225491,7.288215688599034,12.481214910997737,8.30370248200206,2.306524626678841,2695.9264223942087,300.87163332225947,58.775418028807685,0
22.237079365429363,23.417632045883863,12.83128169781333,7.101822869480369,12.900446211170696,7.223884320333327,1.9026106246951635,3202.3225170766736,303.3194190778338,56.23748361784137,0
21.374609952101853,23.710794372817993,14.297059137966095,6.73673371012647,11.64330916517632,7.148853760760787,0.49584467371113067,3036.349244767753,332.50833018301563,44.06296922573159,0
23.890314694808886,25.08137102032173,13.78293387312635,6.948613610792543,12.702683565187376,5.063172371418853,0.6493862836123985,2860.0079465819313,339.5993285748154,49.02104149429972,0
23.59848254124249,25.71183874495553,14.836559704814784,6.54204734343383,12.345302240802049,7.442925947319388,1.2001283410377384,3168.0007561966513,315.7696585458613,54.60845649071385,0
26.024800688252366,29.80000938269921,18.14239603317977,8.90514399618341,12.475280110824073,15.507018467411724,8.475175186548487,2151.2641693946102,470.8472804162113,78.56638071970583,1
21.78074997245547,23.828634550841926,14.454083707940772,5.911159518814899,11.225521984148179,6.41196627692918,1.5597130907010595,3452.1906267832837,321.90481053621806,53.80159657879712,0
22.630271646931828,24.34166634175098,14.542021094572252,6.897477546206093,11.783030065764091,6.540766932513902,3.915030162506073,3222.520869385027,293.9180601472321,51.01830211363089,0
22.644037592061913,24.94388515418058,14.483920998584278,7.0459967434182476,12.285547985035105,9.893445686991463,1.2628790899260265,3520.972195817567,328.6881373506678,54.23005969210383,0
22.93795320295947,24.90453161820005,13.284824175349348,7.133774040184997,12.907720744607595,7.991260362012382,5.2859995355515075,3160.705375017458,320.6607226550123,44.962445721833774,0
21.38717623897131,23.022287940961522,14.97259546840826,5.805026865089437,11.244636651188753,7.5373666362328215,3.5979258101015157,3019.9592740800454,334.37066211154655,50.512143320390045,0
22.09859851699086,24.003993403123285,15.793040034177533,7.018563389865526,11.72789994894947,7.112686245977657,3.149347872417348,3167.7300029882867,327.1127995630411,46.369979483769995,0
22.38133241617063,24.95539403219472,14.919168409661388,6.5254205291181115,13.084894473620151,8.597582146561857,2.136890497709175,3535.7520209340328,352.16924390938135,49.399008282062816,0
22.933804230247322,25.116485504801584,15.275495441926443,6.8752372493869505,11.806106912604399,6.012578688468,0.36791342881211564,3326.5908677655157,332.21966184456,50.695065905294875,0
21.959772882178306,23.905361134519403,14.735775402321842,5.997647495101094,11.066246584697243,7.788174344599818,0.9145969139958862,2916.4680843803917,319.39880437250434,46.19659130057049,0
22.958322542677863,24.13372525370112,12.592554568971403,7.297175759907711,13.223851681624188,6.3147730049089486,0.16087652679886763,2742.0871928215934,295.42417533200614,35.76812841836593,0
19.95132513082823,21.73007686962121,13.147462697914838,6.661555322115598,12.13195446917173,5.6273033326665916,1.3541246237939597,3715.206640975665,290.64739049059574,42.998773856244114,0
23.45311761554619,25.653847557018967,15.2805707021354,6.528289785111741,11.66372783166931,6.0228256901424535,1.482607326569771,3123.1574200756922,302.5127623737325,53.33768047397066,0
22.869660647404924,24.917215166614184,13.75928807688708,6.639608069074001,12.822766275138381,7.302804340942989,1.4488712224736169,3043.8214582866813,261.2210446721958,47.80422333026595,0
22.120309860366238,23.496067833807597,16.75946447280244,6.349003675278401,12.224526184238119,5.892776862185922,3.2857976654906973,3118.0461724401603,330.0374537636552,47.12698539232992,0
24.13696851596861,25.775209546695027,14.867195201339433,5.883147116185283,11.86978018830819,7.219171848253912,0.779503866028036,3167.5409185376493,354.25347262011394,52.205522421835106,0
23.39055298928627,25.946729263348583,15.197219508870347,6.928498722792915,12.895459659722725,8.697937004674246,2.8543126092026494,3252.3385825469036,286.02333757778047,48.95148946852223,0
22.45700875306806,23.986725521403415,15.535988467853565,6.984508218912583,11.523614071860644,5.973361111070163,5.623689297562413,3031.240247145133,311.5198808697529,45.06543686498342,0
27.24613073544172,30.11304003265532,20.633171998310072,10.234290792784078,12.982291628234261,14.460625083938854,6.509601357964847,2062.6819126981445,524.5182252840175,76.44032282968594,1
26.911791350808024,29.78136904264692,19.872754672106346,11.014518016623734,14.961862813039707,12.019558367134255,7.133558236689749,2035.3596470603866,564.5466915195993,68.56634720134319,1
21.800307073717274,23.89798135784329,15.156442802310318,7.192672801505141,12.13025742142171,7.560352004257253,4.079887016866116,3190.7647033831254,321.668161405871,39.26148380366573,0
26.47132673779581,29.502271434434427,18.853201036772845,10.33476603359118,12.778405179115168,15.975592208004418,7.495918533175309,1822.237758424305,455.6242125717424,74.16748383510124,1
26.822255169997884,30.496495699935558,18.228929177670892,8.547927486530147,11.618002065843235,13.825377527184868,6.854159402301489,1349.0399219954104,505.30041163383913,77.37780233960159,1
23.271267311841054,24.828665956554758,14.462991026186925,6.033658014538132,10.781998096611126,7.219615479982734,1.681780040666411,3519.4083374519523,311.9711953217461,45.44986776728067,0
23.19555980785629,24.78569484502957,15.601744749203649,6.595329712390687,12.468717858443844,8.695323745553818,3.1326261606168524,2954.15581926283,307.5971505054156,54.674008313478275,0
21.483646382018005,23.228848186241024,15.562445511189575,7.49596044383996,13.876335684473535,5.999848611086518,1.0657406956420235,3657.6171187496934,305.6272792823574,56.47598088450384,0
23.118057223567256,25.242615845363893,15.049082844011627,6.612183169641329,12.395273671166311,7.73552627586424,0.19294581712326947,3209.273085484114,327.6800986474468,47.706165851669034,0
20.94590547352366,22.682287389363637,14.80653455180712,6.3015341867989365,11.83912865016412,7.869340813545887,0.4777430997090754,3382.3424487824377,297.66452285401783,37.88126340861011,0
28.162283863494277,31.521368640262033,17.657382777829568,8.959361957742962,12.166779698303827,12.213926318015767,7.851089263847338,1589.9275617346357,455.5342024144211,83.38447028661116,1
28.191383375007582,31.273803721288974,20.901156415724255,11.090071388820826,14.591973420526942,14.598802392587382,4.878909941431167,2091.259829922494,467.41077356585976,67.75789966599358,1
22.842664889829187,24.83459570397592,15.39982137598865,7.154799739691783,13.014871204711472,8.349478544646514,0.8308878412021262,3239.259792549192,287.6256506475978,52.57132796207429,0
22.372861974835036,24.6816189436105,14.269139906276719,7.491597257664671,12.768654979619797,7.190241974481469,2.1266750792465245,3095.216551602774,324.21126924831236,47.80909440401325,0
23.09605698361348,25.617796227528178,14.889844189635996,6.155259706395156,11.265713985306023,5.904002343932295,1.5133177678044163,2814.4517764531943,287.22140445532557,50.74273763855646,0
22.718239506070194,24.323358337592225,14.951873886880097,6.8215154866606404,11.987614423363004,7.810938746716914,0.978195636333032,2801.45433006865,297.97146727805597,50.701814533604214,0
22.365206340371003,24.350488857210653,14.439302839451981,6.918111823132116,11.95824036992043,10.816537306127614,1.0346589499679184,3507.621089089588,236.62768223435427,56.67672678368521,0
21.975050039611908,23.741562855672225,14.75703317660591,7.467114597086345,13.780900184377487,5.243976999677567,0.6612918638796446,3373.5050217651856,342.36643629230014,48.58693804995681,0
21.29214892166443,22.802552788967386,16.613609528394097,6.638416167148757,11.980476104024024,7.720538772393182,0.7480325122760938,3257.865395624693,318.69257156072484,49.44443642963642,0
21.924990914585653,23.899686335279057,15.450877458469606,7.2165788833147175,12.994138827522374,5.900678709536232,2.5081183433646896,2955.5882907112987,349.1116173128053,55.213733164206715,0
20.99090656930246,22.803869374638516,14.345257897135035,6.893729691044455,11.877984265862715,5.32192275098544,1.3508703064800516,3260.8053933130564,346.52906830934626,47.101200616379884,0
21.281013817225922,22.663982739357692,16.093096334733524,6.79908562057795,11.845991426785822,7.093680699420045,1.3654481441716926,3210.726831541923,252.74310921616163,56.316820424754596,0
21.3289520964272,23.315620489213636,14.91448136162398,6.548565623164522,12.482061239709598,6.181136976152594,1.530939128322263,3406.2210094321963,324.35777508816443,50.299714446985845,0
27.31850527993435,31.229099928795605,20.87910000112351,10.284869861674796,14.182984330957048,13.263549595165466,8.452470308250367,1229.6338192366932,557.4925851422216,66.16142591433722,1
28.324021053699514,31.304170703947175,19.855232707308993,9.703348616964377,13.40624351716034,15.880018892685143,4.905829522030853,1801.769690371811,561.3695575192628,83.91188027899618,1
23.303607058596047,24.789702295344966,14.924780529571272,6.522445386035825,11.664366204050356,7.852359455311324,0.5144281888576371,2987.9832682786455,313.82036586613964,50.68486544799334,0
27.07781062504213,30.151219517602094,18.030849805707337,9.118357234781438,11.39087455963782,13.427108961816195,4.841271296983326,1441.4014701072829,567.0736105913991,72.73324506043683,1
23.02432580369562,25.176092620150584,14.516333733770335,6.078037226463121,11.309070764953496,6.398837804736085,1.5694416855245064,3389.1485296266083,300.11408540669254,47.73421053157033,0
25.559081766536462,29.016741349206203,18.450207601498946,10.136388702875866,13.09112341056905,12.437335990290132,6.061949447872379,1669.3604806769115,534.4768680558172,84.0403848081139,1
20.01193172111022,21.995286402530812,14.324264438119233,6.91807120493955,13.463774721584377,7.208440512653657,0.6606539743690467,3335.746300597776,266.7852447793267,44.30868932520951,0
22.31703619634335,23.075781361212428,14.226542543803092,6.680623698968283,11.496038150312218,6.682065186865488,1.1999837528935753,3238.881259395914,290.0460396881247,49.71669228793381,0
22.09941661229279,23.587881795164616,13.347214692380065,6.574179455411526,12.541874648413119,7.089969355164531,1.7988241056745726,2593.9337823256783,333.94844453810936,52.91525365481942,0
23.210176960489655,25.08994655488436,15.50427982423078,5.859782227968459,11.521396538017612,7.198334046757149,2.5950882132285766,3169.1895152872166,309.7915829838579,50.793237256061396,0
21.711726865234326,23.420736361252963,13.980508144308896,7.8388887925992226,13.623090628602439,6.648705149351661,0.9988050063911894,3013.7818036809317,305.8497567869994,49.20791882665891,0
22.42856957272584,24.52564254006973,14.273425568843814,7.723197960299624,13.34572980629596,6.568926541278083,1.1238222708756145,3245.227668806256,305.8201212246225,48.724891306093994,0
22.106526340184498,24.10372092359028,12.697765284214928,6.923453031708306,12.354178065825664,7.1497181698895895,0.9687578845543409,3033.3609421917386,308.5552661785245,51.083509955547704,0
22.721461563836446,24.944408885987734,13.283770566207512,6.555214676484664,12.050654455804509,5.621961053005216,0.7982082954177794,3375.7890791049044,332.74828103391985,57.514135426247904,0
21.202724006880125,23.31000689353282,13.386433295238614,6.487041991157699,11.827446283119743,8.832279169144538,4.135143740141848,3232.5893006642773,326.8723252227743,54.18115488205434,0
20.56184182091339,21.62938386957805,15.822647709742824,7.600048923410239,13.776416862912331,8.915100519530586,0.6552692187315876,3435.31409916723,342.95907787334676,55.41478414520338,0
21.99522561268157,23.396001361755804,13.417993048447421,6.72657323937235,12.455074604051399,6.109532168542325,3.326982363613962,2875.314578347377,319.941414921262,38.779092289159394,0
21.235901324191612,23.18056574869042,12.474584546999349,6.776100374807605,13.769665909965264,9.419587093672334,0.7600494318567961,2868.391293173001,309.0471268173771,61.957263314260466,0
21.857606176855292,23.057999792671932,14.334412328721305,7.231961774981222,12.931256713461107,7.3753325175538444,1.7211056827191002,3338.2357972995264,309.2664037376321,56.829161443949374,0
24.14932571180498,25.8624732818265,14.311780872022048,6.890626974172525,12.488538465028604,6.105751110275135,0.538004925575481,3876.6719852438755,317.26577333973853,42.52664889902886,0
21.64277829836836,23.5472785108619,14.259627241023438,5.607547245524708,11.838011819807976,8.424078015174198,0.5464220123701973,3310.270665465101,329.90678908965214,48.44367392847823,0
20.791251417059826,22.31673976275779,15.644921694209392,7.114680316714446,13.713831657081261,6.277513959040516,0.6367835565954219,3621.111584852709,341.13177573614666,46.207383695104,0
21.837332346862834,23.156472536432396,13.198396063306602,6.491612319240146,12.874513177231744,6.768747439066174,2.475170815318715,3025.2834548895016,288.1036698829668,46.62689737821655,0
23.69797307777755,24.88489285382158,13.430745199748063,6.367857369029732,13.108246794062984,8.342599765386401,0.5458784091094985,3439.583178671285,364.73436122737894,52.3959376539348,0
24.14024912093343,25.724712378456335,14.686294469941519,7.389971065019232,13.60988498363712,7.022191826073528,0.7025814956951499,2831.2623300724154,355.23623707755416,54.31921046819391,0
21.595516602771013,23.889841250773788,14.511319411972607,6.485393925235279,12.981165498887574,7.075720764582728,1.9697144887510267,3017.2912750755822,336.7261185617633,52.17145730657865,0
23.843489893721493,25.538110607288594,15.274260819220164,6.721761311938421,12.13753230738336,5.85151851021606,0.8770446855210428,3533.3597915082414,269.3740921372564,39.372732010279286,0
22.33408283859458,24.05772132190366,15.357543892169438,6.829224740352824,11.737000946174605,7.6761354427719715,3.4824006044307874,3421.3818430764886,342.0053534906044,43.891318151537455,0
21.773261352315764,23.247111100989315,14.523352403148454,6.8427566648198,13.348108001379941,7.700661019044471,0.5165081659335385,3196.2573954922614,317.95355634100844,49.73968229400376,0
22.156794933743868,24.676284941084393,14.995226357270827,6.905939589414442,11.61913823623193,7.61043463680011,0.6472329825810723,3092.9619367280216,330.6224026043101,50.98255963000607,0
21.864287755479552,23.425283677602895,15.204917376650695,5.922281051344645,11.48130932668607,3.958405358787584,2.6424497723646465,3364.126520793807,350.10002825214127,53.0394016655988,0
24.336900998812435,26.735873672084285,14.38409715044169,7.104133583172095,12.898741009889049,6.22768475518882,0.845451449826909,3191.024675599973,333.8999262892861,49.135367084992964,0
23.895796502585952,25.38140208953196,14.88420840112474,6.125037181069363,10.766465343568289,6.409667616322772,0.7410669750119527,3019.424953011602,357.9844545737988,53.7236913485766,0
21.492333789383068,23.441175978425814,14.723267086676149,6.142279346475077,11.685190472628685,7.726732330539509,1.8725970755006764,2854.6127352801404,343.9676961240457,47.103212533274004,0
20.001684710539532,21.621679567341207,13.641049072865798,6.274906731319165,11.63268467092042,8.439032794694272,2.0311916987029828,3398.0987598539336,295.7953312319727,46.430729198534934,0
27.905639855865005,30.81957734449508,19.81822024039008,9.1384396778847,12.208153417213925,15.390075107066405,7.041281562742386,1744.1292294041848,466.08087763445366,83.3206307057068,1
22.25736881707933,23.528385634381902,14.469005684008366,6.354715594704492,12.207037618246932,5.955913872665855,0.3116878318064616,3405.7105183040894,300.49058488172875,47.46327402007982,0
21.639813215276636,23.55221691538936,15.506095245087488,5.921565650299248,11.181477659617844,6.810359522491695,2.028414645873829,2801.293536274795,321.8641015515124,54.194354303390135,0
26.270974691273427,29.708190424810255,19.97046188915452,9.729474333354116,13.358240548649992,14.81585855787633,5.421277267230032,1778.170965473878,460.383187619519,77.29793277529461,1
21.84450666209702,23.900723836126932,14.956336938688636,6.779375935510398,11.721089613648118,6.6541735366843415,0.7898443346887294,3269.6146973618524,315.4258239858375,53.67804285157774,0
23.051016095074125,24.888365044784784,14.671047035152851,6.957169341565715,12.90576906554273,8.422794621555157,0.5899656081406114,3232.5377654963963,314.04389245253867,53.23307150994467,0
24.534061248516903,25.89315335233456,14.605997714796516,6.342122479433219,11.629062485053776,7.91069156533304,1.133653804397906,2956.533461576686,314.8244009828492,44.06888869244479,0
23.410763064591922,25.31936118892218,14.252280228809552,6.889264584860239,11.90309714123111,8.42314869694645,0.280246598070849,3134.8923533762218,306.23297883358094,55.12703285375643,0
20.844816926382567,22.725748444951687,13.540219787927828,6.181760856703825,11.165409724200748,7.649333871961117,0.7601928588862683,3234.837801974732,323.785844004018,57.29664825800766,0
20.783069877458342,22.416683106279397,15.771152262755265,6.508138933218699,11.043873853897189,4.221677736960681,6.894011377158977,3515.569472667918,373.4513802908501,50.96392038862149,0
23.143811812284483,24.74309813515987,14.22543525852557,7.356317152601651,12.441387533538673,6.277476598727357,0.6380665910011869,3208.3878992045607,321.72924482589957,47.83143546654489,0
22.73368343366253,24.14718490576123,15.519542741350065,7.4073333900664515,13.816549309253759,7.4546951756951865,3.027549146668381,3278.827406692648,306.3328044565696,41.90944091094751,0
20.336232388492867,21.589489043180535,13.570347343794973,7.476181272963075,13.185930011135227,6.143611642643675,4.228691501422314,3302.5378919283985,355.77549450313137,47.109181884690685,0
20.77406642601916,22.681784327051453,14.819382554351462,7.2834783226724085,13.1219949766163,7.168661963038568,1.2618191389509628,3208.4844712837407,370.76364308060505,41.38885719643403,0
23.291094802118884,24.748354056067765,14.14981014207654,5.545521410752462,10.761433507696243,7.91453946481079,1.8361580666097728,3424.760383209281,269.5992445121432,57.34821943329212,0
21.175692819341077,22.68438393837843,14.512545789177299,6.329992033938122,10.874016704648572,7.622576195764226,0.5826272382192761,3261.6380238743295,320.38383629389944,48.79871580082789,0
28.21266076538117,30.742954676541466,18.125523625885045,9.931625475859775,13.842360037322123,12.910452861553535,5.397501877120967,2116.943892169509,467.2373311146835,74.58614028655,1
20.38435181356472,22.553011858334504,15.697368325956784,6.900349347144439,12.901800473304952,9.588312147168745,1.9825262379681772,3333.1491219035165,326.33106055910355,48.19244013774765,0
21.348672915931825,22.43412272978995,14.565591051059776,6.793013385761963,12.22772399665455,6.591974134227046,0.9979569860063319,3394.230463690048,316.67984244808264,59.900981708447944,0
24.57901799938211,26.837430057038937,14.351921880463024,6.801530058369286,13.10638713850911,7.38192324592625,0.6255111905066293,3325.964983543123,381.42511108126286,51.900886938027234,0
24.757388483328707,26.542360225336914,14.296042423677129,7.108331988235559,13.402280979192103,9.595022792303972,0.9963809913817496,2447.369370921621,356.92280740775675,55.86301979371503,0
21.497828518043974,23.695607468247537,14.627004840750034,7.516916419329922,12.535914901377787,7.919791259655839,3.921810520503742,3400.4462960821215,281.29779025768767,47.16205822507626,0
22.956237421207156,25.049234262319075,14.339488560939655,6.643661415173362,11.324102474414705,5.180394188307486,0.7576254500123056,3228.9051976053584,326.5426820869085,52.779282257759284,0
26.444184721187444,29.494110675850173,20.67045743850026,11.350547181195008,13.443409390539687,13.642563782366425,4.645706850050455,1313.0075480902713,501.7625189490993,69.56576132542331,1
21.317128744397348,23.321445579808387,14.924820875915367,7.325024520776713,12.663941271999493,5.205999238419543,2.252576353989969,3459.9405724011954,349.4392603537366,48.92856346318334,0
24.39505537860887,26.788701790023257,14.407820613958242,6.395137582116358,11.475006831186278,6.68671913500679,1.3730480592849297,2948.5762281704515,299.2434462319987,55.96991136589422,0
22.153609633295833,23.954959835934698,15.524751661333383,7.703044558918481,13.64730482485962,7.890913266817075,3.4878003223261604,2901.329132995862,301.559540935664,41.065054950946035,0
26.58835806896099,29.332243902632857,18.123765680610116,9.355899927384646,12.255755649867067,13.201918554486738,7.22861931659537,1933.5832610226582,515.410559951009,71.8674187344499,1
23.277226245720833,25.365129422580104,13.79657377407041,7.25631016127022,13.154290930258156,8.421828489656107,2.263287204323945,3315.81739228688,376.1547003389566,51.52930135376019,0
22.52941220911073,24.34470740709474,14.512146354032346,6.266983914186159,11.207776290125528,6.3586658488610865,1.4715434153022446,3329.8591557979344,352.30734367211767,45.301922093604865,0
22.837190241282038,24.647345609499002,13.345116590264189,6.483363647644864,12.004696844436573,6.336150287710438,0.7568066735989216,2705.945983902422,277.89765676631487,57.58372398766909,0
22.219035651660985,24.207998162813137,15.177505683107931,5.949167070856292,10.340729106313633,6.966921515681934,2.519112638913848,3028.6317868278948,365.1029772991101,50.54921546566905,0
25.2586777483431,26.894107105496698,14.320117555364119,6.232914427361105,11.942216803988366,7.995296628086756,1.0577212995151994,3425.285907632306,328.9941426041505,52.408705162938126,0
26.244324257084408,29.466264661553367,19.40310975684695,9.6985257798615,11.982942969490953,16.31009816197494,5.906728878971055,1677.0806306415188,547.9298759629321,77.14867117940071,1
21.825254964910833,23.731606256771652,14.987124285003706,6.799142923165467,12.43858551919384,7.284169868468083,1.4558331915998153,3206.1618445526356,314.41232349258723,47.70488374752842,0
24.02586611399299,25.75093450663044,15.682457518685155,7.184984365667611,13.411399443333039,6.1462793765552055,2.0191236677726914,3149.9663614429655,332.19465043777245,45.6916814831363,0
27.835764025142257,30.932376810489096,19.449590693901023,10.521998280868246,12.712878200118915,12.97484490461482,7.922121619931614,1783.031106335306,566.5999563329608,71.31514621347907,1
24.170958360077194,26.55583673556425,15.611811307157085,7.303652178736631,13.764052780974907,7.990252867554293,0.9128608678999289,3224.6094059811458,305.7707555579803,60.63502269446498,0
22.735825403641766,24.352189279554167,14.549506682309708,7.286221998959005,13.005152395591496,5.877061341450808,3.165995646899529,3164.714920139041,300.8528982919845,48.66393988152677,0
24.30407796212058,25.625362503550054,15.5808126019896,6.280389918004617,11.996183703068375,7.285100103312507,1.0206804302753105,3128.0732361126306,312.1234097600209,43.627448953475366,0
22.795805734118407,24.2659608339445,15.576879835611406,6.152370689666439,10.992988822612553,6.796737173177382,1.920797131852333,3298.951235182552,279.7768362638599,55.469534758162325,0
22.4308574435597,23.83793601140877,15.001230690669553,7.38920965878186,12.665938756073427,7.730164609758182,1.807772112206571,3284.0804524054215,321.0951139151804,55.85498246602133,0
20.853718628482373,22.782032918855446,15.05806957627136,6.472615112188025,12.456631083218623,7.791773566809138,1.4835397334897582,3051.3965753555067,309.23173837584955,53.57739215891517,0
22.912341947482155,24.636693791171343,14.884595663814387,7.353115779429984,12.653445063698856,6.994769421639099,1.7893362174650989,2819.641754771423,381.6481832865341,43.53187231958853,0
22.033777856293337,24.030380115192052,15.378787900841456,7.002912043336907,12.732844886363829,8.069754831028424,1.235476241261052,3030.1774200930986,351.348294929387,47.98951947751735,0
21.76587709091366,23.76837348663603,14.374380137244234,6.1177645731913595,11.605902723698428,6.006308953830681,1.2498404587939729,3386.5791306397814,305.4126601632559,55.761166927823076,0
21.841530110710845,22.995175395746656,15.566041174132103,6.681731308315732,12.923301532152841,7.509741745594418,1.710263148877849,3747.942583012703,342.57291378534893,55.94959858023834,0
22.460696075740803,23.819779215806232,14.231804734505578,6.993293114952596,12.535565757728248,8.902809042900563,0.22217041630275697,2995.994232013449,268.2188983139107,51.00969951667741,0
21.87057568046427,23.4278296093214,14.567573429111958,7.783458481254127,12.538082033178902,9.347121998469166,1.280634219890318,3030.1451097642775,338.59574086455314,43.764050039435354,0
20.227662399655458,22.071876526645035,14.917159519247623,7.106632772330571,13.264952763925326,7.037003613151948,1.8812929416840622,3084.05068258753,263.51572790420755,47.03072004941266,0
25.89954138811459,29.569152545795866,19.69285070134155,10.705115929152768,12.762730204722008,12.813861074610239,8.060892453848744,1828.1711459525472,487.0991341089045,70.38919537097158,1
22.507706723773126,24.875908438681552,15.67342604551918,6.314468985446133,12.437503639956615,6.726151230451578,1.7001951263935553,2879.2286409058893,321.38846852229165,56.859760253395784,0
23.941456706596735,25.842722801811927,13.975449824430845,6.4288068147846325,12.695353501625291,8.37639212693661,1.1354505674891588,3672.6824621485075,310.6456603799141,47.757547845667844,0
23.351342180566846,25.531180009112642,14.941571407465462,6.387354019584568,11.0512515245066,9.331904389332454,3.3495831936327587,2849.686496450058,350.3867635519947,49.74472793619971,0
22.970164806483055,24.819396087145527,14.234854902974797,7.879560577301646,13.105957517370216,7.251629928256751,1.66030602840697,3752.8107375706404,288.34103362883974,55.95019376603521,0
22.392317166855328,23.730572099562135,14.347807324469427,6.981502142403039,12.670630884558623,6.2923929700599235,0.5673200656338722,2995.953957030971,327.5923148480299,53.936875691119965,0
27.974864142649896,30.888639330373728,20.00388161315518,9.16459901660744,12.848187411637529,13.493386246950124,4.72876921352552,1559.5290043775283,492.86139480585797,75.17625511842002,1
20.56372632254791,22.44134709999026,13.831126663824298,6.54469575035121,12.358543300471837,6.151852855355069,0.7636855863496477,2913.733020879365,334.3019405251236,49.38556979011543,0
22.503655224184097,24.88405579943663,13.705937594616941,6.944014184152745,12.995748833049015,6.839603218959043,0.7622226545094066,2875.2991114870347,351.67009021108333,52.53139235743794,0
22.81166700206578,24.314673309050423,13.467550862443025,6.896724287495898,12.631886120704927,7.855689643545736,1.5544552904561657,3490.23817268564,352.239840490619,42.43172912768841,0
21.467503961659258,23.13344884919068,14.502518181525062,6.473735853391677,12.908610633565242,8.912876978668525,0.8899241332047535,3202.5167521306453,345.282386199323,49.99334960986838,0
24.05639345587333,25.707650302961863,14.644056830156785,5.6920887874896655,11.131349546994567,6.796702733464174,0.9226129700574609,2898.9227668651224,335.2632098552332,56.710176654878644,0
22.98846274454944,24.651311199926415,14.557801638590332,7.015504846065038,12.660437396687973,6.2336513299335445,0.45272039770900485,2920.927457424715,313.2497003137199,48.93796288090897,0
22.92075611912827,24.49830862042396,14.0297149560736,7.526920118560942,14.051712805441735,6.99761247388674,0.36274757182605377,3114.9325805114577,354.4777850792142,51.48500647132364,0
22.468174488901127,24.70709456391861,14.593464139337748,6.581868483909985,11.03961284052323,7.114080088875932,2.091943430319359,3032.0059616616263,324.7024891538187,53.34314879066295,0
21.977416355316187,23.75365028280719,14.224721577390135,6.553540862525374,13.423935349147946,6.164312687705483,0.6619045840151703,2802.392435370176,289.40826819848076,59.49592660418435,0
22.469310825369607,24.850621015786626,14.90426971811788,7.0546476618210034,12.325171773227257,7.972070477265223,0.6371559216729717,3154.170789494174,321.840972323506,51.286280235146684,0
22.9217378490499,23.76696590097163,13.77775285842976,6.75199966913307,12.863808782079168,8.560559082870048,4.732213347310749,3551.2638964007233,370.14420736274093,51.96981611867302,0
23.295457522400895,24.896684712353704,14.786675608860802,6.698830546564956,13.31025159898594,7.524034480594352,4.4864579776575395,3016.90431360123,296.6978396610661,44.46287477199645,0
22.231840821153778,24.3004532898454,14.741568720137412,6.69240183821991,13.216853264129973,5.26643383366372,2.550434788847486,2725.999526270528,294.61864316634296,52.472332441761864,0
21.789042889016528,22.824386668755825,15.315138592071918,6.13757710953363,12.20505548488664,7.3874569593524235,0.8942751066797267,3292.2061030621653,311.5550934235668,57.70283305670657,0
21.59486897997677,23.159160319261048,14.510434699501563,5.992076764516584,11.451329346745071,8.064592093973445,0.7146887010251075,3011.941365868139,321.4561090164845,54.08492571571642,0
23.03352320186417,24.968998129032848,14.190766707281792,6.618750498558965,12.521907304463486,8.044259989999027,3.911567321076575,3322.8894798506467,293.16141391190274,44.03871295503105,0
21.980930174616454,23.47761734706142,15.348071791926932,6.41247751849188,12.461005193963754,4.984792768090815,2.2919141229360185,2940.639575897919,311.8313852514727,44.322409774055025,0
22.591206469694892,25.150121947604138,13.762069612124836,6.8739103695182635,12.617009724922095,7.10173054798185,1.0827192345081604,3013.5948832069566,318.4701064723024,53.31547010670172,0
20.296553552276045,22.708631631821387,15.504116630699922,7.38533081465883,12.404240626481691,7.4704011439980285,0.5112209790443523,3398.486450908043,351.1455388740876,55.12909766650948,0
22.342491639489236,25.010466274721452,15.459439658337269,6.943636257013713,12.290958116133062,8.774747795735522,2.00338978326077,3399.6153347444706,342.28946141737794,48.90189079634198,0
22.8909555798986,24.88841751895586,15.316029205521671,6.271944215406457,11.396011497082235,5.697167250007551,0.6637982799314441,2961.900403717382,322.1005440233273,58.19566063964767,0
22.85168696795842,25.136464562112977,14.436489260475438,5.829216099689889,11.259871744535952,6.057605057260669,1.0017869875431218,3027.4157343879137,341.220919899488,58.12095663861032,0
22.394061541978495,24.402961796385608,14.621122438361386,7.120973564721851,13.023592604152896,6.253423745220637,1.0925966325762773,3018.831447079424,312.750027891326,57.003233434287026,0
23.96251422203678,26.50559515945187,14.53443269668031,7.472967503919158,12.45116998581626,7.357393430730794,2.310082261863696,3286.317627403072,312.2783842356711,48.84338836154089,0
21.56661997489095,23.002746608098217,14.580632858115845,6.4480418372922275,12.067015021638376,6.319807171469486,1.601529001852109,3094.9339922102927,334.01036580521765,50.61677396103582,0
22.720010406886022,24.918753916272344,15.461960998386457,7.301118083351462,12.58104661588592,8.2734205807862,0.7590043731882821,3300.10799846407,348.6304171642915,54.17013784363165,0
21.839633815385497,23.78668175146938,15.280832575484757,7.341791551554998,12.600180697406316,7.01482860233909,0.9060997507725272,3181.9177496744232,336.2797442393846,49.0619542767786,0
23.80674071636084,25.812442618767975,15.509215402028413,6.501260570987798,12.518062045458947,4.155942035137362,1.405877112041404,2939.3542116165436,330.55295287261157,52.93312441308411,0
22.11874188389252,23.78911461380893,15.389680495377071,6.947041019396607,12.681693042425955,9.27436736813408,0.8011086588271689,3257.948190656481,321.095354820794,50.062024915732934,0
21.173154397816877,23.201956909137067,14.210121953963117,6.762164463671468,12.829982172979165,7.417109865983626,1.1905269920634074,3788.677849436023,313.56423689722885,50.335938377469994,0
23.38421267651092,25.27451728575562,15.59446348039088,5.915934483646641,10.9489892500356,5.986945988797649,0.580813920216999,3047.4625636049636,301.1810625785723,45.28564582305154,0
22.458013811403646,24.399015798746397,14.097144304873826,7.663981917690882,12.672117618231333,6.99352823353856,0.8229122881541969,3110.005956604775,361.3208546584757,46.29909037696861,0
22.34382833475878,23.803265761054654,14.58943932656271,6.784240743335948,13.210641761052953,6.3227659529218325,2.003973477452973,3101.330072834874,345.06803537943284,56.72052846877227,0
22.978963337222485,25.082132077191932,13.376608346990729,5.826737356820567,11.276944033889215,7.522309687984521,1.027645588943917,3101.831336618479,300.2417154575383,53.38441410076609,0
22.076200448627173,23.43333772190619,15.183521600896576,6.287390457131283,12.599239811441848,7.62032888765177,1.490138854437669,3172.9162881576763,303.6815928609122,57.0737266898411,0
22.4135878541036,23.502152820500992,15.180063465934042,6.173246993814119,11.940036457945471,6.872255698705455,0.6493978106336783,3020.679256746083,305.36773671709074,41.15707165043259,0
28.007582433557644,31.915681795622707,20.260729410659714,8.728821959316598,10.90162868026035,14.899572011957408,7.781514055577588,1478.4466106862826,525.7657255176157,71.0790331737635,1
21.97194661596362,24.045278213088046,13.815064127470599,6.536722433431649,13.031726748712734,8.404018700075175,3.5034404418173404,2844.5827379852417,304.1173366407949,44.459733365852784,0
23.104855818621413,25.317088052871036,14.619101443134152,6.962329117751259,11.773401919108611,6.064213396169649,3.530681900249256,3114.595383307421,342.81817032799523,54.05167314228723,0
22.191148155091987,23.82398433678563,13.951160194371855,7.336464807253673,12.325181688699246,7.674412198574928,0.8382533685626298,3157.351833802483,282.7831829054536,45.29833906245216,0
22.96087853872717,25.484601078620415,13.85489845670556,7.1831942382862,13.25235975955735,7.178516571586187,5.8866536385677755,3375.9489709377044,317.1135670702703,43.30253918514982,0
20.107517228914254,21.856455356306977,14.395259355899098,6.980113018538714,12.177504111141241,9.805167996640481,0.4904757773208026,2568.5420785488477,281.9132372674113,40.89562224090965,0
22.52906334800731,24.08333409036879,15.263268081725302,6.9064121993349845,12.315431590872384,5.604820516259628,1.5260203526894918,2661.7476403389696,306.3825928220072,44.72947281502157,0
21.47937545494884,23.40432673913547,13.06486310944643,7.297846877185181,12.804001309909498,7.021948758106497,2.4953131873753005,3033.3451806263192,312.74070389960167,44.38058613933897,0
22.909382369779973,24.91009546424699,14.032435766519649,6.215911086074899,12.613098933001686,6.842783871409829,0.9019678456888308,3437.755334044539,312.9460116003134,50.89659250579901,0
22.409082856157447,23.598215713521586,14.805140494027473,7.252858800248682,13.01414176091222,7.90083094445235,1.9364977743442624,3122.043236781362,331.59284698188617,46.962953761619325,0
25.3951385059355,27.187189051788174,14.22147408254615,6.6452450570363855,13.220443242481501,7.54623881760068,1.509930863987111,3556.63403860166,345.3061476913226,46.30792647598561,0
23.934055954709812,25.67829707444452,14.65871481374199,6.76344634899553,11.913070255809476,6.6534362599243195,1.6276111017717683,3290.1450039715755,323.8979646512778,47.97233654118771,0
24.572356621480086,26.443834508204276,15.037834726432322,6.535541810447672,12.760856156637482,6.187605522062382,0.5628424847433207,3383.3039594053985,299.7248690134028,52.634642655205326,0
26.00141508533477,28.90001245110112,18.94068674537944,10.308177771522258,13.330075397961519,13.324623095119367,8.183299177802821,2022.1376255297002,579.5590110282832,73.63977941300837,1
21.801982903261628,23.658375983106453,12.233575767885808,7.129071518001282,12.573538430198827,7.914002722826251,2.794437816985326,3198.108835081338,354.25065940940567,36.63498178057967,0
22.05260021748988,23.695188275101987,15.613964753186455,7.369075165483809,12.931821946555235,7.0523825417860015,1.1846410515953965,3063.178029198657,313.4375784884811,47.8509403858431,0
20.337623474903978,21.510479704757795,13.513518955988117,7.288936136105568,12.376161351052527,6.836992444512625,0.567938689793702,2797.6782283281414,296.5519376849229,37.681579380472186,0
22.3391793999925,23.68197167516301,14.78829497272389,6.4908174899779345,13.27207187563831,7.549098896580897,2.1125227846310444,3378.704172120018,319.3004001832301,49.806914332256426,0
23.07896689829182,24.85950595766364,15.127202223448599,6.667203683368794,12.763057077883854,6.770566086171144,3.993307068699894,3432.718322266423,309.3222362816842,49.244013071514395,0
22.526959071374456,24.021951375715815,15.395750222842706,6.730832358991811,12.352055209244995,7.58472259677278,2.3268461263551994,2824.393850589112,311.7564210282533,45.79593599220109,0
22.86215027978336,24.733540945337516,15.432733216204179,7.632320910983138,14.07141130682473,7.384460688345517,3.9166272858564284,3023.2222296766977,323.54441401998724,50.34953327229412,0
27.5055685951079,30.304852556459743,20.336706337746193,9.690583516607607,11.70928879339797,16.383683709432653,5.563185045440873,2050.4983985594063,517.2639837951015,75.29183518751475,1
23.028017340064,24.844547592972248,13.882607348322574,6.5355007928984366,12.95007257272852,6.7864789299815085,0.41981291107746,2987.551249244264,310.6760372446719,57.27332145692523,0
21.91338069385647,23.233501682510347,15.444791924244537,6.708919708071038,12.61861752182692,8.027251021980714,1.8728870467158636,3136.7128749892636,311.2632190520656,49.31721445398432,0
23.603074721490245,25.38511750944123,16.49374719888055,7.0723122872496695,12.680364578482745,6.412935957264977,0.8975303148745537,3309.8775047047798,325.61476583124977,50.58438484959283,0
23.45993028233046,25.283964680176528,13.858240473571856,7.3156902626386655,11.941905285436526,6.755033406894135,2.8944523746334667,2848.5807980739996,308.0010807728744,53.817613339524115,0
21.423294754217004,22.85274230222439,14.460095876697507,7.226582653206596,14.034715229995815,7.57630942971312,2.2605372067919784,3242.3851025545714,328.86475696511707,49.555839295775435,0
24.37862883508121,26.207701044812946,14.880470748742866,6.057406918650034,11.379887138862006,6.5276926475246855,2.879112536799484,2708.4878967580207,311.8755351457833,51.792738569396136,0
27.48536080039477,30.91018083411897,19.610738919634816,11.004761929753808,13.074237495045693,13.5282288641088,8.151728949189726,1912.525586876564,577.0234082503999,78.35598941779301,1
21.53004205757382,24.033490251251873,11.9586369494432,5.824198543558556,11.149316349653525,7.262377313723192,2.5896820846654443,3085.2488849442725,376.12246035371817,47.60816641706031,0
23.57620717903864,25.4556791828576,13.456328444959622,6.930383408741531,12.122291989290439,7.99955757611943,1.9618645042631788,3084.8691447096717,292.9389739054891,46.76528590205917,0
22.145518307833164,23.884998619740156,15.700219687200791,7.513664325797384,12.819140588861245,8.97626157967206,4.234767342659727,3267.3558630137254,310.8406788183384,51.680614514727864,0
22.015621844109603,23.656598737912915,14.555469729372279,7.1941458283180015,12.901794330947306,8.725655879300609,0.3651730954212058,3651.5705740956496,339.9642031687108,46.99921752495586,0
23.644802116191844,24.995784193694078,15.653556004641512,6.381297137342254,10.468788933398613,7.943039931992017,1.8256066640367363,3357.182637064909,313.38799128078443,47.54835777828697,0
21.860758992405707,23.597014099547344,13.235516847352665,7.102053727719522,13.676171254254605,7.556802571668181,2.3491927986382435,3524.795313157296,315.6172919958993,39.734227450762475,0
22.818434819279553,24.594504361867592,13.533792485965318,6.637571036750726,12.207522677436845,7.272703670928873,1.3887597428178893,3071.5009304179152,333.2924683497465,52.8340846603103,0
23.27793652061263,25.107086159818838,13.715950158527509,6.877015920841793,12.819580517207111,8.71385516769913,0.6578637111183281,3157.5052034472674,301.8251751845396,44.724312265338185,0
22.09826960147215,23.510219897320294,13.358538738574927,7.328050625834995,13.078652751725082,7.226341020694187,2.2464400241195572,3737.7910103564423,327.4193126771059,49.495793262277125,0
24.535747641948046,26.838607328693076,14.564866034320659,6.313850877632582,12.411340298668307,7.091530761094855,2.160600994181221,3448.6295290071193,365.9609224882082,51.48676271413777,0
22.424888246520574,24.94776690397573,14.200372679399798,7.022072585543628,12.984341467275403,6.602921131111339,2.5335713082432285,3115.814242488026,302.2660272589395,44.902866331122034,0
22.482657274946064,24.12771248912494,14.247934457672862,6.4382566887901,11.734988362997983,6.497028133884783,0.6657583728180192,3481.4825826585143,330.5830845378781,53.78155645344704,0
21.214929002326667,23.152444154946622,14.495236232629816,6.828932023713378,12.369699487039973,8.04029319943321,2.008310170008151,3091.678956593036,320.92535943740353,58.5105396705082,0
22.792424653790295,24.08902268952016,14.896644016822057,7.282384947151223,12.776084078082366,6.632983799607755,0.6730289381602668,3286.5086027277007,331.76883103869466,55.059527918748856,0
22.535707367394895,24.273603747864996,15.240537767602177,7.4827632312631325,12.888257114638748,5.559812084027379,1.9133694236741812,3211.1255205798093,339.6907339738739,46.40240243556986,0
25.673212016420443,27.428886992308808,14.408352458021984,7.433165133978144,12.442517306273016,8.44705734790836,0.6429170086195164,2890.6862542813433,305.7798645708673,43.09825823133031,0
22.180017204918702,23.40694868902284,14.291970999855645,6.650465457384972,12.143241326646875,8.49736691495447,0.8453975987543653,3203.2409853679396,319.9322918287913,55.292014540475876,0
21.152733574125243,22.71812106629967,15.100698223521066,6.845584073333219,12.604273084304044,8.044731429868191,2.6833599258596363,3411.5112522223517,317.61997211147343,41.8951997527318,0
28.009068141681364,30.527143025261665,18.381757816388063,9.9840860648751,12.477453795650215,12.841645035026202,8.08958668812032,1716.5186868244532,506.48580569005924,83.45202487306958,1
22.500633550627917,25.137912723511896,15.054574081326964,6.237939070569613,11.32746942139272,8.332523616205027,1.5006633915358982,3084.4710090500357,327.028581317289,53.343622526362395,0
24.335460383352736,25.765673988100914,15.503470688605871,7.643774027618397,12.745731730540854,6.836275471386035,1.670108826294168,2773.2843594517376,365.5241806316558,45.40094693424546,0
23.51952251642523,25.896975317812757,14.921518338932636,7.0249136068632545,13.393656798977043,9.217548020798631,3.5824611029837388,2983.316832334922,307.3848851128756,58.19648567603638,0
23.17669094406283,25.047790986570043,15.053294860097111,5.937969094565982,11.531845734331423,7.105549709122462,0.4618995631165465,3659.6886252280283,318.57300242010257,44.099880429507465,0
26.888361209666613,29.62543408356901,19.625789226209964,10.357395610141342,13.784404160499946,13.486330303356574,7.9577173814031905,1571.9552873272748,474.87290393773173,65.37382376524,1
26.12283409670533,28.71226745247566,17.809939881901688,11.200417505829472,13.917064030093458,15.805275451003087,7.54579630858718,1221.4123956048259,522.4235648274588,68.36933210468071,1
22.886037367435215,24.543368113763265,14.990232593266631,6.557160627712476,11.807261197358901,7.908471415252945,0.7983780334567874,3432.297390386928,296.7804157504146,46.131745440661376,0
24.434733909586374,26.681467419798356,14.573901433311939,6.51785507364049,12.05626592957011,7.845482035809221,0.323586594441581,3018.583099279245,322.3030320518243,45.93987562723086,0
20.290950922402025,22.489579126633803,14.040719459773122,6.500180002589398,12.297366418072283,7.179828126702919,0.3725621849457047,3724.0403190127377,355.5100230782464,46.92792259869394,0
22.128949107540166,24.15020877009185,14.833441259586492,7.615064982437205,13.710752352061514,7.417862618473666,2.5445415254938997,3542.1558556746277,308.20893553412105,51.44244922133123,0
21.72367586675331,24.035222192078667,14.572874885004731,6.375447574504888,11.366098746714561,7.154173974280532,1.3497023098430176,3117.982407408831,280.6812398577128,50.35766591020472,0
23.016049976629283,25.417417908000882,15.096120691427855,7.2511356999717265,12.194439083470789,8.914124452449693,1.063492465467086,2974.724178253911,293.4139533434561,44.660618865341704,0
27.955844825275925,31.696228054728525,17.57836979262122,11.053037728652392,13.345068158298421,14.093154847311204,4.994518610421673,1414.040157443761,524.508038331497,67.50741785245283,1
22.995517745130748,24.297230794552195,13.407982563658692,6.585182510736246,11.818581836282469,10.915545065418298,1.6533492869845057,3188.7036178937096,341.7013663556944,52.249544444156136,0
21.221863604309554,22.703640777133202,14.860396579022428,6.662678125316851,12.529433322360727,9.209311787243132,0.683448083691228,3482.8247625624367,327.33178438608576,45.62517491659915,0
26.296755592043034,29.579912271560886,20.132254574249913,10.553353313051051,13.86024440959261,15.498075282978046,6.374902418456719,1836.4653343744953,506.071633616613,70.05139458107854,1
28.089202202431316,30.59980872693832,20.207895970480486,9.920017161858631,12.51072197426898,12.046877385327749,6.238968455078213,1298.3938643990352,453.82898216036165,76.5838988070559,1
22.69974264985567,24.785586566110315,15.277645572591778,5.909687163546256,11.37959093341297,7.278562915839203,0.6832993124865485,3442.7720845955505,301.91406942092283,41.118505192171106,0
22.762980393196727,24.44972483449922,15.486979422668954,8.002418771126987,14.009200753664903,5.753776253658534,1.5122518180418831,3293.1918060691005,343.4840766017893,51.77024254293773,0
21.976336931368117,23.73094467301526,14.904446282572007,6.743420752771958,12.984550487845137,5.736286008677311,1.582150669674438,3092.205069912607,330.83659185483816,49.653331459253494,0
24.43845082736333,25.942702264379715,15.865863847647379,6.238060797437202,12.055858219496814,5.456229388197157,2.429234432689489,2930.708293460368,306.92290008263353,52.31657860192509,0
26.53170960174927,29.079271715586614,18.606753858498248,9.625449687488302,13.443717838601993,12.11850668688146,4.640939637251085,1783.225651691571,562.2245258539566,83.68382539493248,1
24.55273604709831,26.043708547595813,15.264642196089985,6.7143718475875325,13.435488160431387,8.234406657485629,0.6055559241784864,3088.7148718421645,298.9566482751475,43.149311286200536,0
22.952520472682625,24.907870764374692,14.154163856714137,6.840638583795534,12.33159846122599,8.102668223499538,3.7149371620869753,2955.8305761731613,294.7928483008918,45.25822946689163,0
22.368468235289004,24.25709162473869,14.848988563840845,6.522363455993414,12.06922081563214,6.3519010858993985,0.4944814970167788,3082.8805873170218,336.6848609514459,53.472727759790914,0
23.155541097604438,24.516092927533315,14.306855548220005,7.433330626599206,12.726920263681816,8.28021208473375,1.4174477805877679,3092.892891311106,315.9542684246411,47.465563250663884,0
25.427702887607126,28.009006542617755,15.05205894106929,6.784868471201507,12.685546036840252,7.928536756605133,0.6612256747214236,3460.4781510443695,324.50711932475593,53.7734687515429,0
27.16944691827019,30.111335247086494,18.401966912383056,10.359932219139829,13.407724683925316,13.416126884865037,5.865322086939865,1427.1895529896965,480.888199402734,65.61617348196212,1
23.442960190380997,25.634329035192213,14.030867880888982,7.394613230627892,12.720007034834833,5.73770503517253,1.4008452534638778,3611.5708458959944,294.63806272459243,48.36315654528124,0
24.066574568585196,25.816392864584035,14.56502273764496,7.334396160697146,12.942968487827539,7.031149234873238,0.6877869736098483,3584.711822617336,307.53839793647893,57.937904564211834,0
23.97320279096795,24.601423314967043,13.799326074803911,6.2996853137583795,11.237014217045381,5.347595580424219,0.5052946048571098,3084.9532377755304,318.2170527371295,58.052423676616016,0
20.528173426614998,22.103869063823055,14.96542541650269,6.644801598122015,13.58467114840132,6.696401333450796,1.9103982897573677,3437.8880195197717,342.6818421197927,48.180646007683436,0
23.281669501566956,24.71466837316125,14.090100607458645,5.74655544268696,11.435840699694714,7.835268650067933,0.5906463045737878,3153.100749977097,306.40496011346585,49.42000636919707,0
28.36314368093735,31.491600106511516,19.380311682093083,10.180278753025625,12.973059456957005,15.925273000059079,4.6023130984927665,2070.277995967641,460.4230519176363,79.47771680223131,1
21.272648921761913,23.057041114010897,13.080824307110296,6.997478985161654,12.205596551203689,8.24418949171054,1.348527243062295,3073.077005404153,335.0799018264671,44.6749122539268,0
23.160062518829463,25.30471696862864,15.44891637923384,6.771081693811203,11.78251365760318,5.62912610628401,1.5178982033199842,2767.1688552809214,358.7786770349505,45.01850492727333,0
25.58803176389983,27.875215424822056,13.526735356691432,7.159584333177718,13.226262911704346,4.8635702165332635,1.278080704971448,3053.8751960945124,253.19481538821628,41.98001192622521,0
20.546949074540205,22.751534288703546,14.141165730777711,6.811540329475211,11.93307745923315,7.519041583359292,1.0358583989967716,3118.395593462976,333.5564847812138,46.135481681288994,0
24.361382370627027,25.867712851115627,15.556331207827068,6.782451766607703,13.106373200680284,7.1619705519656,3.667096889354084,2543.328811000347,341.86886691774015,54.695444718155656,0
24.037972554004522,26.074549414705263,15.048232067768774,6.881667340338769,12.691436538955799,5.500940300403815,1.8602018420120143,3478.067073258777,356.2677481033606,52.899882884786294,0
21.965396974319074,23.017500294440904,16.848526321862224,5.9029282444007,10.766719798027578,5.969944866708365,1.957089293146925,3613.4088040074644,314.7459088110998,49.5247899815354,0
27.41778768626377,31.332120880348377,18.91384265220487,8.821221549146005,11.212583648629181,16.363291535361427,6.544419105358315,1528.5695284818307,481.87423579801873,65.82805718368539,1
22.38098896346474,23.939860701151158,14.050929602846235,7.474567552556715,13.187332618416368,7.705533037142172,4.51222128298448,3127.404252087301,287.380155659479,56.86181972632585,0
27.868492130482416,31.144974048757476,20.246613261429626,11.02698282178099,13.944363255884028,12.48263380570562,6.565620551494117,1612.418104548873,521.9008486817389,67.6273135531892,1
21.883359699195967,23.689607032775807,14.05052632051864,6.164225739553858,12.562102358676903,8.257202802955291,1.03020806804495,3335.9516634720294,317.7269799219051,51.097856780705385,0
21.704851489264986,23.081288454442344,14.96991335984481,6.561080074648104,12.219133025711384,5.854974693388008,0.8881206541485513,3564.359487342609,305.64838216079903,55.90159158493055,0
23.656904601946028,24.920053502551983,16.500720398347426,5.964119363335916,11.638372148850483,7.6774753359014944,1.8015273028381793,2936.6984009893345,291.97876830470943,43.189177140393895,0
24.411823951967275,26.19086217173629,16.321669198442642,6.793978223520034,12.915257226503364,9.595052419146445,0.7444160282269692,3098.5658745919372,305.344307642975,47.94396594714592,0
25.586505528236973,28.83346741078394,19.7193488993403,8.948808577422572,12.750118875259673,14.012576888849619,4.8610110467328695,2193.4359513615964,559.1589161613643,72.92083831849729,1
21.527697075582743,23.293269198466387,14.889047994680178,6.673687565598682,12.18570850117252,5.94381532223805,0.20230977392933933,3440.987812763678,323.50450077503984,43.77818757925106,0
23.16298794530058,25.558633188631894,14.278662582624683,6.640086861055622,11.816896826706113,7.391315863172668,0.2882269748549799,2900.13843551116,354.1464156332835,46.370581691395984,0
23.287864330360595,25.251325454952863,15.024323063880189,6.879047437933405,12.299120953235438,9.186235765927892,1.7314392662033837,3374.643870215505,334.1745065816775,44.40576740934313,0
21.942459243241927,22.864008114801948,14.251687206897948,6.875828636072509,12.330403361209441,4.493520595694174,2.0566365688363386,3405.8237485888326,359.5469023374747,43.591079024426946,0
22.203387140975284,24.91604787559082,14.582286862345867,6.422250558433025,12.130433589235526,6.753233441768816,2.172021850015025,3037.381500135196,290.92252037372367,46.71563358853303,0
21.225127766223743,23.668640108517494,14.587657264062287,6.447444739917019,12.339489641211856,7.540329486705803,6.677255530616332,3137.398001607998,342.936553839843,46.389204192391524,0
22.476434641287984,24.478670338022333,14.827550824513802,6.129755679316782,10.530748699030006,6.475679045212619,0.47819703315614226,3234.8537898366017,287.33192576970106,57.76141454688357,0
20.59931661181713,22.789441595208324,14.986988471299533,6.519034943071037,12.62122963585124,7.592334367974832,0.6128084694662519,3041.2993291331536,312.07732378485747,41.46379432397316,0
23.11941394453795,24.632996570027615,13.362216280395034,5.729284559840147,11.280795215942012,5.594234660890201,0.9189228474209696,3048.607586174142,336.9798035481045,49.48882895058494,0
21.687405946185464,23.119931341591027,14.878725932569973,6.795167789343326,12.559514441451633,8.410432181506602,0.22406161664723642,3380.1142237690174,324.06539058955667,53.309697920354,0
26.887755213117828,30.412180812822125,18.472954206704138,9.942947678750055,13.329461710429058,15.06049563504307,7.920376147011392,1564.5389351181873,526.0880349534406,71.07955818298946,1
22.587981560626083,25.03836512677091,13.950627725597364,6.938776256746766,12.473659551207856,6.923043458680983,1.0130457526281451,3372.0270061010674,354.3794764401811,51.22801408528958,0
22.832028959196023,25.07898848555701,13.900513848461777,6.251562460308007,12.34204273632703,7.9272682215274815,1.4930897631520916,3315.6369806994376,273.5892112515949,42.87483746548163,0
22.01030955237414,24.138447157419122,14.311431004114665,6.742001463839233,11.441520254681928,7.1954431565614305,1.9877916157159363,3376.764714600301,305.4755746481339,54.49148435603024,0
23.99729048720848,25.738480317836142,12.457160323155282,6.875703698036009,12.500628802374345,6.7233143894070215,3.3532737917098077,3191.6312974182733,328.8714135064444,45.93594755219107,0
24.75215497506968,25.8416564416831,13.480614304738564,6.878411508049097,13.561661615900965,6.014481671576622,0.4585284209845276,3111.2696615751915,342.56229138894616,47.345817971426584,0
22.292464728091893,23.973471847742353,16.010749551691404,7.598698646610812,14.260646487204166,7.524313758130664,0.4265096467573928,3829.9269114113436,353.64677645939094,47.919226014435246,0
23.30560809174056,25.406047873543486,15.266029730623814,6.627046359666586,12.728246420885487,6.823530356838529,2.088918780600162,3190.12086444211,328.11858300877736,47.607473098380396,0
23.682875994815834,25.29770019000573,15.72629868450905,6.600086632856737,11.56952193314336,6.697854829545495,3.422710001719224,3179.417362495699,344.7764856055641,42.33499210698285,0
21.190840283741764,22.51514729771091,15.27374249795116,6.195570567689639,11.835041381374488,7.74397474125365,4.73532280697207,3084.621716186273,321.56640362339493,51.15529560541477,0
23.069637879455943,24.656197756880275,16.01898798508419,7.191579943888505,13.579663840683647,9.28657762265929,0.30299190802034087,3247.5707274806055,351.6795532934721,45.61532709062737,0
22.55257376637493,24.45360130477358,14.762248858859298,6.770583572934239,12.517882782010826,5.705917315265264,1.8375279394327722,3096.498691215399,308.7401389796138,45.31750843308619,0
21.749324758188564,23.790623758417123,14.14652085820734,7.351860006861298,12.568343886611203,8.382929609858056,2.043682377465062,3109.6339177091345,327.24360067285085,45.81521980150585,0
20.41234346546628,22.681446203573255,13.901523148302683,7.1314205465108165,12.087506382070586,7.441124606396947,0.5555182647322432,2988.516589974258,326.5758795454476,46.407007988262336,0
23.602985008332002,25.48092194444006,14.74149870457681,6.487582690782759,11.08835190783816,6.693377367264487,1.5508501582522358,2853.3599853047504,302.93419944969696,48.348182687531846,0
22.112784193389437,23.372953708768826,16.662422051524068,6.643581763474239,12.24959445451858,6.280027609854083,0.5585729365627806,3020.4917294569314,270.4106080471338,51.77834936419312,0
23.065762028563196,25.203825217036925,13.911906559420329,5.6626894843969,11.430831051998396,8.658050241693383,2.989530937426383,3288.601641868585,374.1721008704078,52.98731428940676,0
22.20701203765122,24.566849895709538,14.371664494419722,6.858853709230479,12.49479957367818,6.778700864068196,1.369550667298876,3177.1525819874346,340.4999783979315,54.3270163500112,0
21.83562083358338,23.704356569500792,14.604552019571505,7.776553599136287,15.037577762511852,6.383972522890677,3.040218189804417,3248.4803692209834,298.9719658109902,46.69272945024615,0
26.7990319367712,30.50967137481521,17.731992502313084,9.33196630307834,12.37820423675745,16.10630674292598,5.184916774679546,1457.6964562023772,499.3940703246034,73.6182978535772,1
22.222878563749585,23.77972845947926,15.397489203835402,5.841325556994851,11.212346899746922,7.428712074122354,1.4425275899329817,3311.260674973547,342.32669567466934,50.501614778780734,0
27.300704309339714,30.633980448236183,20.661440080730692,10.33113178706516,13.144546729008743,13.87758899398245,4.737296759874445,1724.4272344530236,473.7246561295723,65.89682749995147,1
22.984476108403932,24.905156111964626,15.73891143601923,6.641660227032875,12.905534518409661,7.726549298716031,0.37444135960723157,3402.648743287148,329.45647455794807,41.17239355542099,0
25.764202999907543,27.668315202540697,15.165293428944324,6.717925293639113,12.183962340579127,7.396536752740979,0.9841997274297118,3402.4448181403563,317.609674414702,47.35197975598854,0
22.571062120817388,24.16578357501203,13.602775882059978,7.709885893656299,12.870506163814046,6.4409861402039565,0.39235139289029686,3534.5624076905187,292.8511816605366,45.887963113639316,0
23.54555675694869,25.02558055426792,14.369837038744727,7.202466695366162,12.149730888100606,6.811567801997309,2.7079779549164265,2873.6218906042573,361.8422674330335,38.775553530207866,0
23.9248632618777,25.664886974246055,13.423988412855465,8.488691459541323,13.884487169811582,5.225357883718145,1.5519396870004463,2731.047726788092,354.7443823830196,45.21915969874665,0
21.59785073988578,23.348359161375843,14.655466770670587,5.776281407114625,11.506724918750827,7.8168373948061305,0.6830441735187629,2878.9076479227065,329.66456472927325,46.26939493707482,0
23.26901143352041,24.315751350296978,15.0864434251728,6.273726404064945,12.098942221751628,8.121815459989941,2.2534175694629215,3044.4837912637613,308.62748329737167,55.321379359222355,0
23.61753614293944,25.562988895989427,14.73098240240787,7.708377814787552,12.910479060711841,6.38052335576644,0.8467825856187686,3597.7088334817427,341.39993225766364,57.129551661606804,0
23.33786797633631,24.75694142404079,13.818768016176545,6.952832784321298,13.046376537041585,7.217499524239594,0.23743246058752698,3212.170971225386,299.5067160890285,56.127105307293334,0
22.279219996376785,24.180116154947456,13.95309257417089,7.153795910987309,12.262163812688033,6.434751181416834,1.9925541060257108,3194.3306186281648,287.4841573812888,46.37889343084535,0
22.005747640653038,23.62508385018919,13.388561015831208,5.764311410330921,11.653831636223632,7.759388849389844,2.2173808702076196,2907.2080830496907,327.49490428932324,55.637389293659645,0
22.433077106810753,23.76441536788373,13.962790234415564,7.072291200396814,11.808526321917517,7.984328435476244,3.1790786767115797,3342.0880371356607,332.70921691804875,50.577179537006565,0
27.8735660063292,31.799718117749798,18.21492260736006,8.727945347190769,11.633428976870237,12.445846218050823,8.207163382621621,1831.158078376251,575.9653125952577,66.78453998027926,1
21.93368176105268,23.12123876003039,14.785002230964867,7.174641278439726,12.803020524316963,8.146365815358394,2.9238558224809648,2866.169365311124,322.0759549953326,50.93510053846969,0
26.31941962681515,29.491989986670067,20.494728184682426,11.221024363781861,13.813138186644904,14.056992021883426,7.126190707644297,2021.2038510011494,539.6550153298703,81.60058004412514,1
28.496449035765725,31.993871885447682,20.055989825738806,9.74811098983267,12.565894659243453,16.0349167355477,8.459530455077333,1891.0573641234218,554.1982017851526,77.89186326022,1
21.505803570263705,22.672932864925254,13.845686526289196,6.663786549534564,12.739744047107582,8.190852644969613,2.2048881569708825,2951.0007232596527,275.9604393186338,47.925220604335934,0
24.339286695603093,26.173561560164437,15.035072104436974,6.916047318964268,12.454843550887912,6.5516342473644205,1.616394802971393,2940.3751655964434,331.9469734024013,45.066131909132366,0
23.214188430524295,26.20829203156566,14.914395821113162,6.484576798526406,11.231236097622281,7.959770978283501,0.8491860372818526,3478.0817060975655,325.6645982256827,56.1645468703094,0
20.10215917856147,21.52395642658438,13.978659902274867,6.095540448654738,11.533378228049973,6.537913122974125,1.9095521848628636,3117.2369578124108,312.6777292449251,48.38248665287514,0
21.724842985050557,23.037929908162365,13.746351853140604,6.529811830506473,12.848832972130548,6.796610564566364,1.4872439108368827,3447.487713600027,287.6892709349972,56.21551788924147,0
24.316139691890555,27.41337687972845,15.138280561105711,6.292917890936516,12.626544966635674,7.734321862201006,2.6557318648727675,2950.0132433016543,330.7519412091871,45.43470130969846,0
26.651418429298438,29.789030426442967,17.8538445132147,9.051915282231501,12.776494431421758,13.429475528382739,5.87798006745249,1761.16744374642,476.74740315953767,71.3345408741265,1
20.810985966338613,22.598562393190253,14.660676074492567,7.5182147597794335,11.842114667099874,4.932324576676526,3.455327992565788,3012.931336305576,301.31439385023907,43.99839773901341,0
25.455890534982345,27.454987770618903,13.751522960990059,6.942377296692784,12.711599022970116,6.778943758119485,0.5154806414644134,2947.8672979368384,322.5434301459982,51.502080497756346,0
22.20124302182511,24.034773672996856,13.82346151640471,6.521610613578317,12.684984920519227,6.944944642711631,1.087493824816019,2939.6421825338643,369.5628265924469,45.99579541918605,0
24.449614150163473,25.46221246478825,13.231499434584325,6.020282110436887,11.170268501497457,8.0747576741829,1.0433057217438577,3124.3347390811127,308.98020759970217,44.65045428416896,0
23.656051355093187,25.20434599761607,15.133487448310454,5.738003590937182,11.738242874574194,9.695890772825399,1.643714726614646,3305.5035898526735,323.1563968178483,40.92259043340344,0
22.948867883817087,24.524624829078164,15.40259182661507,7.070660647004139,12.013157149201763,8.141652904253064,1.6211209031246587,3322.944972400173,330.62256329465964,52.7959821703917,0
22.33249244621379,23.72219137275768,13.39438594504605,7.2972791178708105,12.872384455124383,8.4235216948809,1.746236783690862,3201.1096306524537,339.9609681495638,51.64329749086157,0
20.564740954572418,22.347350174646873,15.11743694178853,7.078568809201741,13.2072041444362,5.372260911904209,2.1940373874409267,2894.7623572502825,326.0564539155072,48.1294773621804,0
23.204228512560324,25.001990105028703,15.444102538993222,6.550430524264817,11.479316433737837,8.366880078986544,0.5959441156310906,3380.290455521039,304.13011294739397,54.99889789758761,0
22.625041324742252,25.005412344053937,14.22474883463662,6.6547792589944255,12.761943237219683,4.960507172884746,1.0988539020073396,3508.2296466693706,345.0200760845638,55.130811074220986,0
22.873089078717605,24.03869575382242,15.383146837361526,6.133775826052717,12.128954997727021,5.724614300039589,2.4983496784328922,3315.1972120653504,275.55061163244125,51.915951926886635,0
20.80984644436373,22.741649938592932,14.562494188188813,6.96949675690471,11.954646306858876,8.904800466961174,3.614190583156804,2930.209545773877,300.1844292407204,45.94427992624768,0
24.606409010931845,26.72203168588205,14.352916885472633,5.987253864900083,11.47409696741159,7.870946526065175,2.2474061142303623,3256.2041841728687,327.2651174315448,44.07201996112771,0
20.801555109539503,23.02233415662867,13.73297723505058,7.395545341573095,12.925602533701099,7.607954571718127,0.8912831999932641,3116.4867294857886,293.12526082173986,46.53335047699059,0
20.430098600984362,22.042081741880562,14.660367705130984,7.183739672277065,12.971459063171611,8.23578091490664,1.1713729068839267,2943.514165075143,300.32930923162405,49.14087477661641,0
26.39024349931956,29.556695803282164,20.292222869817213,9.783946167405427,12.11065919083268,15.089512187874632,5.195337899912189,1487.158495433571,466.27936715641687,83.20543111864545,1
24.76150356712153,26.760253003324568,15.037911470089107,7.239507077278503,12.922688094396774,6.021685656344116,1.6374203914517425,3229.5123666724435,325.55108870365177,50.2562175582651,0
19.024493546167573,20.449323315553013,14.92656585431945,6.243352582942684,12.065307950745318,6.189521895624664,2.327944883263722,3636.475908046405,325.0630220683484,52.8172676080062,0
22.70503852575353,24.54173951953288,15.051331565659469,7.037316742783396,12.083905945346245,8.777272915015898,1.376472563575673,3142.15601062749,308.5642290622901,44.23777765945566,0
23.82663111954958,25.705083703159143,13.90324629881952,6.7139793203672635,11.696212737713623,8.240047035125334,0.4882742628327333,3463.267429398728,312.08230169185214,49.78480033881705,0
21.396738490096293,22.758530734558068,13.369819392879554,6.27233792070377,11.447245059786315,7.157912589289428,1.6104167655748804,3241.2748878733064,302.7092893644172,50.58207113945337,0
20.811043470748135,22.38513386907976,13.631098960654873,7.249058662061174,12.561077774371938,8.678713032758056,0.3826706636860495,3198.667356668469,284.693534314555,54.91963454603112,0
20.052921386687878,22.03819530479491,13.550930858312116,6.534061124855335,12.52614851402638,7.5824408964695,0.7651196527122792,3885.7782181159364,299.3894177834163,50.43166509393581,0
20.19747454164115,21.869207491418273,13.550405289355405,7.3362708997863795,12.408484694455634,6.263221035794621,1.1113078776375038,2920.603489344169,342.6037398712896,45.24035576161874,0
28.30636846681793,31.114323900836144,18.32270800514673,9.219243941045947,12.097293142421691,12.137759759536856,6.3223553689710785,1565.7736889634446,562.5171402500816,84.89968961366397,1
25.63928136721818,28.390912301016485,19.464381868788365,11.228012721372423,13.728860497076903,12.794855336534603,8.304381176950898,1798.0649334297752,509.77987760309185,84.23371990444512,1
22.558225953533793,24.217660259248298,14.714274910293067,5.616261173313361,11.348374761836439,8.503507681941318,0.15585125661099594,2958.60624844754,325.66643399122484,53.41708615619446,0
21.814585212260646,23.465657591085478,12.985790257927958,7.297149413343812,12.828036416077925,7.089234539901105,0.5674604076606599,3405.5391081642906,332.2038566134706,47.67765683611217,0
23.878518840446525,25.31667309044902,15.372146776816358,6.463547333995299,12.382028284198936,6.535567125977752,0.8586339384246687,3527.9005074309807,331.2649582819783,56.2886923375183,0
22.162679648536855,23.21067563497375,15.142523794091218,6.469582882094927,12.81660748702888,5.900687106627553,0.41498385817449085,3063.8441526654256,339.2620109171876,51.61023602162847,0
22.453789836599153,24.677281248552703,14.06719450737368,6.8038639465878425,11.653050237244269,8.090848183357963,1.0212477364814365,3427.623032985924,326.3099551663012,42.880098330895166,0
23.527678553188167,24.955874209111204,14.656992752533377,6.573054291923436,12.708158639680324,6.891877891474993,2.719002730862348,3172.1202758735517,324.29802122268615,53.4412047541267,0
25.128546750971974,27.19604341320898,15.41543445484795,7.3985840136239265,13.384297310001696,8.189517514412138,1.6196081701023013,3264.0811632422133,279.67174952713276,48.93977843816504,0
22.1306661180564,23.465952580491454,14.28207198671705,7.672430703311747,12.644277653247602,7.4790519097279065,1.4300626719910547,3049.8882586028312,323.37639261959225,49.27633800540732,0
24.34012044155559,25.97837564447958,14.582830523159341,6.9126283409918,12.62972556927689,9.885016362002188,1.5500345629537948,2996.6600158877773,326.44324353027633,51.53776458864224,0
23.003438932688432,24.74334173716913,14.80462245709204,7.368095687321271,13.203026392477327,6.753946296790503,1.4861228859223639,2762.8217406453196,279.4976415201236,51.23364105643137,0
20.681770725361737,22.58594763069516,13.504365999932222,6.113960406365193,11.113354679675503,5.921018516739462,0.6209547948285263,3105.8061325655362,347.8782562958204,46.97709956172927,0
22.116182972094187,23.47933449195476,16.214405643667927,6.405976188383496,13.104422483282253,6.555454154414807,3.9227886462760546,3413.549912153204,344.16762453491503,43.591650416735064,0
20.91545206429887,22.37034175868162,14.454087437598766,7.059109475222706,12.770005695395698,7.576695967094592,1.5544878840612641,3220.010317303815,309.6359034187827,44.8726507780087,0
21.897534930776867,23.874735782955817,14.101630522545726,6.2621316757791945,11.775982722551912,7.487302995407592,1.272039621097957,3400.2821459779884,291.3772935590256,46.46689122021851,0
21.833760567968163,23.598066906279584,14.068991330123124,7.430424759999655,12.263962797692448,6.659056726078177,0.6497534869073398,3630.6569151761373,290.1775951590804,48.48155905161581,0
21.551430653465626,23.239877295805325,14.453673800098473,7.353355212143659,13.128644517414937,6.854111830672608,0.5822684489542519,3202.67332794912,314.21126265136763,47.67123303461269,0
23.059630049335603,24.948938383703705,15.531090740165041,7.189914320377524,13.074759583281459,10.544755649575386,2.1360680573088295,3090.691014460406,345.1778607245409,53.863114929840165,0
23.008873253356906,24.8407938469804,15.059052536224382,6.307683156491022,11.75192512340546,7.21281687845377,0.6461340060070826,3189.5981261574016,321.70417750966465,52.93557198535492,0
21.147879037308233,23.490512391639427,15.18558042958623,6.380911758834234,11.44461182645078,5.865985323637714,1.1474515006432706,3242.6415066925315,332.8976557578507,46.249531712558465,0
23.109589592295052,25.17556045721575,14.101861981256768,5.972387643905283,10.743326130764661,5.640596267049854,2.2185714944184807,3530.940134503067,343.018864131431,56.18898251905805,0
20.14839585134427,21.56682008358561,14.281964222910553,6.143918399402241,10.934128597270156,7.676270220847999,1.1422949146623258,3411.587856551505,321.4343888451745,48.600804620785304,0
19.937190943225566,21.947805616694488,16.21665994006119,6.623773134181129,12.136752919264076,6.519112316867549,1.942693830264969,3465.6430014333405,306.51838221931587,43.160641115272846,0
22.58891373650373,24.817530997397686,14.574383397223528,7.411968172118945,12.224487790049814,5.870866132774734,0.3446470796942659,3571.539809254633,333.8716810053622,52.82627528128994,0
22.03002171909385,24.485365612002226,14.409066648734852,6.118978314572621,11.805035676795015,7.631248954255357,0.5062785017241203,3238.356845096347,296.5234187515075,44.11178665062744,0
22.17465167874892,23.965740087075435,16.143054952069278,6.419029380932458,12.09252393615713,5.603658862114071,3.1494631463771032,3306.6419779459193,315.15559199460756,55.17413056927928,0
21.9313927835149,24.18721499792509,15.659056086670173,7.085570621019037,13.412427123198494,7.332847512106498,4.609586914249362,3507.0288234452323,337.8391537894757,50.80055445319799,0
27.356676693415427,31.080641691829907,20.21914879557854,8.853370886576238,12.13237469020367,12.849145485578996,5.201794758314659,2060.3430611601266,484.08894396334654,77.52353085384934,1
20.694335551162798,23.75515824496763,13.116653688397264,6.846313793974462,12.154013484156975,7.639757909378536,1.810350494309779,3582.54301380513,332.494793262424,56.67850697477357,0
23.926819837329063,25.413318428879293,13.313612454414066,7.310812382199974,13.82186560059128,7.681109941597636,3.017019475985369,2628.7288763326624,310.8839486470717,53.93477282047349,0
23.707551371057328,26.129215539343235,15.286146514215954,6.536002989117193,12.155667171650663,7.888525305570193,0.7986368116267244,3346.6132825834025,303.38536280128517,50.763911835501176,0
24.791299968564157,27.027692138638542,13.685788552738437,6.73629656380502,12.844400531086519,7.662340799233725,1.9773206740272755,3001.2062468965414,311.458367909506,48.78048525699579,0
21.518161339893233,22.951632972263866,14.37842609414717,6.559712793398763,13.292287865774366,6.365689684776049,0.9663289985924636,3004.1279679135314,296.3347522447113,46.83501483851854,0
23.670237155738917,25.68528911691887,14.550919249197214,6.611788722705902,12.424374351617217,9.369837894891626,0.2900732459636224,3104.8828659706664,319.79419088576225,49.93902216703053,0
24.373813436072222,25.806562642705593,16.05379647580504,6.623956126273059,11.574043058273428,5.652508400934641,1.4400367802783447,3180.6776249626546,290.232264201371,52.911564427622416,0
19.356305875092307,20.721407499547187,15.176642298050343,7.268028083968008,13.146008990108545,6.4791397244791264,3.113956344668889,3221.6736428713834,331.1410876122525,56.595505137229935,0
21.792762291666946,23.395513162707037,15.261044995439587,6.177756775055567,11.083823644815165,8.494929666158606,1.7610677968788104,3412.380496748531,344.9239370380655,49.89606408054549,0
24.626701916003693,26.635213878009218,15.117121435923014,6.432919066939493,10.831895465904172,6.403014504062327,1.4852977262567326,2788.4396627234373,342.56782870712425,52.59565323474715,0
23.149755273845745,25.088439264887715,15.61277788640112,6.664814300432104,11.990619200136965,4.594073257260623,0.6855590571573302,3190.56455094785,277.78519498431484,52.65317581872255,0
20.6321017216083,22.90018120528694,14.353359432379042,6.692731167741018,13.430405133493625,7.187967042843906,2.219223192658301,3089.57747389288,275.048041001428,43.27383773950085,0
24.20729776331993,25.558800267282173,14.924546498408038,6.992483208023817,12.165691261695876,6.108075083003261,2.0184694054215337,3170.9456841871533,295.5631166711821,47.520003723323434,0
24.413406075869965,26.484978591893675,14.106434476104413,7.164909681133815,12.646065503044198,6.857670881908951,1.948234839866724,2999.164506177381,314.90803413569114,46.80968495341935,0
20.69622845625827,22.029116635751098,13.849741127730749,6.478408328986484,12.12615605692042,3.9365716243851963,4.525229483447013,3148.0219224834714,349.6477063857466,48.38371523475696,0
20.725773611559088,23.172658641546537,12.950597837998028,6.310846025088751,12.171972942062514,7.195310768591736,1.417670936286739,2920.5264153199482,343.7560412929274,44.543982107923874,0
22.037623683765887,24.11479113297853,14.701053318590482,5.986344136026342,10.576104595457913,6.121572923368178,0.3171862511094271,2973.665958121287,295.472818417633,48.759514751840946,0
22.786042779281743,24.951432272088706,14.323909014996136,6.966188416759804,12.835236366447269,7.183561512636818,1.3449008957729092,3217.6742554162097,332.25643611071297,52.636773733761814,0
20.669212422515887,22.979368717715495,12.687158324680574,7.0201769969389565,12.268160243681834,7.188387921631062,1.4751177530903368,2946.5515647575694,313.5777504018778,42.95321571581739,0
23.860524116240477,25.375734825336906,14.158556644051794,5.93887153302124,12.742716715649003,7.465183686683625,1.4898726344738935,3069.467453443563,334.51054850240604,49.96520058543821,0
24.47396125620154,25.870539382571057,14.013595085650142,7.16594903461719,12.375083504698981,6.689158040449098,2.1517283222958903,2950.5609302232665,337.9715854885175,45.716936782249945,0
21.660329390408897,23.69922067771025,13.950388720240403,6.44434838652526,12.410990929591602,6.564923782720833,3.165680362824034,3063.899745105272,333.8002077578945,56.26137738765308,0
22.58406259573582,24.14527288104739,14.486745272141984,8.091786830083283,13.733237945717846,8.512566502655575,1.942743011908174,3024.0657608187594,295.56827845942485,60.36832087716878,0
23.309783390599925,25.1725725749873,13.826053895898939,8.19610443395498,14.020541686833607,6.126913770823905,1.1870534342514887,2959.997369453043,342.534417910723,49.394792539662305,0
22.03475812807682,23.963395412612517,13.845115978671938,6.3697172980930565,12.734280653333677,5.958029135984468,2.14815978862102,3306.137149929917,333.50935327327596,43.35962483622644,0
20.8681726308241,22.15091601332064,14.396772707896172,6.902727843518151,13.437471102909164,7.797582661471701,1.965009193814585,3116.950570964517,314.3338844108423,31.72456742447947,0
21.752231368290282,23.003561889398096,13.727373893708833,6.570987408492721,12.845043780750178,7.715384382595637,0.656106946040266,3432.1918837689436,334.3726510228759,58.800218825674285,0
22.25025977127295,23.77470555424279,14.788353341034219,7.055300345205157,12.638518696512968,7.594129796426045,0.5773159958637306,3257.545201557305,320.61564971391994,50.4361494620971,0
21.281886969806557,23.92106270545953,15.06578509904342,6.572414108023118,12.07027983284041,6.3026335023145705,0.9286939710467762,2679.664652839322,302.6680969019211,54.243304760861115,0
23.8520461641931,25.77094387354515,15.275015916545083,7.500750173276079,13.649670852134788,7.370113397560288,1.1217306481207063,3712.5991627778776,312.96892734158325,50.42834169177088,0
25.857935740550904,29.53535956887069,20.05487603497159,9.528160389333937,12.973417390812726,12.124915811493143,6.996067166342799,1207.278663975058,510.3370544136953,79.13161609434208,1
23.891195764037096,24.838969172114215,13.935381213523709,6.479136428173935,12.052109957367382,9.138720481356573,1.2075892578341376,2954.4768982999462,315.95777229937346,48.867044407363856,0
26.377764486720846,29.205193321376957,20.236827580990752,10.47799296011481,13.582750976643744,12.534529895959695,5.4652689352464545,1436.4964795679437,539.9617407739586,76.06724511191045,1
24.826714798869943,27.027367528953366,15.090589784652929,7.313739671676346,12.75737467227597,8.419541861951297,1.164246598959787,2865.9170276961386,319.8693350634295,49.57030263751585,0
22.643496442096986,23.567527760105563,13.714939250786028,6.409928059306114,12.179806552697828,7.772873736262028,1.196031322852568,3392.88063271903,346.5101052769663,49.27151300139223,0
23.486283005250268,24.851952953696195,14.911250041939821,7.188468351465758,12.588639778880445,7.414464476589835,0.6785712763189966,3385.7488527347878,335.53140235508823,50.77787556379278,0
21.764653571418737,22.95886544774643,15.452868683818782,7.855648167049792,13.100522527243935,7.009905312917253,0.30003927097896593,3539.9348137592547,320.10526302189464,49.31690654261214,0
23.717244078021757,25.360255635597408,13.972768580089085,7.405337276271099,12.824389391596435,7.348281565619224,0.8747210060326683,2972.8369295211355,321.03972668896085,42.8399018438956,0
23.63703175454743,25.559824183621924,14.551604778290057,6.306528631749221,11.722052091740135,5.935902437561542,1.3614247181485624,3569.423218258038,315.0857741445827,49.456891010552454,0
27.890678894118,30.498228518252652,20.16176898301672,10.225943069515917,13.840742128114258,13.109912563506725,6.013166209717085,1531.4817404008616,499.05609993182674,67.21291696186694,1
20.934636599394175,22.29878338445722,15.433096436535402,7.198987627290952,12.619171529731219,5.676103429711056,0.41733169421273825,3382.18539661644,364.1390294406815,52.00641208088602,0
22.577136022914555,24.60595899960021,13.966248732177995,6.052229231750898,11.390320313791571,10.186298633434955,0.6546464560505845,3062.786535091937,342.45865312688824,52.22739587343763,0
20.129440120375353,21.459888134611763,13.528155091289085,7.1003665075727955,12.624046877183329,7.501915169200221,0.8592915770311994,3169.8704064052017,333.9275611734035,37.872585507236565,0
21.156459080053185,22.030001534865633,14.822619650429738,6.940605841292032,13.17986067545058,7.222551902304436,0.9952243112025247,2899.108275942792,293.62035138422067,49.88098145952134,0
21.919336999134813,23.509557744629753,12.919229360086703,7.547515154867918,13.148597258681766,6.39980068280457,2.124309793489454,2856.400187881468,291.6451394221183,49.581450714304886,0
21.683970334105812,23.757398063386002,15.198259480804508,6.667727050647639,11.704646787202988,5.853880668678104,0.2864179711146377,3059.860663726408,303.34206958638435,53.972723991066566,0
20.859745561901494,22.215113462096074,14.48568401839332,7.2879116686442815,11.848414911663884,6.477618560245887,0.6086827989862965,2907.3712674677727,341.94774494382506,43.18267491907269,0
21.2980559881261,22.48403988911316,13.371154535147134,7.523472073193489,12.768981064338632,7.696482302651096,1.9195805036739988,3074.5264712505823,261.81001917674126,54.7513964174414,0
23.173103337529486,24.920235595271738,14.222582738586631,5.910062445895916,11.82279192060915,5.82647023276111,1.5428187684259065,3235.1064668612084,309.39808516582553,58.708303319861436,0
21.71779667063741,24.312621115317185,14.13218830733562,6.604795630859765,12.510503769217575,8.26847871299563,0.6222537101860158,2980.2159767230787,275.37435402325747,53.459209020044284,0
21.048366308590673,22.115693409708264,14.608687539265325,6.956861591448454,12.656545959295451,6.797641180167793,0.6300806675321726,3315.8612345290157,256.26151638158296,51.99434062065572,0
22.271181119083984,23.598431468915663,14.608450733131768,6.966359664792594,12.69736291505789,7.740913604831842,1.3052321329258882,3169.307143578297,324.3730866860491,54.83667182339084,0
23.01263323424602,24.96995605424815,15.305285232826103,6.966186166611992,11.64970935294077,5.967906354221912,2.321446715384629,3271.221474928829,334.76130751961813,54.13064316911476,0
25.083818949013867,27.932136185425858,12.643747521415662,7.474589524444353,13.737587845527,5.979429695306666,2.288554035297112,3211.7761744398285,358.83987026124566,49.99387480845873,0
22.820870776886284,24.547610588464966,14.416025833949101,6.129937552172607,11.489865755391929,6.343554248507117,1.4475818786121732,2697.127168634545,314.65924228786537,49.539129599733485,0
21.775217775941016,23.49342928754657,14.847602116873045,6.43113164765758,11.832012730564392,6.157716184930677,3.3156190902366194,3282.1917128602645,378.4999080483112,54.536714730305086,0
22.979067747126336,24.35072677965256,14.585645962393837,7.2826633335805635,12.609457879693377,7.063268967233651,2.979897791480788,3359.8570105481376,294.3484542276902,57.36939645253373,0
20.94638222913491,22.395052998263015,14.734830023974913,6.28515188018347,12.078102604407123,7.581396417866146,2.0405937709464115,3107.300891550118,332.9033741521986,43.33283927275215,0
21.506891735221537,23.37931683232997,14.847952830694318,7.1411693910298295,13.828102854946177,5.432736991106194,0.8117699140453818,3032.962702120816,293.0334807242362,51.26182962091537,0
22.189149425015156,23.738055862581355,13.930830244733036,6.683051099773203,12.436637387624465,8.559537522450913,2.188058216069938,3062.613852297489,335.84289751812986,50.337040425304096,0
26.877049667343805,29.499577385723715,18.501855400742556,8.77823598213618,11.269019902004196,15.311565438923754,8.365501391977599,2154.0675511821482,558.0320023969502,72.82221946399788,1
23.538906233004145,25.61478935510222,15.611219490370209,6.374557955480551,10.879163158081786,7.450058497505509,1.0526593563038282,3613.658687100522,368.67054905865285,52.69547052127551,0
28.281322382236763,31.069019180970827,20.970857423368074,9.51632903502859,12.676130616883585,12.843284008530311,5.8940817773692835,1609.1969681929486,528.8339411572802,73.84637712724751,1
22.69268877725984,24.62502929910607,14.770685953548767,5.813955486678091,11.3067469541133,6.778240263834175,2.4335949027301242,2775.8854613883823,370.96604812620666,47.303852316052165,0
23.246171954660635,25.410717043530525,14.939746549032208,7.035241498064553,12.87826272957798,8.633221264140392,1.1604086457011613,2895.582155598379,338.6598718380551,44.96412632146175,0
21.811605591743717,23.399119873900677,14.255848923615398,7.791816826218009,13.620563619315268,6.229999651116039,0.6287108202714711,3265.3943710163517,340.43714451640477,47.5273645777386,0
23.239122728333115,25.12528133051563,15.863281662447294,6.310872530969761,12.146346142052073,6.683956212259791,1.3664297371522682,3221.222060381667,305.4733174984994,52.38386276501302,0
23.62508416515187,24.97466258078745,14.645591906098238,6.41561679498074,12.3204241696135,6.823010445434042,2.1481992742321654,3799.2559795502966,268.8594277263599,49.114852720425915,0
21.033446629329667,21.734444692239574,15.265036001673076,7.424855210092159,12.12959399980494,8.501190538326277,1.1671092742342368,3470.3951820911957,322.13261287618633,47.439475508257175,0
22.39136006123501,24.154622155501027,13.675179779882153,7.184567889655017,13.364251686171645,7.300399087984331,1.610746554101297,3039.1878921968582,293.1723146475331,48.45842815395076,0
20.80523555839765,22.506425278099254,12.725321791959136,6.687368678754323,12.447853912093159,8.638760611804278,3.1958785701267347,3405.714805695838,286.39148819637774,51.74099414232224,0
20.8124190435938,23.15744418467878,15.271324707337582,6.850894166853664,11.79771326101824,8.454985574865303,0.7392793375153732,2980.032398822477,349.50794597944065,40.507367948887136,0
20.054250557786574,21.84080553190509,13.748429406411214,7.748943646329352,13.155098200723138,7.403245515273927,2.232218429219403,2974.199097776137,320.8120513688311,51.73266573409622,0
22.720031903734988,24.000345358356657,15.182561236041243,6.609772047916824,12.937026479510465,7.363636806669266,0.34791014504220996,3592.3102953211774,295.7680005065301,49.99588405568049,0
22.95889169542086,24.848578257137177,15.023544821684498,7.194102070398593,12.832323486258055,6.620970048378254,2.091845306628661,2764.627085846476,287.55714938462404,55.10825417528839,0
22.627716273230277,24.304592884774724,14.336098668908226,6.4716879646001475,11.321949017445744,6.370921590652079,0.4032603569752502,2998.965577959828,284.75801763350876,47.70332437973717,0
21.622883952069696,24.07562671170534,15.05913574806463,7.437220113924451,12.076511394637507,6.252583087375509,0.7128614185921316,3041.667519617441,355.0267338906793,46.73868408128123,0
24.51172477473034,26.013093436114243,14.435163228222605,6.67663778794278,12.246691648118082,6.921604474884478,2.178221282729241,3186.151618629416,333.89328297757504,49.4029116505392,0
27.123277788785664,28.463972473284617,13.828885860779412,6.147591554783525,12.436446074621983,9.044963552271902,0.40716629385830344,3017.5855294264697,321.1051543720113,48.07888692584131,0
23.002822811239255,24.652302521269256,14.464510835590751,6.3570146330511115,10.947833362659864,8.4939784617886,1.17885247775341,3499.0652470767186,334.2445837633601,48.872566646989405,0
22.30784064532003,23.317645536833176,13.96096791547242,7.587073393016205,13.138357482534921,9.050912353414628,1.7940064216997578,3330.1401989609676,350.2319884722248,46.19290516061289,0
22.887262272405707,24.81839074154294,13.967662161496431,8.133452611160005,14.572159195378903,6.4511468770423015,0.596247390109011,3210.910909219897,298.0811942132192,53.89466090260255,0
23.809572144713123,25.573012321709477,16.497932101135884,7.563406331788633,12.898865018622118,4.976897447036132,2.818236604587895,3217.1904377111955,301.25560312420475,51.065401979857775,0
22.750636314005707,24.55634554114028,15.438753821305955,6.991216657846268,12.26363950157731,7.074792750461776,2.8675367687584563,3510.234796846202,328.1909809180355,46.8741710585548,0
24.7159643952572,26.68886957551086,14.23640855982561,7.32908504691205,13.272567893979891,9.419553394492572,1.5577612125661329,3905.5000624595996,297.5200975987995,44.48470367934493,0
25.074178953328065,26.66131152807719,14.37687581842025,6.917129632228383,13.59384454126371,7.339891311113714,0.765278756467314,3232.7780490446085,313.03838215704036,59.06445109970463,0
23.91515662087659,25.89806878272269,15.002085038049465,7.445230370688175,12.505134233963977,6.867415477035075,1.8126254309114054,3215.795917201939,327.0594437799879,45.950415716054096,0
22.12894514897854,23.76064043150612,13.433497316177755,7.568078386427472,13.247636989643134,6.45632221317703,0.8925709421693349,3097.8751204609484,336.81131938465387,51.79454990706343,0
21.57254679861167,24.097909878017838,15.22523532568797,5.6721043344526265,11.506071694082689,7.777271833051454,2.210772455241423,3128.558820990911,329.6381781710445,47.387488290585914,0
23.109402907547548,25.267261782577098,14.287809967623838,7.288923782327165,13.20166177671389,7.012810215459138,3.5127202604871317,2928.472578418594,267.0174658077948,48.02700266630443,0
26.987377269897117,29.9728337724058,18.78923325120931,8.976572607955335,11.346345601839392,14.237413512028343,4.907277669947124,2167.82623484358,549.8609851949891,75.96095005677087,1
23.121190824562948,25.050813635851572,15.226369850901639,6.574348567828167,13.019520263895718,8.160372672965309,0.26460483196123613,3426.9651594261227,309.5171742253881,43.165304207089456,0
23.08380197259144,25.53546851855182,14.01692936200545,7.444601525703437,12.080016739389517,6.745217317385839,2.0359081871102864,3404.5438813678684,305.21564441520155,51.07016918905516,0
22.433342761324056,24.39251358130278,13.977056687490064,6.408704318725933,11.281110039151944,7.220054096850829,1.1272227525475678,3922.6607475997844,299.05645814127854,59.51214940235599,0
21.08008978480107,22.998720002857375,15.195018000472617,6.117947003090821,11.686293938290362,6.904454334722548,1.8247241711789213,3355.2493914681836,363.24468468640606,42.6864133228635,0
21.47269940890936,23.34527005695495,16.413687708219193,5.787480043161914,11.872495772961338,6.13547242649819,1.9343361114937065,3157.272486631314,294.1742788741264,52.946509029720865,0
23.21172150956206,25.215028965431898,14.407912244861409,6.861121502273533,11.905423544183607,6.646520129049008,2.590072306317702,3294.4046016050233,247.64537356071042,45.12582211735702,0
22.309764512367636,24.13042890310807,14.244922915604215,6.569846618712818,12.470500624298081,5.344435353489642,1.807799339652428,3381.5318803375935,301.995974510704,39.10109404017874,0
27.653913320223086,30.817362232167426,20.039565848176615,9.629989417007698,11.822915725297399,15.978620834797416,7.551635671051613,1651.2316986078035,540.6921937083833,84.55876625091916,1
22.007022854454497,24.228617162927648,14.895181905764517,6.517031434553797,11.756533651096248,5.956427498363743,0.9474463064845632,3296.1876334417007,331.22418888925534,51.40605264977939,0
22.08161743871057,23.536936210608065,16.06786980379574,7.0663916046613116,12.693968166290672,8.584774826317105,2.0985787432878293,2612.9829007247936,332.99093670671476,52.77585884489331,0
21.129973063039795,22.355609253492386,14.904588345978238,6.318301829400715,11.97771049909307,6.34155493347851,2.393633591725796,3052.2385698182898,350.69969523964005,51.681692808327654,0
28.184531737383903,31.06365939607571,19.514597714035745,11.278609049687557,14.277582596669003,13.881922237268029,7.341181885861534,1281.4825618463683,492.06589572069987,80.67630489260475,1
22.88899962298613,24.597079770756054,15.078261515988409,7.675462970963571,13.2255599078028,7.1231629449979925,1.1965829536799262,3265.9665052257365,321.8435196551636,55.68267427887384,0
20.338730719016713,22.79058757146183,15.381064131911641,6.583849407095229,12.036745953984397,6.893556803867614,6.217264951639979,3318.303802251897,359.90223230485606,49.30541431512538,0
24.972897509858385,27.054700125788273,14.373355617592269,7.824354128849425,13.596186175222659,7.402638952483103,2.6491384406144274,2808.97455913018,345.9860348057648,51.846327673280946,0
21.67421958578673,23.50565039767439,14.560461098136031,6.3219707241583025,12.157099481505654,7.316679834025522,0.7891925653572467,2755.6840503275885,342.03403716515305,47.31111722097726,0
21.166250451675563,23.08921187956344,14.257691804960805,7.28570617883618,11.101722476060644,7.110202203987631,1.2143113952736042,3118.6364177737482,336.46727034764046,53.88897375860705,0
27.881881037723765,30.825796669713007,20.696145969303398,11.477685875996363,15.243620787292715,14.017413539726704,6.275326021168261,2017.8412888244666,578.4047677799922,83.71912490410384,1
23.06252910729003,24.789927842435763,15.166882563869878,6.78740565823526,11.983357114499336,6.366019798550079,0.6558527477458349,3262.115605282823,353.1888662677309,54.76847566317887,0
21.964182057519576,23.025706912624337,14.009129915709764,6.755727892708493,13.316372476407128,7.023504952407803,0.4981132254998916,3415.514397636636,343.3093810411797,50.64381868174217,0
24.776151579184738,25.89320839614756,13.516653121759667,6.941017109604671,12.718960715621256,8.259549187283334,1.13479448924612,2809.0176837748363,281.240578226719,46.814026413702216,0
22.53840497887892,24.834238581455544,13.102222666427796,6.962379119766771,12.702536168523716,6.598796874139877,0.607683242508132,3152.8807952763773,323.359686046987,46.26033189061032,0
23.24664857285208,24.453025906882345,15.266395153184016,7.065184594499399,12.647302325388534,7.696455107217753,1.5304262518132696,3544.5574616675376,293.001692952579,57.5845267666794,0
23.663348640632083,25.421611523437328,13.144595283203937,6.4067139542210745,11.789000577796909,5.469465766482122,0.6839387222394482,3465.260464795895,339.6715017183789,51.25199348639653,0
27.229898393651293,30.3937005608455,17.88468478909611,9.978952023520725,12.73057096236362,13.204052399067375,4.861296548221151,1506.6400323792977,495.0632486179492,83.12464548206958,1
21.698291455628343,23.9705478206092,14.47960469713184,6.0560691482546885,12.499457706759467,7.449769358458565,1.450797942714411,3168.1230052727115,334.20218551529183,44.25575865916662,0
21.718371727449806,23.072753147385008,14.063851004218943,7.194537600699955,12.482637113264818,9.358275198088382,3.7000986145497006,3149.3199926408324,353.18750613638554,51.910036027263814,0
21.92681106388186,23.503841842638533,15.046578411831046,6.816721733986575,13.325290175418864,5.9220735698059475,1.638290718233613,3146.9414245961134,328.1992597618058,48.10798747041276,0
24.108540535227775,25.59869454722034,15.5228601343515,6.173299140852491,11.551285661350143,8.272869308377636,1.3543798312508537,3537.9893263496147,328.2052242107191,56.704848067046726,0
21.751477247165035,24.255952497111984,14.318315193775259,6.436612931083078,12.673702918676916,7.322345668324944,0.468206020487491,3132.3658157096834,348.4810454590822,43.575156268490225,0
23.903154708534807,25.870998697344454,13.765430266792167,6.800891520552304,12.264155985292803,6.89347803273276,3.1471917379352403,2747.30010542008,306.8511815051426,53.42134977830388,0
23.97231986866117,25.182667015844327,13.304195082840284,6.520600213968829,11.991367240652783,8.474533725675432,0.7525978998689578,2592.721915708338,354.8926870466876,38.87311021547143,0
22.323597598045815,24.67741041708338,15.261982525562244,6.6895341375301935,12.136421834621622,7.098617608096376,1.0533976463428703,2968.826942369117,308.023750661571,45.26986127005193,0
25.69931148751809,28.51765388694632,18.930907157804178,10.542815140673905,13.331392543594752,15.444551664524072,5.043672107779918,1412.0310603779278,566.6732294304143,75.02486934047035,1
23.06831091676222,24.725499236439575,13.797220958926353,6.459752976117976,11.467757559483509,8.478912864554813,2.938761240243343,3545.764349645401,316.31825431217635,50.12852441013953,0
22.27542688199454,24.51177155023602,14.501581475804649,6.809997743103209,12.87412631216742,8.517237394041992,0.9051844788337546,3191.435795223998,352.11235943837835,59.272154502583206,0
22.055262801496674,24.429796963779065,14.337231087135756,6.380236220991171,13.212691685852757,7.512320676365194,3.169689051028614,3007.9514412486296,269.95686296914283,35.58993318415985,0
22.248933751506566,23.24595100720856,14.353177462274278,6.024231289515937,11.730929169339198,8.099287960829827,4.859554770382391,3236.8297147578487,336.4864631109839,45.292085167662876,0
22.778459924829164,24.751643854973445,14.27192459436639,7.341572606330367,11.918701062856297,6.6976309408371355,3.1892650904725155,3458.699782631559,305.2127935732271,53.534644925680844,0
23.490499618785634,25.51005315291258,14.827708894947195,6.456730623423115,12.69403109197631,6.2662048779924895,0.9950963986621603,3510.241399684633,320.8806326586953,51.20883444942155,0
24.288871364219943,25.593250283209287,14.347643051256627,7.480084065414006,12.915907499178045,7.937755887798856,0.8950163114763255,3405.3847043270525,274.8849272652694,46.562380840475164,0
22.205108323096866,24.091818548601918,15.162447051914647,7.14947653585871,13.609982757770906,7.760875972713315,1.2272901461174068,3175.5268987069658,287.200961365847,48.21497755274493,0
20.599036868393412,22.636063777932343,15.765693401042853,5.617572313604244,10.10533296887277,5.2693877656017225,0.5417905157917278,2940.487854643835,349.1471684867104,49.53889420936294,0
21.879253859879555,24.159358559775086,15.927820031348077,6.585840871101122,12.403310800057838,6.5992172853601785,3.337090162572156,3092.396322828179,268.0075741213498,54.73468590977603,0
24.156109624976942,25.212949044417627,13.374445279589464,6.270481438993951,12.281875274502177,6.69079198256504,4.887907440267133,3640.8510114796304,287.9325844347408,53.070738470188665,0
23.803178539410037,25.46862376124558,13.877524171333828,7.631465723594919,13.179768461135222,8.294833190582146,0.6478830975085246,2924.47701110186,323.03875206962886,43.34949808600061,0
22.522977332898904,23.937297304329608,14.0137408859075,7.248827885824872,13.556385780972409,7.880308631627041,1.7956823046657477,2472.112520169838,357.77852900031684,41.15054332054711,0
22.452533815372014,24.355634831429114,15.323552444741633,7.494332260051241,12.510635524501467,5.147129471665451,2.3454965140159882,3473.643322805142,323.8743004639118,44.80811178649724,0
24.24424089258878,25.513821818155964,15.956435126353453,6.962018221353267,12.53127672003395,8.226765249923451,0.8275094414019322,3093.701761681779,348.31013851773173,55.06445287018686,0
22.323531142197435,24.005495176502272,15.266271704886615,7.040304296673673,12.321457455990618,6.1281021976286745,1.297189834745888,3623.878954812464,354.96561526398534,51.92425282341101,0
26.0321003126592,29.902676028432207,18.860823741020482,9.36917666978346,13.28462722267367,13.974430902901112,7.082810921204873,1942.111359911432,510.27311661756266,71.12375950153721,1
20.793295548482792,22.719757931355904,14.120657459916828,5.747708600617334,9.83474571974011,7.174266643731659,0.4053601300867488,3341.826406323065,316.86582535006227,44.31329899694923,0
22.515110880938153,24.575565377667616,14.297789395923052,6.761252850053506,11.76189102430615,9.090283577162985,1.6569206224822501,3346.7606060169583,304.9586892777719,43.81808935796772,0
25.52326283451949,29.174019350294266,20.169640349161703,10.34628272899708,12.968481102627575,14.565946377329503,8.055176972784306,1899.201929245944,488.7995912865754,77.30837860815949,1
21.822902881611135,24.110180766312837,13.38073725745242,6.748268605076538,11.820438188245802,6.001535250899199,1.1840041093889828,3235.3898167239486,317.3628658210556,52.89139259638111,0
22.477784236809132,23.22348514120238,13.302193883857084,6.847263783794234,12.634957125854342,7.258722699726924,1.3030896130943885,2815.09357644851,316.97201504693385,45.897073520730274,0
23.219914475995445,24.599390511339706,14.457995945169078,6.0576976040401735,10.967852730819438,7.121255737816734,0.4547961534930709,3218.172365758858,299.0225444357238,49.69139394659288,0
23.67065415254683,25.550233411265427,15.029641467806778,6.949542867010552,11.460612569321707,8.096856583489917,0.8133294250491643,3181.6317363589455,295.2393409490146,53.0464255820793,0
24.22988234478948,26.253138150596882,13.917462479224147,5.95956477038094,11.826545759606645,8.20508281757685,1.0272027440345493,2635.1534355239537,299.9171785398221,43.67676363856744,0
26.156312917783012,30.06013121264781,18.093930079730082,9.121516505753386,12.297206698658709,12.28669036877241,6.352572121030272,1734.6747081832882,516.8931823581057,77.45493228590453,1
21.779233572097436,22.832617591553188,14.581987713726566,6.504490772133284,12.41432877280523,7.601685901153154,1.435933696290843,3251.0000952694227,301.69728063279075,52.42288596397114,0
22.682109590698488,24.536244929855403,14.12418842853029,7.128464533171044,13.02438194626497,7.759949659276859,0.7635478387396148,3142.1369462530865,357.6573978721789,49.66302873403104,0
23.780009627506985,25.542226141730183,13.30307294946828,6.498687847692721,13.616909648877733,6.1960533632345465,0.5684268732311665,3233.127024210545,300.8264684404234,55.60409324415398,0
22.16993796341803,23.691229236046198,16.961488296144402,7.402909210358022,13.900252252247476,8.615642014728062,5.015382539464916,3058.2559022489304,268.0370062777369,48.12608074980804,0
23.248943780462586,25.871561206394404,15.774135998626306,6.766361267543233,12.708652919191046,6.3235406440639075,2.5055436401462483,3217.916034937713,312.4239544763231,48.9575368448986,0
23.758811071004267,25.389116537645048,14.90134803613503,6.542530646783364,12.93615257877675,7.890886566590273,1.7309668850718989,3586.0833717428086,344.887964429074,61.84196734117686,0
23.077211078084055,25.034729997370555,14.624259999359522,6.242733842495969,11.907389875767494,7.439220831315647,0.5819867560671135,3171.600768091313,270.0228046775548,53.66953940932312,0
22.264380181098026,23.949164631529197,14.192434496818327,6.701953394661531,11.630403249329145,4.977937944024452,0.5114841229782384,3179.753022649458,335.3280624807296,50.46772729693073,0
20.58668680944676,21.63606572703001,14.905616217708285,7.192592541155188,13.791107774025527,7.024935581308499,1.0508523446375022,3228.7563915857017,260.82577606234094,59.282077589131674,0
22.852269518599954,24.339468121595537,15.048686254886736,6.931251445425917,12.72961940208016,7.5507211437184685,2.150602009748584,3282.002429495851,307.7824507441969,51.27267150518474,0
22.58103384562551,24.67871063422548,15.504322887567916,6.982697120962571,12.741795474610523,8.039456530780623,1.6155250255938858,2991.4059220613153,345.3173051137734,42.378204649014116,0
26.56632776152859,29.406403780228366,17.81023149452832,10.647352909838546,13.303062273081547,13.25754819894059,8.469978707584291,1465.7944734888392,481.8038081673622,79.50528847713073,1
22.70800999724449,25.287347055160414,13.099219540475818,6.865559662337573,12.878300912073012,7.074735731490685,2.094842577673649,3272.7177976610215,293.7717817528037,47.90115143816594,0
22.781057679043826,24.759806679364907,16.15458083320466,6.946974693971581,11.702943034435846,7.221219968411337,3.1016796911970017,3248.693501407017,329.09728405375137,49.67411616538874,0
20.63292522455565,22.26747895830379,15.250912018143156,6.636676218405694,12.496924784014816,6.907165754552859,1.0657281255001496,3065.412635622256,361.91588351592407,58.18090650528549,0
22.492714906152127,24.491194581097453,14.76531813370061,6.202906674294078,10.328005015964667,8.439077088420634,0.2057517289848217,3271.569555770471,307.28791064953657,59.768283739883614,0
26.255974590449643,28.931708715129197,20.892085432367047,8.923090225854285,11.315750673837407,14.934164715271434,5.378585723432564,1822.4196007933447,524.976346513849,78.80341499494206,1
22.861856810800337,24.83049145504612,13.769751264562789,7.030412432701932,12.890549908817059,7.738133007130731,1.2807667904851654,2809.8916330487423,338.6902561318012,58.72084068073647,0
24.080538080807838,25.699758332043086,14.539462532635875,6.5406810012577115,11.380701804193745,6.759936822729221,0.3106508442586511,2716.816464357765,292.2411459764581,51.92485490659848,0
24.327748892723587,26.261292879351,13.64862399454612,7.13756852820346,13.909404345527399,8.588835147660566,0.7076432522398175,3527.247352432278,353.8427459994128,54.591214107175006,0
22.38472812033042,23.76210506322632,14.512820225836128,6.522359751547335,12.95674590911731,7.293878351072561,1.853812971527815,3312.9156183210484,276.59894851121516,50.78847109981405,0
24.599492091824327,27.21823697011215,14.530157258499138,5.8386141139688315,11.929770884974758,6.003774015076395,1.3251614753164749,3326.969961267155,362.10958320453847,43.38202803993282,0
25.070724430334238,27.148805590367836,14.427139311717578,6.434071345792057,11.758539106998512,8.473271566390954,3.7955370825101507,3480.0141594749457,312.5333652355075,51.69939490657454,0
26.160932803385258,29.846635194825367,19.544972728251828,11.461884144988783,14.185933198704266,13.833106609969292,6.602462390080163,1418.6324808328536,547.7721998202885,83.63380128868,1
22.063665345343374,23.90289236115895,13.234057620781087,6.977669097795069,12.45725796676987,6.268961863644543,1.1710960074878816,3322.8966268976183,322.5155527708861,46.65622940739242,0
23.396752326147915,25.064228972874588,15.033015737634818,7.01121748645072,13.051125076904254,6.404881725303926,0.07675130227874438,2744.3664140783494,331.4350185697936,50.80693524817254,0
22.670060296367886,23.956226590087898,14.516085173495279,6.622896805745606,12.036659123860296,8.329777330708554,1.002107462889449,3141.716016863737,297.0698325916244,52.368248887067374,0
23.262206162018362,25.394282886763406,15.420213916718637,6.481256282587494,12.667160236025392,7.161051817050114,1.3267335836877379,3109.1877044367925,350.1342388946123,54.38567309688925,0
22.454838357090182,24.529041452606265,14.39265583145846,6.24103619598163,11.965561572914876,7.844073686142555,1.5190464020713228,2942.0433623178915,359.025573261199,54.56944870762977,0
21.81510444750063,23.272395609969912,13.592935714554917,6.274972605088407,12.657950218362657,4.642037830446352,2.748412584965134,3523.1022326171824,300.3479700297998,49.15134756357239,0
22.318472059615786,24.019918698609967,12.65882262586401,7.063740416513865,13.61110747214465,6.261077086827133,1.257581208875795,3717.7928256332775,334.72557699104806,47.24649559016372,0
22.542316262366075,23.984288325455434,13.839110406628366,7.098768852947364,13.594994708350685,7.68125682382034,0.8143563584654494,3277.7095993846974,319.0859764342707,43.53274738635065,0
23.438187446132773,25.677048530834252,14.967451333148247,6.338905547284186,11.85058989682338,8.18813280465794,1.3619244009912568,3260.956731654191,312.6576868573593,52.417473509821455,0
23.255554610308334,25.19157512813589,14.124695316631673,6.062748656475882,11.362826035772862,6.708324691913355,0.5492732436121682,3436.422259374289,311.4193482823831,54.902816294957674,0
23.796936870665547,25.21291835255376,12.935960983745375,6.957064748225333,11.612459717586155,7.454812878772016,0.864997430303991,3572.5358989708693,345.11494667811206,52.47220461746803,0
23.985379574368153,25.58861859536567,15.091344395761254,6.999381882212407,12.324448064658505,6.968411565611709,0.696914955714159,3252.7315404909823,283.1539775797571,53.80884863131887,0
22.32676750569127,24.204410558072613,14.160887966142118,8.026184956434362,13.505333016388178,6.706543439579968,2.888310648292755,3012.49045558922,299.54802531735055,56.02203978065323,0
21.825398368106036,23.48015170364381,15.228172626931796,6.876262941448808,13.137878169093435,4.764304995526993,1.6391642711363568,3461.7002258728367,301.6796709724075,49.61517731779782,0
26.94548432945277,29.91921339892973,19.200139010466494,10.113374783546089,12.885182995285879,16.168667019174883,6.396990061601079,1427.994180212544,560.3048724345776,80.51701114296196,1
22.888900763273753,24.637881115122738,14.104027615705542,6.928626710555751,13.650066612762707,8.78877775317794,2.2318821100933195,3063.1953899335067,306.6285523623451,53.66420903498817,0
23.353937853706668,25.41454665024247,15.105190683452879,6.945689492407973,11.674953713067278,6.493660108785236,6.625184336393352,2900.179394508967,336.75418155326156,49.117964731858365,0
28.444941709710825,31.436092814287882,19.109277369290982,9.463524341635768,12.622657333543547,13.426063519926965,4.911692694049091,1852.2725543940242,528.8122477930511,74.24234353052563,1
26.127622447256627,28.65538350953223,18.948967613527003,9.762915581177626,13.069140655868742,13.672753490577197,5.939856185190989,1272.7785025440046,533.699937897709,80.95804441922266,1
21.430569329501655,22.998919685647355,13.186895907518323,6.947570489668708,12.724221876279136,6.524134123107374,1.6799956850422817,3055.9937073808333,303.392975638142,52.15666093176524,0
23.318269787551575,25.043931486674477,15.795030111728694,6.631092452904299,11.76320844746174,7.2445752365487115,0.639387589684466,3292.4948034701865,340.63268793100787,49.30060659697144,0
23.496402979853094,25.11395464886342,14.654077534985044,6.658424057560062,12.874714679095952,6.861664871479882,3.5760769219672603,3331.2162479312824,301.43136072257306,43.16032306954329,0
22.374660937755035,24.326322185245484,14.112593318455335,6.84369571446006,11.607405125735536,5.495877310337378,1.63330247968531,3077.8884771653375,308.9302265518038,59.81999617994217,0
22.51869485709776,24.97008227900669,13.163064182004748,6.395054950455296,10.925785901264398,7.971069554974362,1.4418930742616847,2961.3225415767693,327.27524068118606,50.58975085446271,0
22.121676906431585,24.328741493168984,14.544691151875597,6.0880209439011965,11.559665064090497,7.7572464388670035,3.592461385447848,3541.912825983993,316.0014462925291,44.80513258142618,0
21.68670603537018,23.770925676289295,14.569979002944592,6.988631629671113,12.640954624893473,7.053270645677215,0.8912866926064433,2916.138951415719,319.1422910856885,52.26470796568909,0
27.98299550115746,31.66452810453395,18.877034271319744,8.93501222902527,11.468936109227712,12.705898483419896,6.1663724387326875,1264.9739424789755,557.77525245125,70.6121148209593,1
22.50144657043467,24.49907213802488,14.434197040262838,6.089325027340726,11.344213157554616,6.302849051658935,1.4005826608282161,2957.6802004139086,294.52073446745237,50.49256110539846,0
20.62494497173615,22.69082606986939,14.770364443316021,6.4233981092045145,11.20171984441088,5.360830281028193,0.5784907910834173,3477.342892364821,313.51810064053115,52.22605439457031,0
24.602724532108347,26.135612709520792,15.329727118926595,6.766384846401934,13.320862291704685,6.798353768424637,0.7275108904023857,3171.3027945913623,276.222284853192,49.334577860396564,0
21.202142395662726,22.387913546379885,15.787616532620778,5.8569356480244865,11.692032872654147,5.9885407083533195,1.0724752332106458,3048.5092540131227,359.46538476196577,51.08979087818702,0
24.655053207714626,26.24332036273528,14.833972071857037,6.224159445482828,11.960376761716194,9.000833969001876,1.3532650427892894,3182.6334870968562,349.1847669675288,57.16004835684313,0
23.813029822165138,25.466427014017917,14.511607199410124,7.13113149107981,13.947221760705244,9.187544772561163,2.0717681344645635,2942.9830468839723,282.078539587292,51.93223091759023,0
23.19186835566692,25.131728374586796,13.427942343100852,7.200350973772788,12.5455920741595,8.488230971211328,1.2216019250604506,2963.6329150013353,351.4850450748031,56.54878582937018,0
20.669369794890315,22.186319436961504,14.28015815619785,6.8059313395903915,12.335142682825964,7.834988603921012,1.0645835263461205,3487.532169598408,334.0090487666684,47.55333812268897,0
24.705820412154146,26.574722166718562,13.33595631592756,6.737539202338217,12.356023483336987,7.64866695598724,1.4851132188002856,3195.2117273996646,381.26139335328753,48.29688474385912,0
21.288323154348074,22.958078733488673,14.637175454072313,7.299108827985865,12.383469301495545,6.323726173409224,0.657994733431388,3107.749952687117,299.2897973190308,45.837992616199706,0
26.434721015020767,30.084618156997973,19.413644063555658,8.561865402228666,12.006748208725817,14.960628915811846,7.294901990087229,1890.6304725494526,476.49066872991403,82.64802668919698,1
23.619108998247707,25.07889488674889,15.837812723278022,6.917567649683094,12.705981211174763,7.050539646799824,0.8303746110692499,3112.4522424115,325.4355160609074,51.26862251552096,0
21.768260514816742,23.917186666828123,14.666658006900473,7.13734748890431,12.50310197705133,6.048718981097148,1.3160561757471498,3121.201985019139,319.799998793093,46.24128217656406,0
23.35680059291051,24.853402459030484,15.454490356680822,6.589400591693543,13.189398547230057,6.054401753047699,0.6116861343364092,3414.322876030754,331.65367826237383,50.12622814540816,0
23.096039067883826,24.896954242341227,13.413460062817926,6.078642606998644,11.88066998425101,6.512381837236982,1.1986665560445002,3183.494503513493,309.0070410155594,58.506625532283266,0
23.48647219199339,25.07215160677247,15.18197491474636,7.867793365038683,13.249806160005555,5.802462929859996,1.4624465950471288,3666.807821795202,285.559358598411,58.26720054412922,0
21.669710316142506,23.18484077047209,12.739005221239266,6.30960599579322,11.215408122394601,5.603995778546587,1.4532027843769564,2834.928523485297,306.3743106769392,60.66632340780927,0
24.92832746307557,26.846439439323916,14.702989837419867,7.3786222738655125,13.63218562202417,6.551729778956302,3.9073979367678158,3506.59748598048,297.2395581457569,47.8052461475059,0
22.35486222167066,24.18414101807134,13.20575950894773,6.7586511274908005,12.429661166883907,6.957131935228741,1.9991013924723384,2906.9293757742616,301.3220934741845,58.18877509269056,0
24.191216928222694,25.805952383388533,14.510760291695435,6.794767435473635,12.088831063754256,5.644090687497047,1.1255106782482591,3542.0472559371447,281.7648069192092,49.10100823747352,0
21.334011918550456,23.245351372408322,16.14624894167821,6.886973604206405,11.739036424510749,5.790443522244171,1.3844227228870025,3268.7326952675216,340.26354997367343,45.732358459482526,0
25.072732907190392,26.96285607600677,13.956615477445636,6.992985046284438,12.57537402501502,7.096300011045938,2.2508286769214627,3184.7785057733245,336.2577799374086,47.612000243131746,0
22.308073764043886,24.263919434992246,14.1744918043965,6.465772544573411,12.41110970007163,8.706759212158616,1.8938509396456984,3032.6584402203116,329.7971657235528,56.15847150217003,0
19.390749249426108,21.17783700500632,13.666182729562202,7.849703760251255,14.083120309581144,7.82393969597726,1.6004985926681934,2830.0337736227966,331.43031590529966,51.07765989897041,0
22.598248967263586,23.867660115939152,14.415344994001842,6.5281965519534735,12.527723246177306,6.778595586724227,3.3016314633119763,3221.199432256536,335.766996552447,52.870821041819255,0
24.975029903091773,26.387811599687677,15.156185918644788,7.607936245061157,14.177849237769404,7.801038846833999,0.852567664072279,3423.263981677759,313.407523353173,41.25418599070959,0
22.873500185452244,24.04757907690742,14.845773352607402,7.829922500868701,13.668505001934468,7.3182775004738785,1.1278499705987775,3602.519030797412,338.1000563750004,55.06763067545493,0
22.64079285997054,24.110628647978956,14.397072442918356,6.943781952583664,12.337867011371635,6.595837481356167,1.2775869778684588,2952.325622615942,322.33412982328986,46.663451972645206,0
26.761307683841267,30.124754031250905,18.416508668304385,9.444670560078483,12.456719848979237,15.694076229158433,5.828711908434766,1487.6448863592307,535.1603324379919,68.44998120040978,1
26.9556427124148,30.19798462347542,19.223848987088612,10.447658900624916,13.444724706570128,13.299913782431794,4.711087151485149,1567.2352947652835,568.8788786688103,68.03491787585693,1
27.479913013676033,31.305666724073024,19.34214147927477,11.213810120552331,14.684907094613393,13.582474109039882,6.161256959311171,1549.1337429383693,458.7745118888999,77.70274096231653,1
27.993586368971393,30.903103046110996,20.136344189993924,8.904102281397869,12.534858020563416,14.544632799029875,6.062664738712737,1882.1785260663405,573.7324538411195,83.65222855733026,1
21.39340161098685,24.27061507657905,14.137268713292917,6.83251231559439,12.196501640700667,7.734916035214985,1.486861641753693,2781.039958862038,309.6813976444613,45.319837434759094,0
28.171850493800438,31.48990137280451,18.09810462514877,9.625144236865737,12.655978161297847,12.639589471614245,7.9373707174081165,1768.995014402291,457.7966312640962,65.16493650546272,1
21.862957472495616,23.719101420434836,15.027243475130735,6.947755845795169,11.71704503414017,6.8332819388315675,3.282729714007362,3156.155078919755,313.5958523438542,47.705474179382534,0
24.325579262306942,26.2227811511287,13.783657631259967,7.190748619730316,13.4824965734532,7.742891023624144,1.049805874128887,3268.1983465714948,354.2579125034828,59.690952353885194,0
22.682825846440466,24.762301371847283,15.221382957712219,6.892429327030182,12.84737193810204,6.127391258634367,2.8469302368069656,3065.222334824588,317.15932663701926,48.9502360817944,0
24.507086864205245,26.742594725891912,15.308219669468812,6.19698881429594,11.663443857961028,8.097689148525333,2.827876295551375,2975.88264056245,349.306287824621,58.03173519765156,0
21.76858535740886,24.080392825312924,14.944753161316674,6.455444101139105,11.603573702766756,8.48559507365436,6.0164526149792525,3238.93797695782,328.9880265535118,60.555289893174454,0
23.845236800789365,25.02798950961222,13.781578218940433,5.814845709324299,11.290548695867875,8.880779731003463,2.4659171098376036,3457.1197522975276,281.60338322836225,49.521979267172476,0
21.202732151510084,22.62196476750119,13.022741561756465,6.8220312837033,12.483902039133621,8.655218776369086,3.013268214060501,3270.1437414896545,342.4530958145315,59.42834392527653,0
22.176150077647954,24.205401202944433,15.069128463572396,7.025077816973323,13.007222664375114,5.399517949258129,3.137581439797347,3103.6497558757605,323.12832476924194,50.835089890584804,0
22.40659536358464,24.245663514283972,15.375343638017181,6.31086717536688,11.594274909659877,8.912905295614435,0.4835113023468429,3522.8326822662398,319.5017109585689,49.36535399964264,0
23.475434542606752,25.591583301027438,14.60105135958656,6.779354319107669,12.44369189215916,6.869373670356226,1.2600547851007873,3112.031550928371,316.7219884187582,51.98138769943436,0
21.75498288209866,22.79897881362548,14.076842589820242,7.444216811251694,13.49357847953525,6.914344450214824,1.9468712995027617,3260.5610581224123,288.94616623020977,51.896626820153074,0
20.8779784732604,22.988941414366202,13.818220285602141,6.863229609530345,12.506602617805267,8.821947104327567,0.890156831298299,3291.2901581187925,312.38302593515675,41.85230350017392,0
22.592186269272307,24.744749280841738,14.201305259997532,6.967163527276751,12.375219160475002,7.523418039237295,0.6404702332690801,3258.3218953893447,325.0649631119019,50.50351607016989,0
23.195149799521307,24.692444208714935,14.913315556748774,7.618541203996371,13.117270361546801,8.265348682887364,1.1309947600320078,3253.886408752488,346.9044683401229,56.19768872617121,0
28.38899246237672,31.88208277800225,17.719986527890438,9.604785689050754,11.937882588621921,15.478956728408718,6.611745010107464,1789.0032577906281,529.6421870126088,81.29961170419162,1
22.659563608976253,24.656046675141052,15.367358595234833,6.888242091831477,12.550089024749985,7.347336071247215,0.6199183094407109,3230.2584696256854,280.4026102228038,49.615371221104226,0
22.14292379596801,24.225355361494064,15.851351146921344,7.154705490293303,12.41423712155629,5.928259896133865,1.3331973330072564,3491.1776963099774,323.5291562346998,52.15407035348707,0
22.883738320971045,24.653472079240714,14.806122841181994,6.574899054167078,11.275717755877551,8.079876018676583,2.1495481663224987,3138.3615981060025,293.8890950798055,50.349298984908806,0
23.386572577065003,25.04800197466224,13.890540262672921,7.7038154028353425,12.16859525934394,6.142381005138443,2.1118455628058195,3417.7613232863046,326.7689130887461,48.597808594169294,0
22.3819924478463,23.796177329882223,14.654703561539327,6.290565021466632,11.35001235033414,6.241250481824729,0.955064986823021,3041.837937139995,314.59249178841225,43.718569792965376,0
21.57918292453434,22.934396114224676,15.126103861053215,6.812215920089017,12.18569723095312,5.35048541911321,4.584253785070721,3805.7765326533886,329.6277008031595,45.47371920111778,0
21.847890274639482,23.920434078816662,13.427148229358744,7.479648799682403,13.235007056617818,6.508713041929119,2.8913061945422562,2987.715088371752,310.96019249826634,42.762688714864204,0
24.747957331461055,26.279911251279362,14.245791284786083,7.260512919865496,12.287849744090918,4.630476233239394,0.8154818909419437,3001.931011457132,296.4595558604075,59.85675324500645,0
27.9750000870467,30.87873465346384,20.852485247148895,9.140509517934927,11.241539753875413,13.67766053030001,7.00752369503417,1745.918690375031,524.7998375220473,79.32745945877816,1
22.21049081445775,23.881679552660927,15.350282954426573,7.1990455243307805,13.257325387748736,8.232799715243514,0.5734017907762535,3740.8687134250354,357.74949026038723,53.38094135789173,0
22.94537504804557,24.899904375170195,14.19146189521772,7.483194705927219,13.44873800446107,8.797119295546194,1.5296825172523998,3595.929386409885,282.54295476688367,52.382920734916965,0
25.819854741389396,29.68830722473762,20.343969486368056,11.35756499203572,13.662031596896618,14.436640090351577,6.499324610145328,2016.1186366186962,469.72531250302717,70.21937695963072,1
21.790114333397003,24.087986165691717,14.112705204332146,6.621004782793332,12.489851787401065,5.9573657947584095,1.428506632252665,3323.2716005119846,320.1000315059149,45.44030026594168,0
28.102648982080584,30.64490789903824,19.071622381924666,10.072076149571545,13.985193427733106,15.710675886979276,4.877439633042558,1928.598155539733,463.7921989015012,74.54590425263088,1
21.925501654003828,23.10658005842848,14.095227040809716,7.149732123447851,13.010290313401093,7.436535137237802,3.0020438297998577,3446.2375257514627,313.14885027785664,41.62541801040889,0
27.562013104646844,30.173932918175254,17.625817584186063,8.957731575534426,11.315278351430367,14.980613618499813,7.620083025107972,2004.7593985905446,536.4032925732388,71.86831474523771,1
22.720619453704433,24.728580309515934,14.907751384979726,6.905604699612228,12.338618546086282,8.367963243654154,1.0332506407970041,3305.8645829575976,293.9655227869619,46.27667548792543,0
24.39664882388205,25.957997200437358,14.482514602046301,6.767831176310416,12.541434519696207,6.205159447436044,1.1849918928947536,2899.839066919726,315.4249280094024,51.798460521585234,0
26.724593496274295,30.025798424978795,19.546425063369337,8.791075117231337,11.157732160801103,16.259925375251292,5.649370472975024,2128.959149301185,500.9201068988608,75.24719033950173,1
28.0815664184748,30.920437994289188,18.862411040658664,8.80497509201499,12.77095351146496,14.300992943920374,7.446494137308651,2030.9231253567577,486.3889968697509,72.033770057309,1
22.786546990831816,24.501880198059347,14.84267364052858,7.071516139644826,12.470206640424987,7.772563746291108,2.9917837269733116,3150.617665632708,320.7405285489229,53.221280904053955,0
21.887980321374304,23.348608867697976,14.46082797531324,6.948938095511922,12.970031919837929,8.154133942297774,1.1427650120843473,3484.6747366736618,321.90256041171466,51.588633506047984,0
23.508744031805463,25.364698924941113,15.193749930262191,6.424639832753593,12.758916006261492,7.752458192387172,1.8699930126240716,2861.55430980213,337.1020994694029,54.15252594316746,0
20.506175925277248,22.98018163676065,12.746996919067776,6.707724278907027,12.121897791823084,7.635951650208649,0.3932571200269033,3371.7850765007447,277.53932726906623,45.33289366644867,0
22.73711952563088,24.06590317868033,14.081139209274733,4.955817354285777,10.134642975308704,8.066297656759552,1.1142666322074224,2832.994587808162,338.0181809574017,45.43475408001634,0
22.333852819219473,23.98983711171668,15.49472463774973,6.852639311954839,12.476823931552987,5.509271398759278,2.586719271233987,3240.152825538792,291.2700266327984,50.581163586462836,0
22.79200733918723,24.233350448261145,14.527223669077344,7.639873691110765,13.93128287448792,5.879099100181456,4.004928072053519,3218.6704098635596,355.1076376291485,55.12746793133127,0
22.088742580167878,23.735154071386937,13.233129288169936,5.690111026274074,10.704138836755941,6.13759055201444,1.9984840390349168,3630.5668477467566,393.25800713731275,54.910576560825305,0
22.985978053153147,24.509761632226642,14.316494134515626,6.303203498034276,12.441281897254218,6.916502982255075,3.2568632860021896,2807.6609143187015,328.29184904088197,51.84697430509971,0
23.73905544520999,25.614786768126937,14.558669395822509,7.101856620272098,13.213014062746604,7.559782739858639,1.8843791955865605,3297.0420083584854,280.96642542250277,46.98056974973473,0
23.840754997905755,24.988244671721375,15.21592844482146,6.932145105076625,13.160172733342083,6.659956155294947,0.8793571329695653,3198.9369758200146,325.61580789640186,49.74541134830391,0
21.109962372968948,23.442192334584565,14.5185567828459,6.388572049240784,12.11093836375038,7.992703154492994,0.8924331151889041,3538.5527313112707,322.11994084782737,51.43342409937171,0
23.1173266008705,25.427276617381988,14.16445219787316,7.521835159583119,13.653782855237708,8.883204186176217,1.727249921841406,3059.600330905783,312.83234195490866,43.74785727479703,0
25.88188624201128,28.934251559728956,19.921663517350545,11.488221366271238,15.09777138582588,12.090104709009962,7.383555551848779,1716.7927032459902,575.8331622816163,77.95014759691395,1
21.5168905683342,23.731067934900977,13.696567549204598,6.212898852139927,11.351099006733094,7.178351170238904,0.9716499131742978,3346.4543243668627,367.18878375639616,51.59071157348186,0
26.140557542565197,28.885308676708867,19.674311966665265,9.452863631610184,12.210596989898479,16.239113746090943,8.113030965362473,1288.6664704364246,493.61457364302066,65.70526036210293,1
22.52520460995931,24.456356419623052,14.469685534626535,6.157000146741753,12.303566789045437,6.246907453052362,0.20893822528595518,3427.815570759456,324.92129816187054,47.122072730773546,0
22.50629243966182,24.052147484131567,13.383641196195942,7.157372824944472,12.46300548452848,6.497116440526654,0.9625826674139001,3475.79348469841,342.33682236064976,47.074070737003574,0
19.08174885524391,20.900149954145217,15.027719998465896,6.8710222394152725,12.75460609720928,5.740434684696275,1.6813308426347664,3074.0173300096653,328.0233938580217,56.879542096494866,0
22.062056724548537,23.070766624798612,13.60814225011807,5.894005331218973,10.25716207680523,5.856572876934252,2.1125413757433296,3049.2605477796455,254.98660181427442,49.57411953864499,0
22.27159358629967,23.54670590892711,13.603962062024102,6.768127357248017,11.942118091513084,6.469783586891741,0.6741394562413263,3365.296368704001,295.31876919919466,38.911767396401196,0
27.426894370108112,30.752948387079755,18.6735347888632,9.53760787556729,13.331878733313108,14.219861909038405,5.538844320409829,1477.2430399980685,546.2790147207014,83.70840888847049,1
22.15167054697362,23.93243514404131,13.90386578374612,6.739706405763265,12.522757648587316,6.50011748151536,1.6331689777839924,3383.86082155104,282.3299588791177,49.62971731677963,0
23.27458101736929,25.254822382514305,13.892823440877324,6.399832296917348,11.192875624678244,6.441378944608962,2.6305983478335118,3343.1813298324555,347.83999377966273,43.07955503993789,0
23.55973173257659,25.01713243761291,14.659688334722226,6.406481860533351,11.364080837683392,5.5185532195099665,0.8200593408351525,3129.176760145572,382.7783136922502,46.25921031350705,0
24.796837624640144,26.596712155595434,14.386593956777968,6.361191321568548,12.809608802905739,6.8399418674203645,1.9762592713734557,3355.8138558646183,312.3387049997203,47.06791360755721,0
23.763783423999485,25.59477563140703,14.157076378466773,5.8821156219114545,11.211248387716495,6.5931573481486545,2.3839968919299603,3054.267626100183,338.64089582007006,40.81508419387427,0
27.913324355014275,31.003363674739,19.030654767568763,10.736241200871927,13.148150319268513,13.768921253529406,7.278896510546325,1992.8927110044324,470.2908136873525,76.94284697581678,1
23.232702894340587,25.148192359470595,14.794008328432481,6.402005544995623,12.163589258733026,6.714705640126864,0.8168850393172703,2958.532091436226,364.15606024179635,49.66815080394973,0
22.84700237268938,25.110631998671742,14.02014238134412,7.188114252362053,13.089254392582456,8.336271658405435,0.7369912309865176,3440.651818519163,307.6376849529463,49.108308062526405,0
22.146060386049566,23.72601427287495,14.091208663843418,6.858794314943601,12.952587470145593,8.542786715044986,1.000164604365632,2881.032250024519,332.7609994500248,41.91168097683472,0
25.15262760190962,27.393156785003928,14.793451234628353,6.225146263551297,11.775266148118401,6.404619584596641,2.55243326142346,3359.8407108716574,323.2250689503446,46.94770867136112,0
22.205534260796554,23.55892448481709,15.661694159346048,7.625286481616424,13.54550363042014,7.081217945386129,2.292813426063653,2645.679072436608,281.57330032327843,49.41607737111801,0
23.16747601128079,25.01202505201681,15.65355392156208,7.015511479005446,12.857021204846639,6.407830625276277,0.6551888870522036,2917.5279780243122,297.73329666885746,56.191416054278235,0
22.485303872583703,24.474756703308284,13.548829264372031,6.408823038749003,12.741153401107741,7.5842999088306176,0.9597120153988945,3359.3332603180484,366.7928656078959,54.46502184099856,0
21.270975810804956,22.99839618310595,15.016712336220714,6.683863248600264,12.963619080980884,8.17729162339441,2.32473773310726,3751.6956811537752,325.5759506206619,52.05347656888764,0
23.86817884622552,26.146371106555712,15.677268066055916,7.089454909034567,12.864450268947994,7.895090373073595,1.398558085733057,3138.2941673808605,293.390689739145,43.9543851430193,0
22.59052036668191,24.41024369929,13.499040690693057,6.138175214578911,11.760713225407578,6.554580763196987,1.4372173146183558,3062.6541540125127,307.12950844006565,58.86218271647951,0
21.290296426899115,23.272192791755568,15.395395934051276,6.743093730793121,13.144436004115175,6.92729237168269,2.6459520799358347,2770.2725109927796,295.96193281676966,50.70102563085623,0
23.901338473991768,25.5150162463445,15.131935777744681,6.361651457190353,11.357334464674166,8.493612083717478,2.046413066766094,3705.5531407430217,302.70172898455905,45.51612377746424,0
22.40078317698876,24.605838140846387,14.31206058278322,6.355570150982162,11.56332493309798,7.027039968768593,3.029542899123567,2915.7822045913963,343.8272013748123,56.18424353677071,0
21.325952666861962,22.943736856452414,15.17507160771339,7.162245530190864,13.501642693319663,9.890346526025052,0.4076429235348167,3412.3640637760827,287.07254508112555,48.69675575052539,0
22.59436222837931,25.064919439262592,14.397162965398435,7.315826887287587,12.649769236346565,8.679628890972968,2.1419749779204307,3638.827767658326,349.96205880959747,47.136807402878986,0
24.132790315006382,25.930566197547154,15.542072317428985,6.6581466358176336,11.313969222547442,7.002517182626487,0.6887096230413576,3243.853410456603,345.4355417452225,47.5683306137849,0
25.754142349112403,29.633296163155666,17.764429433138368,9.730708048862704,13.55651534555139,12.836191689835884,7.884765506339214,1511.3262774199327,475.73786662844253,75.6541813219801,1
23.151957634843665,24.91241955434794,15.276252961430625,6.895944772510823,12.562195600678495,7.729658394090436,0.5897818235794133,3493.8635030847836,280.4456222139198,48.078899773270145,0
27.031726024668,30.501593445354725,20.273668966986303,9.011549075634045,11.742123596193935,14.31598592433891,7.829683421698839,2115.75173898614,477.6232967700077,81.8743010126108,1
21.392120104666915,23.67451791128564,16.32066034211811,6.342261485454854,12.158714938253155,7.910952179449408,0.36573009967943837,3461.9253922194025,308.04633193234304,45.91629566938544,0
22.46818334946094,24.986267891825868,15.346251344656636,7.514380081018385,12.622183004338904,8.262737858083343,0.8157660800618111,3586.9101933988177,359.2421420244439,53.90111237300718,0
23.03032877948329,24.70303376838624,14.237754832098782,6.783748053471155,12.21242307828682,7.729775230256904,0.5491314101481688,2916.731206726961,324.6511928037803,43.69040511581179,0
23.192486552616646,25.089015326583358,13.908183068821627,7.0948196156787,12.89333983272251,7.445876138795691,0.9274575562350554,3286.0334262070164,350.7129401603728,53.19292333029275,0
23.247419918817,24.97360977575466,13.22328482514071,7.188465846177414,11.765600399640586,7.828212891450505,2.070760650525918,3282.133688478487,321.4913641251771,45.026413629820404,0
23.118042320650392,24.398209825879352,14.223868235640163,6.344837829035858,11.823274365285013,7.695060138303661,1.4442447445859834,3147.0223516306296,300.6349663028672,44.0951819107649,0
23.402319639224128,24.76225794603545,13.781735946859497,7.229916780733729,13.32547093055212,8.267508900597333,0.7013645424588548,3519.903529794437,345.7439541077258,51.77420077785149,0
22.61649305921765,25.11205292473668,14.81633678831043,7.036572726633893,12.455211091384378,7.740104340553529,0.4159154210757726,3564.7047839641173,313.6969210306981,58.66941569189304,0
22.65026940317749,24.64684118426557,14.349438048981742,6.383200858516797,11.576104020224463,7.563949884173604,2.116842958414055,2998.933019637646,351.15147312300576,49.232788163422434,0
22.952654250077426,25.279975180018493,14.67424187179898,6.598310127015658,11.373258987115406,7.531366728100529,0.32056860003204773,3322.309943853089,289.2818309888605,44.490500135056436,0
21.501173312274926,23.07895460048018,14.170016790489651,6.345155105795833,12.309320670827816,6.93895654238526,0.8630081142804177,3144.082681450521,300.00298336216633,60.61660256640509,0
21.02908120439719,23.23205879367527,14.454367066517646,6.251194508862136,12.466058976231173,6.911860492933211,2.1716731551079262,3303.9806647643977,344.2007401799087,44.85033959844104,0
24.691211656256325,26.064717683496635,15.058379224104078,5.942145840680935,12.213148722756811,8.050001215711333,0.9231270093315725,2907.384572677844,322.8255177574707,43.19181725910094,0
21.94933888455727,24.896700106823978,13.993414882628018,6.844697639465807,13.24540131946851,7.08845138730595,4.328914348942177,3380.949854111105,314.77340045818727,50.37267000111122,0
22.704499466850585,24.440355434432654,14.579147029623106,6.65768724787316,11.480058032178803,7.719056942664343,0.8167657705563287,3215.76941885731,345.86749240218205,51.85306985973928,0
22.1885439868993,24.078237884713417,14.618204725920103,6.138024457890219,11.825394655986354,6.9658541289679965,1.3407348379498618,3434.648950793778,333.0257172332851,41.34171238013673,0
21.27073483039885,22.575669861467933,14.122947423079106,6.928375399330894,12.055529646988692,5.695940892586549,1.0003015940099302,3392.0292381076733,329.74662895164295,55.62916089505875,0
23.358457578529492,25.838231971732977,14.515679693262102,7.006573737976311,11.979156755449562,5.735077767162006,0.8694812536937656,3066.469589596776,353.84030273866915,55.87720322477932,0
23.1166894195907,25.088425748711394,14.686434361223586,6.70638633924656,13.054768529645365,5.6748616372396326,1.2321162517833972,3360.6186116431545,306.7039094297193,40.808651328013056,0
22.737492940155178,25.2502125036636,15.01567634593214,6.2599986958089335,11.983290552344945,6.6266197124582575,1.3730548907154727,3461.450728924879,306.91115643431374,50.19369304595853,0
21.807729756572222,23.949320147193113,13.379943421453593,7.476534580083204,13.089268170583757,8.706855045698102,1.8429335160511422,3387.772635750908,280.2874215897957,58.00950392384936,0
28.212107219216215,30.80062621772579,20.095108140948938,9.61844103149308,13.26300747368327,12.804855081724444,8.312926785456872,1828.1439774931255,478.11084886144255,70.01755958207897,1
26.18068901986867,30.08574136662936,19.16759398128863,9.1946805443178,12.677108163727674,12.535235970842265,7.122399076904076,1547.6266092689787,462.5607825799741,69.5414663336061,1
23.38185334325978,25.364975587230095,14.026977592504235,7.927019054460559,14.030985778305777,7.940267226635109,1.4078697146459134,3443.7767858222023,311.74579843732926,52.07133449895696,0
25.81977184373949,28.624358947539438,19.77278338398235,9.011714659618576,11.117389135204546,16.13734395092475,5.372512158697543,2047.1212261647179,531.1590947537865,67.88471393223593,1
21.396690918919436,23.552844184327352,15.093967130874097,7.107472319515689,13.083598557633103,7.3983725597302765,2.5497886942596333,3072.0328997266206,312.76291827030377,51.174615252486056,0
22.89877681437551,24.938294570200274,14.745876493366376,6.6454668816308695,11.875095457503537,7.237833174838341,0.8230267240884624,2885.9611813731535,335.72034570831903,55.768842695442835,0
24.29525317378702,25.87543706394881,14.386776290129722,7.37734688335836,13.79083008701726,6.376307161874065,2.3568224096503037,3674.151017143482,329.45884923381817,49.98660956220934,0
22.6380312949769,24.249525798695892,13.638895050078354,6.7414139975128125,12.118855335348211,9.122949129776714,4.156262125991627,3407.305896409278,308.59895814285073,50.14042308519298,0
23.244806517060812,25.124730690548297,14.512558236766207,6.9985233349412,12.395321902610945,6.273474711552924,0.4424056684241595,3153.1296281271793,299.5774687043108,44.79809924578045,0
22.458378135135863,24.281971823771702,14.746265898011108,6.574502991485345,12.133581473285744,5.61167818525855,1.9757766534496406,3072.663725917323,339.98006798105354,58.82436855226255,0
28.21731773316112,31.48533760181431,19.80001140488056,8.925353531193519,12.578031386364925,14.25532281260324,7.945399964394515,2072.9272983110745,503.44379589713924,77.96857750919955,1
22.680502686172293,24.335917579494698,15.456425110469368,7.449574910273833,13.442207790710292,6.83822155366211,1.5439234337788186,2870.207010541969,342.0454570050166,56.870282755799906,0
22.029890221147415,23.39094289355899,14.647976460058524,6.533928054913448,11.835709640513903,6.858307836179431,0.46057930417060267,3191.421667312548,365.65551196152836,59.643169004469826,0
22.184531004950077,23.553859353961673,15.14563713328535,6.960093927460936,12.404261224815016,7.172832592606508,0.8591570927948157,3004.9348186303005,319.061529965694,51.39618877137676,0
26.265298240391992,27.87433395791487,13.26405126227728,7.874148431893479,13.401135220481116,8.067629448273992,1.0853680253768256,3347.342401817393,287.05472657524615,46.88929522713933,0
27.7266671513604,30.341984471283588,18.25296922124855,11.358279091064961,13.40165680481754,13.3415900583719,4.937958833674227,1923.4464920450705,487.5315263439683,81.39916241451161,1
22.11403793853914,23.05308452069547,14.566218323028341,6.692443099914755,11.572920504857368,6.312062754767116,1.9280179811479172,3148.784841432154,351.6192381693741,49.810746545949414,0
22.540900161911072,24.296296631053895,14.013944966576355,6.354228255072748,12.224715656871826,7.475565624131157,1.0309754551000638,3102.001593803071,360.1904346706112,48.37189358425002,0
20.62417102956401,22.592247646722008,14.857229205552569,7.120770822468006,12.827515857315,9.035688889430777,1.0730152026146882,3535.698828855426,264.0838711694821,45.39487035886736,0
25.79601629425624,29.110339942703135,20.02219452284109,9.432360713720975,12.32670928738983,13.8906746078186,7.915407632532858,1333.924351201596,536.880520395424,66.26457856451393,1
26.191640040664957,29.529818781037942,18.36697060796765,9.815279836295474,12.560356986015867,14.075694121314447,5.3912230718506695,1959.7573781680653,553.4657563203075,81.80198031335385,1
22.18258219042727,24.72524116505205,13.472490371141989,6.051383802757913,11.708989363556142,5.2837406640509865,0.5591828208257729,3243.6289153864486,304.18889519840053,59.23301536040526,0
21.372116278669363,22.42838157000534,14.765176717064715,6.716592629650803,12.445548208516826,9.318979946293247,0.5218534506398006,3335.3448431588095,329.09181619597456,45.23515870333797,0
23.015541862959104,25.422099485060535,13.99167209581701,7.44139748441949,13.567361012324797,5.493871199818348,0.3435703911523378,3497.8087987951853,326.99419269320543,48.193041797160426,0
23.1274025856426,24.507346289801742,14.52712217894587,6.3988640830327395,12.17598130392804,6.544042841998888,0.9879524497493325,3134.287733459907,361.85048568593095,46.120678472198705,0
22.236393734594987,23.346071043078748,13.544381648187173,6.642366833041872,10.948499606838851,8.177886524102007,1.7437959710103623,3398.4837802276274,350.0865014225099,49.62709884948243,0
27.476528699896505,30.835997456855893,18.881737231945763,9.004696353978726,11.30771377609086,16.3621663095831,7.293039453224826,1985.9409178637002,554.9419257891516,68.26763615532765,1
19.263736028470113,20.828189297774635,12.84041091918695,6.741172534198918,11.861038892958975,8.461659155080687,3.4642066607768522,3291.761698232492,338.2059526826466,50.069360360879884,0
21.33056483439523,22.83585678001618,13.918606476094384,6.66746750155571,11.588826323594727,8.061634660797585,2.3900237651527934,3154.5664387865954,353.37629666985345,51.826451637294525,0
22.471049895467996,24.178840045395894,14.515566604415106,7.124440962951919,12.75586462418846,8.401791616969135,2.2056273305888943,3419.189997288566,343.70514987058374,42.93411079067099,0
27.089968313415024,29.73375502401546,18.573695125080857,8.835136846307256,12.564342247154642,12.349805858616728,5.368001920942165,1550.1035675745788,497.7902119252235,79.9116802182558,1
21.727740201219046,23.942175261637548,14.901999756903432,5.777685498099366,11.566999262651517,7.039571123730592,0.8754921114804459,3016.9293973924496,300.395931445167,55.30897669226823,0
21.644585060787403,23.60802798386811,15.094921420432138,6.726430247592947,12.64851472912789,7.311565260663624,2.608021921437934,3144.6504354537265,283.8073307980411,39.989286375837835,0
22.05427096080505,23.62042386854217,13.255701012927005,6.687096625461979,11.982480148428152,9.515595303267952,0.6906118126100365,3138.9761094603646,306.759795010761,44.19176307181429,0
22.21326234376031,24.213207993256457,15.161692342852614,7.457037490762302,13.703912728239164,6.464806019610022,0.6244511867654747,3154.4213248207516,323.0310932955095,45.64395510483494,0
20.832513039883686,21.91495604073653,14.000391635929137,6.287017591259611,12.30011517599655,7.458848885333101,0.9674389942007949,3139.669653015537,318.47829056449496,48.37783709125757,0
28.104226885863476,31.92037480929812,20.14436737018769,11.13723696478647,14.557902947081745,14.17461304449114,7.203642927209378,1481.7478641985203,531.9848486075911,80.62869727196582,1
22.439714268661035,24.85266135853228,15.56022087234963,6.8816801774579,11.909855899438991,7.3034768253106765,1.8442689557329865,2814.294462740697,334.89579661276366,46.5951658204351,0
21.578642921875044,22.985725308173173,14.294443899902575,6.337821333184812,11.522582213985997,5.435897577467115,0.6440485689311898,3728.942702390746,314.01126357787905,52.651971529623765,0
23.950039476711773,25.883082480841452,15.365211269039794,7.38128683409392,13.926038648751327,8.020442169908435,1.7919178645608136,3433.8735989696115,332.0267592377693,47.74666423587688,0
22.275634436417466,23.18890690067584,12.976044436791488,7.033845051929442,11.9600962454609,6.930161765193418,0.9960137176708008,3174.9884222240835,309.9944261900108,47.85268005236196,0
22.91580465807686,24.974400473167165,14.599801679731147,6.77937017367497,12.192489856735449,8.831116153024498,2.245335318615733,3283.804586554343,294.48149474479254,52.519439356897,0
23.266310950532848,25.55866075579474,15.377237694584203,6.762827335120738,13.209242727373274,5.860006326511949,4.857089490620284,3179.3885102127115,321.53131775850966,50.24415562404205,0
22.266110063576782,24.46066066593916,13.84329686207225,7.022919437614624,13.099774551097784,7.490200994247275,2.729213707982707,2764.830140878154,329.93510082217114,46.5116857699347,0
20.615730336131453,22.458031852640044,15.94114407941319,7.7861722395410995,12.87884093372833,6.468464920665682,0.6603110916451479,3373.817306772187,326.6332013749975,45.25441185860006,0
26.866201971491744,30.846121256518206,20.371141683738095,9.540292616624637,12.352276381443396,13.7786430381805,7.280630041959215,1504.8452430667726,509.9524085775689,83.27020630816514,1
21.235581097024376,23.535383057306838,15.371923967272664,6.31486433704588,12.573355319857779,6.353322190838359,1.140221946118708,3214.0613343932946,344.61691737061363,44.212775238170224,0
22.177763222513,23.946136285767178,13.785123989024704,6.5108939508901225,12.219962690442419,7.809557219164024,3.024562518280879,3115.4533207543827,289.79120126261,52.15006690011792,0
22.234836480560134,23.487981357976036,13.152265938218891,6.330422215114659,12.334505892809597,7.044735360422914,1.2862234716554735,2865.417343294884,303.8410615712659,49.08795649632041,0
27.864537097500172,30.461694138224427,20.69045538352484,10.223322949619199,14.163976294893803,14.367024316238673,4.730911835209328,1845.9672550239422,469.61224011325316,73.39837043084057,1
21.92853495174641,23.394110090906402,13.554414403145424,6.622032541456514,12.414067456352461,6.789635465569693,1.0249699651951791,3276.6140801623924,359.14551485235285,49.7891194675168,0
22.83285232554983,24.97076207586251,13.842548137262924,7.146407605150461,12.707885328178833,8.31423717313676,1.551961772649868,3469.166162875568,308.85808150246476,56.084298545645005,0
22.053351868714735,23.604537946492982,13.098098323887204,6.633256859515152,12.342624993637873,6.350636139916864,0.7375491906817331,3056.561112398906,311.08958664943145,50.85392073800104,0
25.283195447978034,27.474321667852514,14.643697818105538,6.503767272309743,11.709665991093084,6.962875262239155,4.52517290265106,3561.964441537841,313.36928119438244,50.7534292894193,0
22.78273746973028,24.480265568732126,15.602775701969204,7.393538839370877,11.754619672760693,6.60890115175526,2.414791234153995,3427.222259092322,337.8966584291019,44.98261719607902,0
22.741318856057962,24.99006199855015,13.508350171135808,6.650242481226261,12.138007971342063,6.364898099215745,2.6396334741528484,3020.4655853093177,351.43087401685693,43.9485544288481,0
23.331726728715772,24.91150595603238,14.044681441061973,6.136868919025421,11.655668378671555,7.2659591434652775,2.2047738115257736,3055.036204634168,336.73131410315403,41.57887601234922,0
22.231844657608978,24.044963455773612,14.349390931930955,7.142225238818214,12.607014347791694,6.687149869111177,3.0139131104231955,3263.8899247467007,328.5762132673511,46.068512973125706,0
25.721676435640603,28.83018361496022,17.88270822559726,8.690154688898525,11.354651227163622,15.153247052895868,5.913394683464559,1897.7770959809886,520.8798851760206,79.14035671153101,1
23.20878579683077,24.22834505121532,14.015875011515202,6.925314116051651,12.514433569946803,7.001111810404051,0.9315885065920592,2999.0154058182093,345.6086550496456,49.96112527773512,0
22.78709623693338,24.67013757749363,15.544857763097303,6.292002284415985,11.934774640745662,4.363877864845417,0.21767696253023555,3420.1203252285286,312.6906161726578,58.15576257514002,0
28.10777541248039,31.525227843493997,19.278327802099756,9.375157971632122,13.24653753593654,16.436300025497296,7.865107262634119,2046.2586121909483,477.9853113678296,76.37318457982975,1
20.204063706410643,21.82322757327741,12.50155118600565,7.898323027489477,13.909694652020566,6.3456365417306415,2.492828132804952,3202.898464831343,316.275708380891,45.86053566317096,0
26.152046638712438,28.985042720422513,18.745782043409825,8.942352902321597,12.924107676069514,13.806163323294273,7.2920988430380085,1319.5821067648558,467.7813031558623,83.63742222430999,1
21.353852904780776,23.648914407785576,15.190034787692136,7.257038582112017,11.947041054340463,8.339507830375238,0.9867824946079049,3386.5695974838486,292.76938770316843,46.03191750173311,0
23.476220660843605,25.279045924294877,14.3249069986115,8.267703103194235,14.153561203224509,6.608261637033546,2.196458269932279,3057.86517377775,351.7241256357908,52.851263617718125,0
24.470418192163642,26.03289362893616,14.449141168651103,6.827025831423001,12.579502443665861,7.9702308322706426,3.475395982785475,3476.874810029539,328.8187556314718,54.489026407226625,0
20.38708468901302,22.332740807434885,13.061428208472714,7.033222298420131,11.822197779205343,6.647154834703747,0.14858583255737698,3255.036297587819,353.8193543938562,44.81743684620705,0
20.37787276132458,21.846594252138484,13.863148689823493,7.092510666143899,12.3729466121398,6.586990559423992,1.0620725788974026,3034.917184299971,305.1916948786493,51.41108877485321,0
22.911270415653245,24.216299760364215,13.194388091978865,7.456891088285904,13.52102571200999,8.723358203173449,2.0940925825200445,3847.3474293472623,338.1628729683696,51.11515128792567,0
22.836193390583528,24.546465802232287,14.007085233560845,7.178588410551011,12.268469763062217,6.954976965532777,1.6416470994820387,3094.155627441066,309.4845164385995,48.03980065651439,0
25.796240156085513,29.785178366314305,17.50023624176301,8.589503542442436,12.477356818640196,13.36591294428931,6.154663106909476,1966.6214782535258,513.9109549795144,81.36359299443481,1
26.349646881122272,29.299917987550753,17.548215250833493,10.995981423636962,14.626863916612901,15.3163449962728,4.726779315882498,1432.969920315533,527.0800014150024,84.87504291850782,1
23.878134851036105,25.20452262774708,15.271140338444457,6.133660779487398,11.739297992232906,7.46652030438255,0.7428755708697543,3476.8279173351934,296.84844589127465,64.71376323002718,0
23.867854273354855,25.589698132884045,14.978479324037973,6.934406178206077,13.540981443499756,7.878033719583395,0.43430142257977117,3277.432375771752,312.29053826915884,48.42420846842363,0
23.31345038343709,24.77973765942324,13.793024687447149,6.521641051071418,11.275360601223753,9.610802080560486,1.4003397503136608,3409.53672422429,305.40936036363377,44.52568253816574,0
21.936989217474355,22.838233483880515,13.488795065642108,6.651066597521569,11.333217224519114,6.439840184866714,5.01020949793579,3253.7161773659664,300.77374731033234,56.25574456509451,0
28.043925236633697,31.006216377122875,17.542293109300502,9.861683678554828,13.092822842818721,14.075077571937577,7.324210407821523,2181.8625498736365,498.4981284102984,72.67363044655599,1
20.8406403228428,23.172213650656964,14.983032416222315,6.096456402607991,11.05863463889576,6.72256331024404,1.1041622994253186,2968.8978579425007,290.4617311667461,44.303441639662246,0
22.4709652723309,24.34117976416234,14.756173262359063,7.487242490713779,12.939733500247389,7.371699812302538,1.8508216264289965,3057.7737867276437,322.04763531510184,53.89821926180759,0
23.401664548046146,25.25108362642838,15.534196231614565,7.143619225197644,12.084707394930753,6.88794515698011,2.227788227667007,2892.763773382027,326.3082493342919,42.41448316408445,0
19.59091168767247,21.065705938768417,14.527910357671526,7.195379656116264,12.942554701698425,6.741008098145367,0.855364749673006,3020.684023538913,367.7973541124361,42.43685612936237,0
22.16318990775987,23.55357847140532,12.934129128692808,7.101236718141181,12.376172776534219,6.837221917249576,0.6098511721074675,3949.2995729297845,320.8302544971343,59.87186577544648,0
22.476887544318725,24.76500070288581,14.20510450737144,6.9387579294409445,13.55414574090387,6.185558795151814,5.736287854490012,2937.4039731625485,291.1231094759965,50.392172535987996,0
20.676756040855185,22.749576867140235,15.062752106511116,6.811169619659304,11.36444988649567,6.8648653828687785,2.025963135228831,3172.8122442915956,281.3073399689703,44.71347706234343,0
21.543725693435427,23.22508270980751,15.33204945592206,7.0378759959157655,12.540815627216364,8.625882380722802,1.4807302372753202,3528.1372985850567,334.2902177701779,43.49644099704008,0
24.258778522705864,25.915442461897374,15.595760886123347,5.610784170063336,11.439280021070488,7.8101025789449885,2.4404406805045817,2969.2202039408676,336.4756488005274,50.858268849844485,0
22.234495651697074,23.417375045613216,14.628471546537408,5.987439370558738,11.267737609290783,6.936599396857858,0.9591248585459312,3452.592712547583,354.7998924528167,50.10001609913732,0
27.327551387065196,30.572551617005445,19.1470261932473,8.554826544215071,12.345263517660268,13.007804482818905,5.338182950407356,1791.15229296509,578.6587243409115,81.08660479101167,1
23.033115973783246,24.986311567679618,13.929132264074259,6.792218455564853,12.553528927405448,8.637848965465786,0.7753885044834674,3315.081954595371,311.8365849155918,56.21348239636684,0
23.889733048200082,25.85777084438082,14.668480671438113,6.810546373925294,12.753113790687618,7.3469219570895765,2.369630637343642,2943.4829793147105,341.50460300545194,46.32234667046209,0
21.31538456741858,23.08014806980695,15.596081482888296,6.544968024951959,11.01114593477903,8.58989291187616,1.1229417121413527,3531.3272493169347,281.3039884680335,50.11702255372065,0
23.09198148105707,25.264858106761224,14.609881983525629,6.953067276551377,11.66965483964491,7.30453067379928,1.0461595369899113,3589.935486820991,337.1843310559376,44.03140608865637,0
23.960590224990597,26.140596556458455,13.47731789695814,8.02993599251469,13.033583435009453,7.912366580823778,2.6019686898458256,3204.694430846987,322.00948500522924,43.39603298190251,0
22.5698504621352,24.452757393894778,14.837424059400696,6.658937111533044,11.847944804046795,7.732225237529108,1.3866110555237943,3269.3698103343663,290.7391060625624,46.963365447911514,0
23.15654293821025,25.371064095039245,14.726442529806922,6.611288299434835,11.559261812604,4.482270388832659,1.0464858109729478,3184.312868607712,339.64616032890376,49.64583046237372,0
23.274451139502176,25.238356257885975,14.449881422302543,7.368690548814457,12.072132431374714,5.931169216022492,1.622076935621427,3379.4828464556663,339.08298628582867,45.37722390265342,0
25.532318911048346,27.812531574437894,13.987134986769316,6.687253288332681,12.048724070405214,7.291679886072601,2.9235257653849986,3232.8806825195393,302.5046264085506,47.449809127428324,0
23.35315196184419,24.999143237159046,14.567614780652262,7.23171864009494,12.5435899796155,6.865096176736948,1.8495212596031037,3124.2284807219967,353.17978057004467,46.361203492542785,0
21.69405195847434,23.553287726393652,15.619589141577874,6.633269653409114,12.588270483224992,7.463413687658479,0.4651429301162451,3015.5934336822866,285.7716834404576,44.915527428812,0
21.149413143241947,22.82091603679478,14.309853346431213,6.5965128168133145,11.953729704788746,6.191012193604984,4.109415209500772,3213.807609120278,327.08308981339167,51.189289670140035,0
22.404430330505143,24.595986153927853,16.26161113972769,6.713063089842707,12.260853955851823,6.940541389012955,1.8618731223219074,2989.521739791486,323.6992220158191,59.109476579630105,0
21.807874403318,23.75493412051457,13.482464799109822,7.330628129256059,12.852824298038898,7.155959071726791,1.7247327147765465,3517.089652874017,273.6914374222531,52.61435633457149,0
23.41071430774412,25.17973692345372,14.497771111466479,7.245671950802623,12.298119031896046,9.976960204268245,2.304732896966029,3218.2004485905773,314.471794302147,44.582269037757406,0
23.317800836847148,24.621096606654497,14.230483898571888,6.871188956255233,12.448650850635518,6.363687117516247,0.9303432740414052,3483.2105529282235,339.1806156863322,44.59405760980504,0
21.780728825467172,23.736392503734344,14.733250941345577,7.454722050701323,12.821634106638435,7.170064454384358,2.01019264544354,2797.0707335952866,323.8386994105979,48.4492750249466,0
22.02947021624141,23.497292453618783,15.185361984194044,7.060344748211334,11.986427717686109,6.542993170569128,0.09765817811133817,3347.672011211048,257.85512719284543,52.38817195504942,0
22.952760591653824,24.87320352733052,13.821547521575592,6.060401990821116,12.044343765112366,7.067452844710704,1.0061261284257454,3280.5051199138034,302.9819597720574,40.69794248901753,0
22.655065418370274,24.78072612321758,14.090589153646157,7.081893937503457,12.146229953137766,7.234747906767836,1.4776103202156015,3248.0922317593777,334.4896055440935,50.620793019236075,0
21.421838421850754,22.672852202697115,12.831366048875996,6.764439854584832,12.036681449078351,6.451000287950736,1.1164254756839118,2874.249519546299,325.22298183694386,48.23672256567963,0
27.989998180784475,31.213892838203225,20.418379898157617,10.462281995390473,12.90946491761516,14.1915741877879,6.8079997026773444,1679.2851046998328,539.4022028522267,75.18032096607354,1
23.872504851848316,25.86428145908274,12.723663192851898,6.437848732896167,12.132136203117687,6.408746144511009,2.683746255827802,3215.776780373006,323.9597988938117,59.73628369332141,0
23.643763960695892,24.983302466074743,14.352774080640797,6.481577392864805,11.882510129801531,7.022586022972741,1.1837797207749001,2980.5758716208597,334.81052518468266,59.989223868135724,0
20.783830346447242,22.599005480626282,15.832281534098826,6.397004134470292,12.34107263048353,8.08988747015191,2.1893473565719055,3425.404862231186,317.01363996859163,56.48886906895584,0
21.968061298570188,23.85779716128142,14.664060271387704,6.5976023102898536,11.578938678313296,8.014463335452527,0.4691296475911406,3070.984955867413,313.84600439203695,47.811390740170474,0
24.126765430565943,25.52514359182914,14.23592784663885,6.37807306128755,11.853683403682602,7.311821337722632,3.5114187025176444,3298.9278831042384,308.28348726300504,49.78441727443124,0
24.967448555928385,26.433719337731752,14.41278126402923,6.229029090419344,11.431414200326522,6.412436054497664,0.20529731764272585,3102.6972137008092,344.7596559152838,45.761640253924824,0
23.544081276826503,26.17850009664135,15.010084649784966,6.676332018051791,11.845620089439368,6.698214817771936,1.0425025654432891,3295.9137559666974,292.51878606083716,53.789615170056194,0
22.755952448847527,24.305426338374325,15.569575258844768,7.368888390334331,12.572383672282783,6.2246684618471875,2.245559682858454,3301.2574011110482,305.0181380433714,55.534268122362846,0
22.138675565292854,23.312978920608433,15.044184166734103,6.465281543183255,11.89301584026585,8.382523335962,0.9373807111294141,3529.651957044511,320.0017966764716,46.14843231054552,0
21.852288383628768,24.283535606653643,14.61967836601503,6.112182955606819,11.817545085489442,6.649832050663798,1.1088283637999872,3694.98709207265,327.66280516174487,55.031891374018905,0
23.06711697889565,25.456185249196043,14.540182159332545,6.950703534890558,12.27006032457541,7.074603791876411,2.0075633548336476,3039.211500699722,339.6206342137123,57.77420120213129,0
22.619198766515073,24.182256384254252,15.580891271989373,6.3797535072466545,11.701440849543086,8.128346540570824,5.646406140232866,3283.153189737494,289.1576458917863,52.40548832714122,0
20.92579652117981,22.91596879419046,14.159395516278728,6.801115811081201,12.475167291181776,8.028534791057773,1.3287099082726295,3663.6655334648963,329.60579791297727,40.611375680448965,0
23.788358099831726,25.39493350629311,14.678624730604296,7.292699855725025,12.69792805108626,7.986004737609857,2.0378058781478208,3130.9669783797085,307.5433893389688,40.47213323513735,0
22.30645714600079,24.904724141914375,14.32874584181771,6.6753151874137595,12.02101506448987,7.9464046200831575,2.5403755332735187,3312.925050243985,321.31555325043155,62.51818321144167,0
21.356005670089544,23.36145145578198,15.169723589065107,6.576678476592696,12.803712163731419,7.601699144332911,1.4056847022151118,3447.023995894172,337.2815622752201,50.329315331598785,0
22.812386206525463,24.51758141852041,14.234918160729721,7.594761518051931,12.487617847189828,5.659937809120282,0.3242698837874505,3449.026197329275,324.9755278190683,52.09937311395884,0
24.351892233926627,26.579800815920166,14.633324653887875,6.326754602005786,12.22562179939251,8.666531617518048,1.1531934003957822,2895.75935578912,295.27144799798447,49.24705830295683,0
23.8512603009266,25.445347230960703,13.564415496637587,6.582461379211842,11.045712688928461,9.381710959364831,1.3711545047918348,3078.4658832877917,314.9424997478221,41.100884123382826,0
21.438236743167717,23.599843765072244,13.201293976047005,7.366402348587403,12.658526000768834,7.936872939237316,0.7655960567584619,3152.5621106850795,317.1714365842256,46.41039024525709,0
21.57238825937344,23.278540031390474,15.137361541656594,7.2132016586652625,13.01853700631987,8.579108264841707,1.5425319171527625,3193.9571434104478,349.13313998058203,43.724009425420846,0
22.63707317839445,24.366847600194763,15.83869115692202,6.335890016325991,13.044610213747251,7.608159112036899,0.6721274860972828,3308.594230507092,306.34448961282044,42.17071807672811,0
22.219015950331997,23.63644139960479,14.39986045729347,6.770172844003904,12.610274607124202,8.392925277343016,1.3630540619988212,3306.697548314661,347.5107110564216,45.68666821055734,0
23.169372367622234,24.27031776369093,14.818438573207409,7.071101503454524,12.724620421422067,5.759013737095056,2.438631925171075,2970.7429928148026,288.61329975768956,53.79194356505572,0
28.19035108203783,31.906463637931612,19.8821570758228,10.389820236769129,12.64888659475407,12.799660639245221,7.047608771250145,2000.2101828759373,536.6302696437434,66.75888849610853,1
19.256121248400916,21.262238977050703,16.013753408666453,6.0463870898080305,11.232789648959987,5.623655554920361,2.6370310964398875,3522.0526177665206,324.0033724245718,44.66570079168847,0
21.257709213096753,23.413808213431356,15.259050477177297,6.786307839798128,11.728785353318898,8.11200828402017,0.5963138259882416,3171.757381012733,305.28237916108077,57.490251422682974,0
26.894773941347545,30.497512138226647,17.795153634437128,10.150363590959168,12.607773865259423,13.544524887759136,4.900810139349256,1838.5248929042168,540.8892483396322,76.20008322510498,1
23.16922927287015,25.241317417060827,15.621607460735298,7.530858508128559,13.210958159565383,8.467475717060024,1.9877401351803687,2935.120353826456,339.14451348700686,57.42030276610349,0
20.588407519761997,23.17742439047792,15.399946036242593,6.83693171720544,13.153460407013835,7.978446068429967,0.47393161651023336,3344.895311996201,302.8989138739976,55.69319474843567,0
23.665885141145225,26.030068799226626,14.488720827274662,6.816319418345436,11.498454970279834,6.823780919614747,2.2482980526699325,2996.8825419269165,379.80745959174396,57.82290620528707,0
27.761427926737976,31.26790127531583,17.787331543067708,9.021142309622869,11.293888271584027,13.898695199535547,6.770343259374707,2112.890615482111,540.4540730007458,75.60048851054334,1
27.430336562903236,30.836255008097712,20.99210071505322,9.561719872030693,13.340607817705695,15.524460229648751,5.372667480806005,2007.7685130371435,527.5386815344098,80.24619854733207,1
25.59565120518518,27.35648510660802,14.738761451185152,6.664866197818055,11.94008674084071,7.1202745084465615,2.3949898429406704,3164.2933403512125,368.3240793867134,51.09876477563775,0
21.145137874539326,22.0968578134853,14.608739653774679,7.484047118407449,12.822898200204348,6.884606135697931,0.5762588723363823,3251.704090447851,298.0021648819216,50.697815764106686,0
27.120627233705726,31.064795265233474,20.463238711203413,10.592742726878598,13.584771817389512,15.797435530852793,7.711205375871668,2048.407798813456,452.9038950695348,76.81032595773684,1
22.971981407273248,23.929722630537118,15.576118096361931,6.9635361874389226,11.916547147461387,7.494983644804171,1.2767398267287424,3130.223535910013,356.03497775804396,46.5124171468194,0
22.338829510235342,24.438789606004825,15.633129433360233,6.424794936122671,12.867384705319642,9.003952350011527,0.3458767233116684,3630.677427680182,284.6854204363985,51.61971390359135,0
21.59589855558458,23.237406684343874,14.575696835735487,7.090283843517807,13.960365676496119,7.092617234648516,2.554715903124286,2842.783462387584,249.7818851910584,49.3460714074878,0
21.809018111226383,23.859270484684785,14.082294743984006,5.759629737304511,11.099235459974937,7.335001798476032,2.56475909736055,3451.6561578991286,320.3846891125317,43.63503333884364,0
24.147418169611836,26.026584836548665,13.265239245451403,6.217668325743802,12.139976214468843,7.377664849162248,1.1979441816564902,3244.8495097951113,342.4077546444665,50.6049771718175,0
21.321015127754027,22.794528229937242,13.984527786382413,6.853091459720108,12.230214247067497,7.650133836467202,0.3692808511915977,3425.791897998694,292.69159255122474,51.44727474429568,0
22.14119117944096,23.4816735653775,15.105251739930512,6.351373496919371,11.216732172691007,6.036038925576147,0.8342970628943901,3479.3801371936515,365.51450670662416,43.74238602847734,0
22.36231627023972,24.714897901715915,14.602893960323973,6.517469763224404,12.294869094113604,8.45164355356631,0.8519405986045699,3412.734231943945,327.03391343845925,51.2621437860789,0
22.48883961463366,25.16732887149478,14.130986359601355,6.689717029866343,13.066721319829394,7.675332268382147,0.6842169317904132,3545.595686422485,352.81273359886086,49.37060336302955,0
21.872732375377154,23.654527477256657,15.323015193138785,6.469487472686253,11.908828161451346,7.864106317809244,0.44888587159465754,2640.1693333589437,315.3124029067807,51.32150707037977,0
22.068849491055527,24.35643780697299,15.590701210830671,7.030539016148217,11.716380329747317,6.815126115964697,1.6264809732619196,3140.9613580356936,286.27069739641206,46.14481842929489,0
23.452186464662656,24.871822172787763,14.373729992127792,7.029194504978534,13.198979404148453,7.786989067298124,0.9695181913310842,2986.9165803867227,336.91371901007375,52.24026399302463,0
23.11570250411675,25.0594928231356,15.51436838968247,7.078437361184073,13.228377929450694,5.107111139925414,3.012476796959568,3389.978210794121,359.4714030093371,46.297092298975485,0
28.17171820273135,32.11137397442153,18.313125828153506,9.186427010925957,12.020387058105069,12.432168431563559,7.07435310536754,1265.9960030018517,498.49807909159705,66.740093809222,1
22.65069174416585,24.94269197325351,14.341903625763228,7.099725343160852,13.798431624500385,8.963128671895767,2.4749993001391295,3407.3359813065704,310.32897605033736,44.028304176903625,0
23.6701436801013,25.303196954659267,14.732757891471588,7.239481986535325,11.925578508031016,5.632531711003047,2.26227977990322,2985.3534435925035,326.7512403361299,46.08528460363808,0
21.17614996113398,23.281761873763124,14.527500247221168,6.829952628398219,12.482009273675807,7.2935504462202,0.8574331973310104,3179.7596438158066,322.63751874490697,43.014724884265135,0
22.811859353098107,23.75052218514961,14.796169511953392,6.299342672901016,11.30654098209925,8.503679334583275,0.6283345925485248,3229.260258895316,357.40007923888817,49.50439740421688,0
21.884143720234096,24.086513524952665,13.937031680534853,7.0833010741963625,12.672544293246482,6.535034753384226,2.0880525934601546,3146.677896653513,299.8269478547554,57.84817252288857,0
21.32693370624174,23.481026299437335,14.199493067387571,6.617423693400893,11.619064718619843,8.06363924400606,0.47420235212656775,3380.089374598377,280.6283096881337,41.99072353057612,0
21.994818623015686,24.043903112575794,14.902472294898997,6.598467065981639,12.383895166996059,5.972329406320916,2.531884736854753,2510.884300727322,325.78515878193537,46.493359499309186,0
23.658476981509406,25.405622345948785,14.530059887468692,7.360468256203123,13.739684230799178,7.510127733525678,2.391445375616619,3324.814621395416,306.77218331813737,53.84603173748774,0
24.438699388257877,25.95941951841346,14.648670103122203,6.783759482078953,12.440969646678619,4.853568860510078,1.0126783403385093,3438.2046943058635,344.35296170584246,52.75371345766274,0
28.45265104369432,31.695654064103483,20.56828412135961,10.85825868755035,14.480344571205375,15.862798565436723,6.6261043021000265,1294.7385993025198,500.94663157832593,78.26022006988049,1
22.797864703560403,24.4570961764338,15.808638244908652,7.143428955506128,12.96339270371441,8.391587953923734,1.765076087357828,3207.5671677771547,294.857175489437,49.968038399701065,0
24.01430580085679,26.265417901110347,13.669606916008616,6.428835993561714,12.688586672158316,5.520167125130669,4.105486086339339,3797.968347364321,362.39031333195214,58.31515689105924,0
21.492948399193192,23.31172236001734,15.457528759009081,6.324654653292372,12.182872238196271,8.150830647147332,0.692592813758651,2869.8395851175483,289.1073493994469,45.68393620269459,0
22.843038468869885,25.345011697528783,15.37368542718594,6.638478815613497,12.170325947440865,7.126738870275829,1.5292687576323423,3314.4179027983964,298.83487894029355,42.44126730955918,0
21.007364117530457,22.537390510014237,15.02762517567131,7.08853609191757,13.241697918722139,5.675480667432729,2.2927949390105486,3024.0416854826344,314.3350208996351,53.226923358784404,0
21.889243649151002,23.550322733567864,14.275068766028355,6.232182047621086,11.42118435754525,6.507688367672899,0.47277242140054065,3274.7989055450225,322.0995394373689,51.56967536155083,0
23.404009945325438,25.206881332088614,12.721140665650243,6.83952390107514,12.85105817493789,8.162213583738284,1.5581854265975879,3092.2250026185766,360.12995038023814,55.05454782671372,0
21.39519168830476,23.604603945978898,13.31716245040096,6.478611808550026,13.147622680430135,6.593332696886722,3.942371381921082,3388.10905020437,359.0722454919544,55.240418322859426,0
22.583762501988023,23.848320182098725,15.189149220506245,6.649587021983851,11.61017740329211,7.668772215610804,0.6984497614212009,3133.619284641663,359.37335784472646,56.2313139049934,0
22.460124011226647,24.251203897739426,13.895239434646463,6.787935444772513,12.11170004517852,7.6341084916923325,0.7892103630729168,3242.1806443364694,292.10538221536285,59.07336723856394,0
23.487804700754296,26.0494593365835,16.24807591602889,6.671473795593467,12.340159430884736,7.145586771544424,0.7949623287019385,3474.181051907321,296.63786629226246,55.58282134556899,0
26.54261631978756,29.183713893343555,19.28012729768039,9.96282328016547,13.335575994898376,12.42896631601825,6.099723452257673,1440.1294903464975,469.29317698788526,69.89052862917691,1
22.267408633472634,24.290743202757316,13.955861218921639,6.310988488238715,11.707535511522618,5.7579967922206245,1.0114881230678434,3228.9651897105,344.93376641378813,51.04313640242824,0
22.756912492956246,23.958300790920216,14.936629370825884,7.24502886623773,12.75223904230123,6.891371122741592,2.327506775861628,3967.8341754015005,296.596238848128,55.03441789341123,0
24.763423081452636,26.80611230510711,15.05237814889721,6.593288114681779,12.633751916166128,7.774222698621843,3.9249802100517663,3150.723003015651,295.5108671341362,53.75416054673408,0
24.168249058820777,26.653065172427933,15.185389937176367,6.693955165039787,11.891170610217134,6.277561274570347,1.6022431862930444,3186.4121813999495,351.62997219882374,51.91598075604204,0
23.69525722296698,25.808109223579564,15.441747970547471,7.4389283275152565,13.038563238121881,4.699510577198485,0.6635428855185896,3164.746070377577,336.15202344094325,47.56615883522607,0
22.554686207884576,24.34526534753488,14.809106123078449,6.2240012262104285,12.117508236593103,7.41188106234563,1.7092261722895803,3279.5638116458567,362.42135184280704,52.932045049849506,0
23.235328686075082,25.24813116560386,13.659023976173998,7.5879379047509845,13.569869828874943,7.0456521491481245,2.4655957964984414,3182.6951480146204,354.6025007722526,50.14364346235652,0
26.96431677560647,30.15208958440788,19.20467106839055,10.475729104489435,12.661835710676897,13.310718221257552,7.222545569786931,1707.6494284020391,509.3210682069466,73.84077323897812,1
21.915449539482363,24.133484929116264,15.24259655307546,6.606185083668377,12.768605532220585,7.337129732748313,4.998250924582282,3045.032232343862,301.8620423889521,57.76623593344377,0
21.601816156132134,23.669152351619367,14.301798065408233,7.002411704404134,13.323761106420836,6.493544273711612,1.612286677424843,3188.863783938803,318.7623838483733,50.343257285371415,0
22.24386855488375,24.002496065167637,15.318273177240611,6.712676027159186,11.799386409603837,7.757025421956184,0.601617717240911,3082.9128278601374,341.13651332435916,44.120100981164455,0
21.23074688525292,23.387785820572645,14.0507538029355,6.4187910246985425,12.58494969046231,8.289623510187068,2.0714111115868152,3452.247869232912,326.2056376852585,55.992868354331264,0
22.837429708763253,24.159312203323555,14.073527678387334,6.697822136677176,12.718656072962876,7.607937081982096,3.582540297906742,3627.702136028579,324.51402345493676,41.67908522714487,0
23.068599505094145,24.925954892031044,14.788131347156613,7.046007140283449,12.43155811138103,7.013738257173448,0.7865366421713245,3123.2509107093492,320.34139159593644,46.588805026128334,0
23.242985113206238,24.97725103085208,15.422118482609354,7.121834376511245,12.43968094675143,7.222015185501772,2.1616470312503884,3130.9474046999185,315.62287124315736,53.2802178360148,0
22.45723022124302,24.4458471734103,13.989131339883976,7.360594071284952,13.305808105997027,5.976595068593586,0.5630759727164859,2938.9785160440397,338.4652016523354,55.721025793289655,0
21.934754033258013,24.70544062779622,15.783471286646877,5.902904066725282,11.245481717869682,7.3231801258833835,4.772603752114816,3117.79229335319,316.70749365350224,55.53312654568642,0
22.72161636703789,24.98019271519818,14.415044727968198,7.904927832874232,13.844307574006264,7.024738564739714,0.6277561430323414,3150.617848927196,334.1810426701726,54.364394749593934,0
22.11321543694639,24.38997517071182,13.883344957817048,6.989023130213941,11.884844894685862,7.592124815136441,2.0077260774665446,3365.8457622118462,301.7609730463102,51.83117876591869,0
28.38533606593337,32.01185432506603,20.78278628946819,11.467702899813865,15.394259533957609,13.753413785856791,6.414968250571029,1372.0926739304437,463.73240211898917,72.73989619617156,1
22.9953371123238,25.4088281962904,14.04348765583991,7.00680812878584,11.679774284341978,7.407298956072212,1.6265179047031286,3145.821247153393,304.6785501331398,53.479806276518026,0
25.24913108710889,26.374193348264605,14.478991365384118,7.156633125398271,12.286040543218117,7.975663524831995,1.8592518166035632,2994.162615409341,297.20505295848307,47.67968734935672,0
22.52495244921049,23.927608969377708,14.87436033770548,7.903234489942336,13.340196466020512,8.06202652164938,2.3775683036851287,3327.066830365837,331.01656392030117,56.22862538801498,0
21.218960502894873,22.894837420740913,15.15384496299066,6.317553349906808,11.521958869040507,6.80560321968113,0.8390728029286412,3140.3457428723486,322.607158055805,53.947493798250214,0
23.25933823932754,24.57805789717188,14.729419289906069,7.164886468517097,12.00944752164818,6.720556909520453,2.508500432170873,3664.1680844794287,347.12972290335904,43.840657229216944,0
22.292313810859355,23.706431640559067,14.207807218008123,6.992855420265726,12.477066599609312,6.812147593229152,0.11863129528615857,2985.9747931406923,288.1428194237269,53.87281652191229,0
23.760785275209134,26.488801564016036,13.297703513054088,6.182148488975296,11.839425713790273,6.296584977519855,1.9665952647136582,3046.1519185612806,363.571661751294,53.15332704943837,0
28.26983051955525,31.682601120316715,20.375261003656856,11.446145196972257,15.43352954778592,12.80418929716579,7.494954836440273,2034.6741216803634,503.0143917025613,79.60322009686624,1
21.897891547698556,23.882715904999316,13.224195233469334,6.871653152500001,12.72903392162911,7.163625198502055,2.277858983518555,3345.9323403804547,330.3768127424771,45.74388304168437,0
20.365535701314865,22.53169181153893,13.91261334242317,6.164818976837457,11.531176839922232,5.790359929844293,0.7890669932751235,3011.2415010223754,354.4341644695288,57.08270175496572,0
23.794417000117555,24.926977296566278,13.819509397638441,6.578705353612921,11.850390280283428,7.092198936538327,2.068383643155314,3071.395809585868,300.9816538305747,51.07517906068615,0
22.57155644390421,24.460472386224552,14.927491918909107,7.042679953776595,14.026062056196908,6.839425438534791,0.4728856818892959,3131.2043906534136,317.8967604212691,49.43089836908209,0
21.58408901214898,24.169123888361298,14.857915149655181,7.471090065622427,12.203779176975232,6.298313474845871,2.256283722269303,3510.0958586513552,354.43159759533086,51.37831790867615,0
27.57203958654749,30.85722671234484,20.58514986462704,10.744623465183622,14.674115247911459,16.262836335267863,6.888246017838608,1553.3433963625953,570.016689376071,70.49607411138776,1
23.23096574508861,24.998614345942425,14.536805109389073,7.75127910261478,12.68140858950435,7.386939182156631,1.2296340616095849,3463.5457911593267,372.8635865575325,49.561882268728844,0
22.856381607879822,24.49957655191217,14.315144418033857,6.71024271256376,12.646139781860596,8.201997738537125,3.2094861059191397,2750.1608296958816,302.6575508095833,52.49750398484452,0
21.29696476243463,23.310816396883602,14.735977164567057,5.92285757358875,11.245143802160122,8.764665250814405,1.352133694200147,3178.832275625084,320.80063358420546,49.72787849814347,0
23.00630490508234,24.188012990406047,13.900662618717407,6.921737538568385,12.014113734991803,7.544565863062978,1.8099048981124097,2904.5265064070027,280.2838957850836,52.205270564078226,0
21.68769359963285,22.90722332361223,15.419737615102997,6.425292006521513,11.026216828739086,7.625863147666998,2.7695636693958674,3274.046138497116,369.3433360683963,55.65839268500609,0
21.426471237336596,23.038021376609443,14.549865079695298,7.389994264844893,13.289460568924259,8.156529770518764,0.5050247981219801,3396.313839892887,351.11372476907644,55.43409015034445,0
26.62342801039895,29.35327596544879,19.77603707831738,9.639031623716232,12.100403310639129,15.231310962136973,7.3668340090361575,1883.7607747575566,504.84209320586587,75.483761425406,1
20.89758676954788,23.206528169590584,14.142943587812525,6.9976868405928325,11.752157361778124,6.5272343391749565,1.2809541486352467,2934.631756769093,322.13596713049776,50.250450742853985,0
22.581426612632885,24.85418304981687,12.927555286818796,6.676714472870213,12.940591535357456,7.441733892334158,4.028365892988529,3590.6671263076705,313.5299784097771,53.388832830904015,0
22.721560630238766,24.311146693171736,14.021865853396115,6.053768864997004,11.86220735685786,8.68071376624873,1.4956858264838857,3047.9616120948976,278.4153322160117,58.580379731992586,0
27.65560898698733,31.06555375906641,20.04894406946717,11.499091628977208,14.381048884636224,16.100605548561532,6.041339205414429,1669.5169951252078,547.2208414482309,73.99760090835522,1
21.637016016909097,23.715483215772814,13.542667526172483,6.846467826341489,12.288922430752116,7.802293802185959,1.2535680124656876,3565.9751965435808,333.1571467170495,45.494238286829564,0
24.91606469703195,27.637520197873865,14.737969642494253,7.619480263799916,13.865856467609332,8.66902128763572,1.9345217776267054,3334.3413562337064,344.5609707682227,48.04023165910696,0
23.53487216685931,25.1009091054922,14.39878488243684,7.114869757204369,13.19951349079486,8.069679490723976,3.2091345682927606,3237.1327539103763,322.42601568111223,48.1450964526733,0
22.915786171077592,25.170711988023484,15.779576752091032,7.225359697230323,13.393330682228585,7.378445538588715,6.5202039764978865,3120.9709298423973,302.36415689856784,47.49622790654648,0
19.845765706404592,21.40277679135647,15.77534236496321,6.19804317551681,12.364572079667898,6.724666852557639,1.283871564843709,3355.023299396717,288.4756310272849,51.349118161885904,0
22.57227625192923,24.464304555605793,14.028710293775099,7.517154834676038,12.983339425916196,7.236149711378235,2.9502354678655642,2753.215353103887,328.31551961952596,47.23477496141532,0
20.91572015157523,22.6985907990506,14.408287331594886,7.27294407827732,13.243785174635345,7.777686244588385,0.3286483468900792,3550.5523973758172,331.8024172763774,51.354941073436,0
22.327094933134063,24.954257468399483,14.31553088118111,6.870989956937002,10.837517472341839,4.5268653866999085,2.2296767746231327,3434.2035792306665,335.97172184197206,55.86360589911556,0
24.45889356471796,25.953579123046527,13.986666543895694,7.3473992511136625,12.409447926725347,7.5090213466426095,1.7498162274028954,3122.6678768064257,329.591109624241,49.83207297616405,0
21.80923460851467,23.279428943903604,14.718408573995509,6.4201634911237235,11.829901791579344,7.27502746086312,0.7609788987297255,3025.7421326587846,320.75584506793336,50.82319265724869,0
22.767886696954992,24.60155398902927,13.300655038433842,7.381500484852652,12.439524618385185,5.801587325974488,0.9523601269359703,3268.3803918687545,322.0474168800198,45.004140785770026,0
22.06459372747241,24.32615402117471,13.756966334838033,7.314590218063984,13.449716798806147,8.561511916324148,1.0916480189842974,3605.9653530805354,320.7942428174409,50.37950511442184,0
23.386159895994492,25.228517677240585,13.41445154424034,6.25048038773407,11.426478925290185,6.643301779688922,1.4310813803581786,3158.092118627909,269.8174025081174,44.65898084272841,0
21.03084211645276,22.53961127731063,15.482424167686508,6.875301246422317,13.012259283361653,9.602653661930393,0.4264252291093191,3195.4582796486366,332.9493344072541,44.702057581489576,0
22.792560856525437,24.781949616139528,14.22225080391019,6.4319681732657425,12.585795069601799,6.494777180431954,2.3736537093324306,3107.2020121846185,319.8286501274627,52.371955325780284,0
27.120025056478735,30.482904916618402,19.788570613339967,11.381931037244641,14.368579020266017,14.561789151432604,8.379755857250206,2067.635578227869,492.353963466164,73.79929460311737,1
22.663842397299284,23.872064708043396,14.611598236917967,7.254011331268096,12.843294038335454,6.347083067360133,1.7474805072251336,3368.180121965035,307.27263373566234,48.28517581776628,0
25.01086473082255,26.685452856353592,14.257148539787268,6.441409049638764,12.04987406339064,8.964072041013624,0.7032934118804559,3655.5982081378493,369.22147128012193,49.136983761915886,0
21.97860452708122,24.001225776894724,16.405370825386036,6.41390380609781,12.528198839151782,7.279474047659823,2.021847995646093,3092.580968231351,313.9519718216928,46.01737212419826,0
27.971449431501735,31.434350641150317,18.66940079149591,11.046176711488584,14.778138569445282,13.461758660131792,8.18625830294938,1705.726180604106,489.0144036912803,73.07046903864315,1
23.60883242304828,25.293853415288137,13.886508769596357,6.442243507257386,12.08177847241873,7.671692298476306,0.7291548943076509,3213.934943331592,293.33366577703066,46.30038135742246,0
22.549103010474866,24.54698527198488,13.890729707971024,6.216067346354144,10.954255872130648,8.159299215087163,1.365993596582987,3553.9776601231692,345.96890724036257,59.10443295779703,0
25.52642702218055,28.892091496376224,20.84435725030006,9.658845959828847,13.482885968124787,12.529440537002161,7.960683943220085,1695.7968749403278,486.75496109895204,82.62268827896237,1
26.368252570261202,30.344674565650735,20.45074245453772,11.013751018565351,14.346144233579771,16.012133827262147,5.545523341505453,1606.098341669268,458.43963746560155,75.77343450713435,1
26.08055176621859,30.052693886938734,19.493055528417415,9.355009696262469,12.74464520230524,15.2646496009612,7.748015757595168,1925.5005813763792,494.0205583976127,83.86925466080926,1
20.259281768889903,22.52711776586101,15.880981236508505,7.716948273012187,14.281788621315824,6.903556868725615,4.227537694627127,3204.1768461844936,298.95289124286643,54.275008173551115,0
26.367024133022856,30.234507141768546,17.910037250266956,11.448751348093559,15.229614857967725,12.615608913164138,8.136461100829171,1341.447945745657,469.3450794148403,79.00858878916473,1
22.750059369537063,24.386184732485262,13.94046836790137,6.3767510985655464,12.470360554510032,6.625226977649399,0.5500048514853456,3431.3226374213746,358.8120093446268,50.49493243520126,0
26.136603656641256,28.82250242562216,20.402310924624125,8.7157049194833,11.637517543021035,16.201923077045286,7.0992929772459705,1274.4020577284907,538.976779344104,74.67508303351805,1
22.7927438374902,25.00278749852291,14.358006492980573,7.242421291400579,12.63412440194951,7.21653731809597,2.8715926525312785,3037.3645009896077,306.21417969008996,46.61594632226843,0
21.360721333401667,22.781154725071733,13.804570410409085,7.455581148301808,12.797324529021378,6.5407087244417035,0.4593409604042907,3077.147395827609,272.1498542996628,53.91520453643221,0
22.732307893641053,24.177200089025636,14.599340547795691,6.863156257293499,12.14284947100455,7.659062231826484,2.7812701525752246,3373.4958100817594,315.5445246858036,47.730506094365694,0
24.174820572947947,26.020076755769157,14.56762158702746,6.5113856371447145,11.805210941406877,5.750420272680129,0.24213587819925692,3004.94571296559,291.6256458775186,56.7839984274574,0
22.25634553674841,23.595939903300607,13.432311514471813,5.474085968477525,11.523945945571036,5.567623034585841,0.34738534281743294,3355.8998817630036,289.00982971548694,46.75863222913669,0
22.201156752532345,23.216106475863313,13.68841621863407,7.427259351190595,11.90723899910823,8.766288830971536,0.5767123086939557,3341.7554582258067,286.613367663797,54.42618306824989,0
23.54534964411803,25.70349181642307,14.40132474876311,7.074033462353585,12.656529842817648,5.8965528646513174,1.1060764806094139,3229.6486057642187,287.8896243261227,39.90869923335486,0
23.02856968555248,24.274174508592882,13.105782420895167,7.396793267738131,13.777454505552587,7.75718783052451,0.2060994620014751,2982.2752948830166,296.8278791928455,36.64916033314226,0
24.228140658539367,25.32740913583868,13.302042665115401,5.9394612395197655,11.358421407144583,7.251107400469609,1.7474364316290705,3238.033429716029,359.6549316269783,46.11504394153228,0
22.799260420452907,24.478916521596577,13.855923855175593,6.908603968764201,11.737767308913721,7.0515107492252325,2.6499672089051023,2973.3730547668074,328.5842587448869,51.30682871056787,0
26.838656455746563,29.494117668495146,18.333416504722265,10.439929386712064,12.895447014151108,16.265937986247877,6.34074023708168,1654.0697609496842,491.20422994461256,79.4569901325127,1
25.43490237554019,27.967925192931872,14.561287256361327,6.80700248368569,11.672370119670918,6.796174412920458,1.0848434441206851,3112.9229012389983,296.5870038548627,52.41990080983095,0
21.206706266484833,22.98182985968511,13.913624880700993,6.793850775345971,13.036858999680325,8.85206704717595,5.899624006339138,3078.3768461136287,352.6235051002008,49.75090834546999,0
21.415557767123847,22.47804033373155,15.477035956548118,7.203338201082182,12.00073368942957,7.956305791551744,0.9561433389320145,3473.9683637442063,295.45976838889857,48.218937749361864,0
23.90774956510397,26.248178722069227,15.267053045174137,7.747574306054485,13.094684507754668,8.828201384570052,0.31797792028953364,2840.6135546388978,292.2995901504808,49.813593909902046,0
21.24622896717476,23.80533577387315,14.022484172214423,5.23074266688298,11.595534541305984,6.847313076062507,0.5494639416382693,3234.920491321308,248.78682278370985,53.672646092122434,0
23.12632987874028,25.203721443505877,14.828440068262093,6.546905469457331,12.346561756639538,5.79489175309432,1.6210620693563282,3530.6010812029326,300.0943969306545,59.16912364499987,0
22.10877176139859,23.65614066973246,14.747237954426122,6.130255316735671,11.813847095173406,8.965427951929293,1.9869510873432519,3156.1353912395593,327.81287915488906,43.177797205743694,0
20.468451822965537,22.156527686014734,13.965485561337786,7.320028945396695,13.924591405039372,5.013958747300929,2.223772210190487,3226.289995462803,370.5298399895189,41.70132319309214,0
23.70125531108057,24.989643016592655,14.706080685918504,7.442052347589448,13.469555012844744,6.729040135907915,2.0499152900041007,3409.811961347649,287.56971152084316,51.06931116414475,0
28.4750419533505,31.285966912124113,18.671606680506688,8.642010366427474,11.703491553351215,12.411161898822462,8.384436491928469,1209.0007058637498,463.2445076318927,79.97598210206064,1
21.189224682392904,23.010128078591897,13.987108591820284,8.23260601154298,14.425322960986886,7.023004567895741,0.865913604117735,3437.819347219133,349.30315773973456,52.15927746730808,0
23.26566132172891,25.689176995527667,13.508329589979978,6.918914770379168,11.660201770437716,9.115522020815376,1.7822755980139817,3404.4215782636384,315.3886382336358,50.103543418427016,0
21.518135180119835,23.465127846309557,14.520963802219228,7.01617635710017,13.025156891301203,7.356957253421793,5.418871450270238,3313.7612735605553,302.3667917264333,50.88830498234495,0
23.806498343645025,25.83959337691457,13.81141666928373,7.24262816043298,12.054108442659114,7.918705222175475,2.463195783817504,3696.883540255842,321.93995974363344,46.94580998860907,0
21.085152250608235,22.859521144948747,14.423910681839388,6.297960183522486,12.239533777484525,6.217060935224188,3.1071224211798345,3147.617904620736,354.0689890574064,45.231181670641014,0
25.6807718726152,29.003782757764732,20.658510772464666,8.84959846177638,12.139633824288055,12.447712909355626,5.565673483747108,1582.7411858643163,526.622469716331,81.03348709698756,1
20.582250777739503,22.588204216170052,14.327370298937424,5.742653200463132,11.284245619127493,6.248270040762528,1.6709272389069758,3121.709619279972,318.63382638088825,49.17922283253092,0
20.986939254797946,22.420462488605448,14.301107316986657,6.239791040531805,12.09318591900173,8.611690035017027,1.108968237053064,3082.3652151176457,321.0562401106709,53.409905846613235,0
24.273472853689817,26.551116614908768,13.823876833259073,7.157587195064029,13.346277024406241,7.793945990830613,0.8184635864941066,2897.6688830553967,294.31716442372567,52.517061060999566,0
23.04810386298454,24.891867251717727,13.776041733649548,6.79226417963663,12.09484061169169,7.636290733143603,1.2062650690360712,3236.171532631259,328.9266343615096,47.640776894222476,0
22.70781711102142,24.474441923105275,14.4935094387106,6.699899372849815,12.288308390286714,6.819285301041983,0.8615502332106071,3542.2785919186877,327.99719919636027,45.245773327704654,0
23.259518181306614,24.90124589660411,16.118072184455585,6.126002107816415,11.807107852622016,7.231152290045541,1.563484360568701,2969.1498818687296,341.85233506912374,50.852877907385114,0
20.96363472159493,23.102343031681528,13.656931603708523,7.104940023595209,12.216448069636648,8.283052184385376,2.059517637306928,3236.156908447386,355.89350152337204,54.01312380039239,0
27.659049459248067,31.30127056582853,20.49356162541472,8.702878982913017,11.25837895613359,16.308590281192494,5.3534001670336,1618.7259292418926,537.5193558209564,80.32016127608154,1
23.090303005807808,24.70738234377309,14.180097409065302,7.281172584633285,11.796195387533576,7.653278250772627,0.9616649915373818,3155.3544326214437,322.1906288792491,46.70022993426701,0
22.63127375352587,24.624100444460026,12.816200395424788,6.504302635080976,13.144727807734547,6.815632554300722,1.7022735818666797,3035.4727976543086,282.74793311058454,45.790633245414554,0
23.390514446411167,25.219015946375524,14.389534132270814,6.919085653069814,12.141545395037362,6.7654264032600695,1.8324533123770117,2990.7234183132723,359.8049478509545,50.15189338206479,0
21.28229192316856,23.717742694386,15.58735159533122,6.602358225991909,12.276989086136538,8.212560532572247,3.2195739620476886,3435.879204538177,308.6529100287732,47.32765162079139,0
22.408858771628974,23.990442052102285,13.443286173995071,7.584259492736277,13.075035234084883,8.462583070935729,1.8220977056764978,3201.6369916591584,321.4493674153916,48.39577052832451,0
23.07477579089567,24.709576662038298,14.40815820099275,6.7590528102137535,12.228249431541078,9.766318060077957,0.2751333758749497,3202.06862358558,344.06479957114504,43.559446349662366,0
23.656654940153892,25.63433427107016,13.8512848510398,6.895562116918196,11.472788942011926,8.263609141183014,0.1534650119505192,3629.3950512610795,320.14709444625936,50.79283347734305,0
20.572264415690913,22.240485301152077,13.818090587140716,6.410312337369941,11.50433335059897,6.78791489874134,1.7220546111554338,2901.572036438931,328.6541455263695,45.10803529936323,0
21.803371860234332,24.080465926400898,14.046635913555958,6.359283147386502,12.417484037217898,7.484023008171251,0.7191283168014455,3031.072117460327,339.2797976332435,52.73853096581572,0
23.01457980039669,25.00032774581532,15.772322854858912,6.826948673516603,12.225862790249687,6.430831529348017,1.0270096957861703,3070.391092030624,314.39353021401286,52.75190235076511,0
24.395486574876855,26.27165613084688,14.156921659515142,6.6367320737327145,12.347709626137966,9.048842284727009,0.2042230726557834,3152.8782850602925,370.2930393860687,59.06070293653883,0
25.801399737913083,29.721160721618762,20.037765686788156,10.915696830549527,14.55174704822308,13.371292893331844,6.31125100164599,1653.9861978901567,470.56545888078176,79.22762441261341,1
24.01510092411262,25.754415150681726,14.219377435518757,6.539515724384452,11.688815392610124,8.229768953541033,0.84180046017171,3019.123722734498,310.004566723135,49.51972456914962,0
22.868888037370922,24.907464492403623,14.310840930611313,6.5925418609398365,12.765775003647747,8.684256320591814,0.24871166892153426,2806.931055068855,362.5536830875544,55.8546639306018,0
21.408735054246314,23.52030965565116,15.359466403816196,7.3431903556029186,13.178851373433591,7.260072961201078,1.2062716064135734,3171.7073379274843,309.77711162700035,46.5188580981391,0
24.357006241596075,26.119651498036095,14.717937117322888,6.209513758167807,11.602523860993566,7.885559486302699,1.1870378139719449,3244.7329322345404,319.8647166336823,47.58358302851207,0
23.05196657152694,25.279318305004548,13.199564773150351,7.404615323611969,12.502898413189467,8.551429290268198,2.638777931903663,3539.335373929071,305.2799608345125,56.19428017029187,0
24.11450405538597,25.35242811666454,13.220484190244552,8.358840564604023,14.027747618770675,6.13169114394821,1.6556276696203047,3481.981246379207,331.2024553337756,49.03542314454309,0
23.651124991302247,25.43104314448555,14.515504990158421,7.382030076292969,12.291294081788681,6.919931215384728,0.8709829486645995,3681.2113737808804,340.4727076586821,48.23773648231071,0
22.008861074264274,24.165688114156964,14.397389215612936,6.41478760043106,11.340267542262872,6.66585087675049,0.8499787551344385,3058.9098938289917,314.21479995866855,52.74763337214822,0
23.25080081731801,24.665297246833763,14.667576066918219,7.400965834769772,12.816618099372732,3.48686298980464,2.0887544963150217,2863.7783048047,320.09434641388015,47.26412697928116,0
22.506136147970953,24.566316184985407,12.764258065819439,6.23507507139072,11.200566269214661,7.817730817628215,1.4028167966279073,3041.1846538603477,305.1294922386481,49.07637044010258,0
21.593105808608588,23.413584969361022,14.016912855010435,6.213063336846986,11.40893954810864,7.645435489196878,2.0329977646802275,3198.603216507954,313.29682423430376,62.22490650333201,0
21.48018675664225,22.761740090942293,14.555495842126456,7.860815653665101,14.508710032621874,6.162947235746478,0.35430873286663733,3415.901376721572,336.4767007200621,48.21772106722049,0
22.676151614382658,23.913926392840143,14.600709224461326,7.303205520013277,13.576527519989298,6.866598008339102,0.7361936308927901,3177.3133106652194,318.0108237753466,43.4826378560921,0
22.72859961573488,24.74792746675668,13.83041571644833,7.220303356391692,13.583793354900948,5.607880533190601,1.1860654216054864,3047.715977785609,339.72236576961217,55.39638846373263,0
22.298227417698254,23.916309530747178,15.265843858074826,6.482862641591343,12.979347779951437,6.284722485493924,1.3976975740262998,2728.0344406944128,359.82765553757315,48.61001439127403,0
22.445296780373404,24.201030632950474,12.900888874511,7.169972025689658,12.360727146875387,6.292543244749635,1.2911515466422,3023.202830176635,319.72243523442916,43.15664465739971,0
26.563713141778376,29.261843709611654,18.630883223411406,10.218299375283598,12.427106293311462,12.102213500623506,6.69306778746992,1422.9733074675792,498.86272137128975,79.04890488800231,1
23.05971597892023,24.151288557684992,14.857585373607881,6.564622450437609,12.250666027080392,8.034914267640408,1.12769093666016,2904.8434886762225,309.6986086309856,58.37400838967865,0
23.123215817089406,24.517657436172392,13.4840011220849,7.358340637533761,12.63345683362946,8.662487668367577,1.1830972405531994,3692.414171237774,277.58543649893517,50.23789708576394,0
20.586356319279844,22.33753346643133,14.853397389102046,6.738782005126301,12.298575980091169,5.5132687021893965,4.231263793384158,2722.4364546797374,319.94231636503815,38.70223343672204,0
23.26250163625107,25.192285077992075,14.893156408715521,7.1468530562680925,12.744331907033398,6.8245650338739345,0.1017649064018573,3215.736274135498,325.6855316984429,46.34393505231816,0
24.020293379023947,25.588272082475928,14.247762675771101,6.875703695312389,12.36557950210251,4.1976551765838925,0.8686978071921612,3354.4051662711627,359.20499226318714,50.736399278837396,0
22.295778452970087,24.03962842940795,13.785003184733029,6.221292104892283,11.964534860067097,7.047648875866051,4.321870463809675,3393.941346320681,356.9188432462232,57.42700261785211,0
21.172398031192767,23.46671090792163,15.174484265858592,7.2321241923493185,12.576633393329388,5.232086370448415,1.6555733062252018,2747.9144864939417,332.9628208400664,46.09512353577856,0
21.44925809593829,23.49808609206071,15.0367289986215,6.361257988922184,12.03925692440314,6.934830455287641,0.9044768340705874,3057.7928531108523,312.031527510563,46.10995543816723,0
26.419925093019557,29.399071396851152,18.84104095592344,9.459221819579458,11.685533385086897,16.36609553356889,6.44339892366615,1992.4599925459975,531.7935890950212,70.18636168837945,1
22.582275569767233,24.353635869024007,15.256169227689186,6.358065552429635,12.064122814379793,7.634233128018793,2.722751985928296,2701.9536084126967,321.33785685783903,53.539422572061156,0
21.509403363848985,23.69973005158687,13.867294566644347,7.5232816456256835,13.007432401221717,7.452529905181678,3.733022288364032,2688.208278709132,313.7286334693076,56.747365526308116,0
23.71178050721116,25.445527943084105,13.33925768711102,6.8627742933255735,12.881004880629408,6.154832216942941,0.47683160755329795,3526.4113904600117,330.7272100902733,46.97690139741396,0
21.666344242693132,22.72958513350999,12.980263775312896,7.608522462260841,12.440733753251294,6.2140333337308045,1.107244361411179,3379.2924936533223,330.792644633037,46.325449246835355,0
22.114336990016408,24.281718767593375,14.527206476982517,6.57007036884243,12.800262100208244,6.403200005016194,2.584355528945092,3563.852370543007,283.57656136198176,45.21766428130195,0
21.0064143560263,22.473191933225998,14.890219856867471,7.544799704723824,12.888856953025481,7.448366837494073,1.3615992116920506,2738.644028798866,329.695683550224,48.044868411172224,0
21.70451889893886,23.554990060403647,14.197136205429477,7.661537358823125,12.792534115414991,7.846464392054593,1.2354542162701208,3417.440514544073,293.9125126226311,59.61119487656732,0
21.330381995727215,22.718633392454386,13.643846749684535,7.209869858629047,13.086119248534741,8.657505120440202,2.0071306430324873,3412.201364432862,278.3833503743622,56.45080011882997,0
20.967901709015628,22.683018121055166,14.026972168958485,6.627447951590405,12.909321296185311,7.220669562438735,2.0829407389424985,3522.9369626831576,336.3574348368569,50.10000661075462,0
22.81280851898869,25.036055849023548,13.613510033392904,7.041395062030158,12.256302219663553,6.473837345929876,1.6279725633319195,3025.730271799826,364.1242963531611,51.76374804312756,0
22.617579784165073,24.419271727762734,14.463901687740758,7.123064838012086,11.850129538838498,8.65487962538685,0.9699403279062061,3022.4294907122303,288.27818518485554,44.527270124405,0
22.984861028177445,26.02882845057959,14.803524318084088,6.218478674857699,11.359111980639586,5.137647778948118,1.1533854536330541,3144.1503959144775,324.0036041228844,38.964067410328425,0
22.82046031904311,24.012721888852376,14.732771784109953,7.191013693787063,13.400249090992197,8.178842646964045,3.8705667981739285,3387.388759361282,336.83647189318054,57.562278629236076,0
23.349857307907868,25.49474671266266,14.732962204110425,6.4168236953674915,12.745790159480473,8.233123136828253,3.1439684485819797,3013.5303733909527,295.5767044727359,48.23270114856858,0
26.362072112288566,29.51093389512939,18.271660139190793,10.487527408006544,13.598898493587779,12.693966368198613,6.576194870907557,1438.963720541057,537.3216781689201,80.41573831745318,1
23.92669604576957,26.24033436334882,13.227886535455761,7.7679305128403024,13.400747432065078,8.630194179494454,0.4391258342641637,3118.9819540495546,316.7987205317581,60.27596371295357,0
28.289599451894908,32.06357754971498,18.823895690434274,8.84105494380493,11.447484730405884,15.146246653030808,8.182120594444655,1211.962149701724,499.5739551212518,68.0472944794976,1
22.313187317529504,24.742395207615445,15.502506259814595,7.170536890341143,13.05850073503011,7.100732830415646,0.6454407062444456,2995.368798587484,326.3223198922577,44.0018952417966,0
20.38702942562307,22.29293955001426,13.8326521210139,6.666431257029123,12.271967452826404,8.688796717623731,1.3154760514512824,3217.546463105686,319.33936196582346,52.06929599838893,0
22.76866082913496,23.797591797396713,14.81851781209803,5.9303974239135995,11.380461182426371,8.198637623400858,2.798295632415151,2947.2507599809983,358.9656629240704,44.26954019773452,0
21.528475776094023,23.672309725031447,13.667841031235621,7.0085476622116225,11.625600266754901,7.6058089231990715,2.178004378848486,2885.2493182579624,314.5223209416593,47.35639183581592,0
23.60289177958532,25.729092188563026,14.180080007912547,7.465216172189408,13.469096387529188,6.820901679291028,1.4156082080454797,3418.5285204544653,338.861645723378,48.705931647535394,0
22.189314031555107,24.329158826961592,14.467732871828765,5.8468816899553095,10.982613342620915,7.097413267904059,0.7423031921058079,2916.7483585546506,328.1490901331998,51.67034681080693,0
20.902520455730667,22.49643309820737,13.3047697653682,7.037629302358655,12.743033529853722,7.867474527565598,2.525796517975408,2992.169647718596,354.0685206749741,50.46265695870539,0
21.94075619775811,24.05802647304558,15.838753508498389,6.0348604320351065,11.754880704422503,6.426527891518605,1.7197021062195248,3046.153172559372,296.9312859108908,49.405606184300915,0
21.535590518436322,24.244564406615076,13.873921122065129,6.908859100543583,11.322766159175028,7.027845786769869,1.2877711824329987,3544.5893053556374,290.2087865275323,54.03387017856195,0
23.770109384219506,25.392891775768113,15.238806892837895,6.221529301385264,10.760695269880625,7.109938405090078,1.7939293779945569,3247.1676118774994,325.25711409738074,51.47296310471686,0
21.98483733057929,24.01207861263075,15.773120294210244,7.2048287650741205,13.038017112694106,4.138743524422457,2.8015729492796684,3396.042543431119,335.30404815988385,50.632984727350944,0
22.71549813832752,24.667353997681904,13.925548173105389,7.3163287583110055,12.997623581701063,6.623772512655266,6.602773411734029,2882.113981968308,313.2486275463922,50.547911252191795,0
21.982055624738344,23.70354336418317,15.569325886207187,7.367810292745737,13.203787375645625,7.421682566360753,0.4375644187423361,2879.360826748678,310.0250963944426,53.61580056327476,0
23.83163981034747,25.254616608030716,14.779938972199513,6.86942801621544,12.51423952179757,6.353921449493634,1.790017462082085,3285.6327474323984,301.8632072660474,54.5386275985435,0
23.097866098196143,25.008506404400613,14.345356618841624,6.20622341661248,11.357368826903283,7.403936322114538,1.678772305718704,3167.396293295722,312.871036746118,54.32153529425771,0
22.62645060737515,23.795652014498753,14.057458203722184,6.856985334063886,13.317160345956452,7.698343622229265,1.7392182253576487,3271.7159607048375,358.4163957184994,53.480211567039454,0
22.128993451837633,23.394800824197677,15.161788886125938,7.632801606843263,14.147584764732915,6.5816214238718,0.7009214760509097,3278.8432240318475,273.08274171655313,47.69150642206208,0
21.43500938663748,23.711692385480305,13.846073492468529,6.979527546740183,12.661932341479245,7.78737887716053,0.35543175196647625,3123.026008740388,328.5457580461526,51.061810269040386,0
25.105131260997375,27.029575257454653,15.408758276755057,7.084322308006385,13.457801409268852,7.215820195868693,1.89020304607809,3175.8126486674114,337.8268308071634,57.83489423684996,0
21.41925511842256,22.967245126609,15.514866588517975,6.9023989386409585,12.001500992312955,5.1632544822803546,2.2177513818433545,3011.4188403633984,324.475522855738,55.695931566753856,0
24.573051804120855,26.486552213585455,14.357923204193009,8.160956073953246,13.655275555326778,8.262761713650226,0.23643457284023994,3397.7884125910564,291.49507005609706,47.267394196457104,0
22.83909594058596,24.74582329910412,14.16397781816467,7.792690197630146,13.48053877273571,6.926923774752797,4.473210866352676,3297.053747897768,314.23359577829876,51.25272314161682,0
22.991782388314213,25.437693904598156,13.78371650107264,7.215749433465831,12.829249666413094,7.761743751644689,1.1845171885738845,2963.4899954371117,293.04138018909947,52.20239898693609,0
21.50774357515217,23.12845372863211,15.147675548777508,6.040053600190507,11.123790519350408,7.866098380844141,0.7312089575733736,2945.6886576782895,335.56660539795394,53.63556881669371,0
22.778704436593205,24.032322152112993,13.727074621303666,6.982879993046458,12.255035421368254,4.474743269508082,2.663649970684945,3623.5439395477642,361.4817666054798,52.532051706895686,0
20.659062995117253,22.378466381538246,15.027560992890889,7.236408541589167,13.564316054624122,7.642417607403587,0.782855680284845,3200.529605254368,367.7194068344434,43.21183777525547,0
21.393107778601795,22.602337807589034,14.862205081661356,6.605715889754398,11.633821386901342,7.010368030209846,3.757687208241388,3467.422920434902,297.30855729396336,52.54096469585952,0
20.52552150365173,21.783342502406814,15.097584672083768,7.103644507550846,12.562939986463311,7.262158441872194,0.3059686760637898,3127.7556854334603,326.03168438163834,60.007878725648744,0
23.38898921450415,25.025265824865862,14.616341773924608,7.353860547991224,12.473684579026799,10.147591563290003,0.4405517378162131,3274.20677713647,327.2441786089134,49.28310247580012,0
23.152032230855923,24.74973354915115,14.744194501225083,6.3792752429354955,11.735609028721452,4.000473181071445,2.93859553767812,3349.1984443327037,295.23381724769854,56.08583567448322,0
25.658417039749317,28.949413846845758,18.665655893243393,11.335577258377928,13.783881390735104,14.009931437277627,6.836559724664004,1914.0375697281297,556.4850798052553,71.10165704088186,1
24.27593296666803,25.97830077719835,13.524572426782244,7.638557935093435,13.440457808385975,7.398514956014328,1.5858900621854914,3153.1002946807903,294.93645094987676,48.52014248056901,0
22.464884623578026,24.226954931065677,15.518171787177012,7.3894217220128215,12.424592830329262,6.128415829010556,0.6416226813732561,2750.0401161528907,286.1377595659412,45.9536204030638,0
23.39749230734104,25.14256792102549,14.493848803422905,6.90099950537866,11.313968555434808,7.64576402810406,1.3173406729092905,2888.890988062826,295.56787919892577,52.788933619430814,0
21.74763953065468,22.819398210435274,13.887103335511464,6.157067991360142,13.05087777039772,7.2080857424116695,5.16099164497347,3549.1164251139335,303.8420675575646,58.31435549282029,0
21.48810408562057,23.43335033671838,14.010592288396332,6.975831177487029,11.711026130057807,7.8812842249781685,0.3764279708786823,3325.832193461392,290.0650578424925,53.688933781449585,0
28.073827595323248,32.04031937252884,20.352065868201592,9.614648166566292,13.36945022524904,13.553269977728567,5.3857082714406905,2065.96306484299,460.1536743001744,76.16184080734298,1
23.567556954748124,24.234694715503895,14.094393072583955,6.344191348923048,11.241092568639534,7.662843218770445,2.4553922956483065,3131.4721311548196,343.95088171572075,46.13361957444401,0
22.943570630637712,25.09804710607163,15.402149035613142,6.668419363970086,13.031738496520145,7.759639664154236,1.1180140429094996,3079.864143598306,320.61944366241903,38.259994327978276,0
26.331729081413833,27.414486500400002,13.810952336242314,6.9199363761423625,12.403138159127554,7.737888483726049,2.91440529204581,3470.6562302505527,306.94100185364715,37.05820418224276,0
23.449238336451657,25.425038828699748,14.109835701641003,7.084136688576392,13.69412543413291,7.654709232043436,1.813583843515067,3562.323107100957,308.33731181624705,42.93658966496544,0
20.140372092748798,21.561215005841206,13.160424431637404,6.731505211153029,12.88633829446108,6.531726999087219,0.7997933729526583,3563.349276453669,318.1173894814791,58.27521110734366,0
22.939917895316217,24.591714655880207,12.757430944214855,6.806084841141453,12.636157850053982,6.772642226169262,2.5319700305886936,3149.2109084165545,316.9449462239814,57.37156469645863,0
22.69182767039688,24.864801618778746,14.01607458885746,6.894036678495886,12.021403218536573,9.57293747619251,2.432891991603156,3040.1959648033194,307.3921991623921,52.69042393155819,0
22.566869894746432,24.747449605569667,15.530460579881902,6.880324970176558,11.29291375408273,9.95913690036222,1.9949186083877277,3080.1351472623855,286.5182421128675,62.825770292998456,0
19.053285344062022,20.314066499285957,16.2851991288222,6.973156355112443,11.896785040888284,6.39326949199447,2.2887094474001475,2813.6927212503324,292.68991179888013,43.53595355035919,0
27.85451289777358,30.47288094463678,20.691177871956782,10.908274290231464,14.615040719765432,15.292191218421296,5.975663663520304,1289.7478376883835,498.2232500919217,77.60204565764883,1
22.128544272823213,25.499039355397745,14.223264536762263,6.590518277239383,11.464857079863947,6.085033573410085,0.9907269505539239,3310.918931722029,349.8192250411774,45.95877253505988,0
23.87836481931446,25.547686334039913,15.798605352422443,6.94858001190411,13.118513452853685,6.7695701211117845,3.9089007234562945,3267.3087832215647,343.23278968019014,50.5713261503166,0
23.115920919736027,25.48486886441543,14.501060550987527,6.452425320961564,11.894371139889861,8.965208513524338,1.1609098736175276,2871.681928186938,308.57514903608853,44.032042179829915,0
22.55637671251769,23.880510048881543,13.93367124746074,6.683137971074137,12.113482374496517,6.011706234241238,0.523314789696863,3191.9952988782325,307.00145406444483,51.96136263325274,0
22.263193895631208,23.944243463933965,14.302931775056122,7.415230023879987,11.204095961539311,7.726902886501188,1.3922056738595456,3168.706269926284,332.81457881721394,48.907098979560374,0
20.157494640573,22.30132979536492,15.032295148026265,6.392565925545328,11.750108738445888,6.397619246267586,2.569314007043433,3014.515136560881,302.1949743787343,50.795826301606944,0
24.26540439299233,25.557379957507518,14.746407921773873,6.839957631870019,12.043275364555434,6.270855010377425,2.507539307526806,2743.5247264718487,346.47179616438905,48.63837695002619,0
22.85915109648779,24.14174804640615,14.972908894339145,6.379614055050688,13.728079584511704,7.1161936275798805,1.6837146442946835,3270.8691510047456,286.9185660807863,55.55688044494628,0
23.026170886571673,25.098715817201796,14.963142918856988,6.574390586528062,11.930181051443999,7.174020222639698,0.3813432104492791,3235.1391008016876,321.5184031395326,52.4171411532373,0
24.78142882290361,26.236031380917638,14.058190998309913,6.916932550504623,13.230216295220517,8.95423818794825,0.480473748997174,3446.305043202275,311.03234398084584,53.371838928241935,0
21.012889926175834,22.09134480915089,14.316735175262632,7.592247187578529,14.215464601486378,6.920919291426962,1.078992662343517,3106.1762075716447,293.82855103854155,54.20171090113386,0
22.460247632551443,23.967034434341848,14.172159004965174,6.752329454401658,12.727684235905594,6.8079301674224135,0.9544373441508237,3045.7861667241054,339.86695807612807,52.29293389974291,0
24.520713229749443,26.325712958512344,14.01844444645186,5.765812142284483,10.701689967364048,7.559601950663093,2.0556723364532643,3409.3023716821704,312.08635741975644,46.110471379127176,0
21.71510918024709,24.38874787359927,13.881576232317837,7.014380629440382,11.835743604031641,5.900276762987346,0.38719242270225807,3259.639382885451,286.31641952101404,51.96786005577297,0
23.611458482689912,25.783222476606237,13.96925107422441,7.199283336555295,13.156362048103556,6.596314474945115,0.15407849558862502,3065.5429075337443,328.40382925285064,50.71375793673214,0
21.920326737979874,23.72937907905062,15.287081874884917,6.726759664635919,12.204768693385414,8.772471624378591,2.547429619717446,3270.2912857236543,342.00658014001795,57.530835654422305,0
22.230172821830305,23.28943572920044,14.43033221908548,6.500860332901076,12.375195220070681,7.413037020182986,5.506224845766919,2823.607164745079,293.21954442473225,53.65859237931066,0
24.724911079601025,26.4823762785885,13.620764198756103,6.805272855870513,13.641526474937333,7.1025332830165295,1.3762130951529845,2778.367485077416,321.72327630771184,44.063897951285554,0
22.724120117372493,24.558203897226054,14.400571378270051,6.388917196655297,12.39167927867851,7.660802772510065,1.0938383924284334,3321.3984800110006,327.99413783704654,51.1870597450547,0
20.019069479952147,21.480015908504512,15.048471797038733,7.030398621807984,12.622296675052198,6.601618245290048,0.6598116940087463,2947.6992118906524,342.24648721627335,41.36581925989924,0
21.778358827258543,23.548769681820794,13.89691030904723,6.337457689760682,12.33475894212918,7.486952792194174,2.9077121652799782,3214.405690789899,316.4208416591117,59.739454899008805,0
22.84643235513583,25.031227230764564,13.697248877200398,6.36778664733214,12.371440719651792,7.211536780941263,0.6720708182383097,3308.5517944654716,302.9077378718937,46.797428878220096,0
24.624960762762612,26.19682021619714,14.379508788296054,6.565326766786645,12.475421926281314,6.057392122421063,0.5829450831779716,3303.0285751826505,347.83803383645846,46.97649072451459,0
23.037250272020778,24.962524061566768,14.280123759464166,6.693203378897478,11.9625336348731,8.372560091705008,1.1368439933264012,3549.9758602923894,297.84403916591344,51.6481276558737,0
21.339628628244945,22.698160696832797,13.77298426335362,6.785891060531385,11.72004098379842,4.424196901236283,0.7009245192645772,3319.6249329489724,323.05230241127714,57.023954209798795,0
22.232157294438235,23.770597939108004,14.565953413307874,7.8256234716347315,13.976286761965632,6.540385537403975,0.0318257037606364,3434.3062934166537,325.6556570356152,50.99636106374223,0
21.213433185617273,23.247899505774384,14.930214552294787,7.102025822460812,11.207328977569937,5.920696856438211,1.1590612699618972,3143.861239602337,342.50514133626234,48.62027111953347,0
24.037219634082135,26.032243752916823,13.294772775847681,7.892865308361287,13.191670132252565,6.83017588966656,0.32354602685944056,3868.0391856570036,341.86469114524516,47.06652959393671,0
21.497583536088293,22.780533397227387,14.8122929555163,6.575652158690258,11.746767803295375,7.257222715483582,1.3169282713648158,3530.6857079699466,308.8197315863862,49.12201932668524,0
22.228225329718168,23.75132519801181,14.924715451372759,7.263128745542196,13.279724574231775,6.72179153506339,1.2383480060105165,3447.9115945652006,311.76988591677707,41.86499038609226,0
23.280241413550392,25.040603693453885,13.138478215985332,7.197461556937779,11.921280095812246,8.066003922435206,1.2470445384906048,3103.2367434415683,288.59327137724136,42.17542037919964,0
27.369214186448843,30.57802576750752,19.667351271339726,9.042919346097603,11.83739451046344,12.032073762728796,7.760993737769916,1207.569100795142,493.2497885730574,78.34029798803972,1
24.697750519025224,26.52095961294858,14.711414617316509,7.336810971953786,13.144727182941587,4.572615391274546,2.499783827004454,3307.0635993792157,323.4805849615904,50.145520335742056,0
21.06254652889338,23.083847016887294,14.38677939730644,7.143478316049339,12.592547175938858,6.780051683658553,0.975199444153934,3215.7984009625566,363.54806329734845,54.93618619209629,0
27.809650823931392,30.687879712019615,18.00854073786557,9.24263669715143,13.151180249336324,12.39663778996402,5.850337831126197,1426.1467832288013,566.160682742423,70.63149443764569,1
21.070435803356823,22.159941710197494,14.069883393776147,7.832110067426205,14.003915766354634,7.9211097941172985,3.4422643245654734,3045.6752325604884,352.15125259658566,47.475108824963506,0
22.027993425207168,24.170215688815453,14.249865243414114,6.860922232066227,12.728944398551715,5.8328412553305515,1.0262249440110391,3262.9134672466384,292.8271576270822,55.474847848480394,0
23.64036911036829,25.30059337948151,14.535063039568342,6.874390317403653,11.382959708222124,9.701502926057564,1.7372723112681179,2782.8426433748036,323.9759066182934,42.87466612427837,0
23.57423186403328,25.06516808592495,13.274771747805085,6.351170307362473,12.045578247966318,7.8714838017904425,1.5436820112676064,3297.461912344355,302.9494546283987,57.801834087524405,0
21.32218961874246,23.24371705698441,15.158226224667201,6.126373041209325,12.95908197485218,7.97909284162314,1.6632401857924908,3009.9519195647754,325.692727961899,42.98250491500756,0
21.26678983088885,22.9007497153035,14.898230647534222,6.374409758776257,12.110185119122319,7.240264022219387,0.49116610342631123,2620.439254911875,321.79078191940425,42.20650097303046,0
23.08167938075337,24.80066968992744,13.192861632752571,6.803190770481657,12.149693233222196,9.322196996283411,1.92699847204669,3115.5627418245163,361.79148591621527,51.20661601649695,0
22.982054066518728,24.884207568788455,14.807361657604718,6.62892567443638,12.869724341271763,7.3072378329260665,1.3821294716391348,2935.144648229486,314.5360415415396,55.48296894591061,0
22.680472543771447,24.230201628772964,14.255511508676957,6.522491649227945,12.082824212856739,7.023281384997318,0.6661798212593752,2921.8089804197366,314.62344909847843,51.509062430379345,0
22.481628180992406,24.374742878168473,14.523544473342042,6.484770772907261,11.188856885581902,8.894118606118434,1.057826394686568,3011.9277945596327,314.1581677068769,42.13228388304884,0
21.672974618292518,24.082270066977422,15.200939145354461,6.60421501132198,12.876626435175536,8.13144821990907,0.13340990001438874,3203.097519048502,325.0037916201856,52.20025330346787,0
22.555723857787378,24.50029078469662,15.365689850394512,5.679042032745543,10.793663696990063,10.038321088559853,2.4255733362062575,3032.7758770676965,328.61576261586276,52.88223246301503,0
21.417538134770986,22.671291173094925,13.531871597615291,6.506131015340051,11.786004839846202,5.599923776565123,1.5920701703851061,3347.8353302931764,278.1357593581523,56.003148304898616,0
21.5974123132913,23.17813219402459,15.433696630402638,6.985170133664423,12.778161729419374,4.962208545327201,0.65968651660462,3026.3742096537976,325.5027455948416,53.79569599460055,0
25.446360167893072,27.111858272420644,13.252970403980926,6.558033277524383,12.140743316571209,5.759025790187501,1.834811793819101,3111.545618446955,320.94112662742873,51.2589262283775,0
24.09498303615892,26.0773447142272,14.591281193781215,6.235704663451482,11.321239205723153,7.241323544577978,2.11700243935188,3327.6830165339734,346.63536945595877,51.974856408452325,0
22.561065242227222,24.437824336576437,12.360346297476687,7.56004587049555,12.53138090281209,8.39831781977007,0.765204674407183,3080.441848035393,339.43771668164743,50.811999532597945,0
23.212268066737035,24.395146779439877,14.292848962737288,6.439772464662471,12.782251219702594,6.994218303085008,3.3631638578874057,2813.1803621882705,321.1434782250666,48.87236086339136,0
27.96451264622203,31.511581709671027,19.85702565524715,9.580456994365264,12.166363336547251,12.912543742146735,6.5556874123389015,1968.2825996284164,562.998279181606,71.07939208588196,1
20.47987416933486,22.124535394014398,13.532641031008316,7.9071649712782985,13.189304347724473,8.11042326070872,0.791205506794054,2966.1506850044266,361.21031519236215,49.59413194841604,0
22.680362113754253,24.747824035657416,14.028438080049025,7.4217141390514625,13.736031925282068,6.391527388617008,1.0624996627080392,3232.9038433181854,307.0290739294578,51.57276397928692,0
21.096099797147655,22.74786669218734,15.495652128284204,5.991414054977228,11.274793207824864,5.967781318414703,3.590678469733098,2971.008104658712,301.79456187986136,53.347938454490894,0
23.768546671462698,25.036421221167103,14.579909563527371,6.331703996878179,12.004580635397907,6.553179629059336,0.7598752658814902,3052.0885461643884,308.6658836432289,43.18232068135984,0
22.13618426059887,24.24052292232346,14.527846032399866,7.156240882216902,13.245597428974598,9.444381258797138,1.6550008577704007,3222.5276073077716,288.25869334746744,49.084827575031554,0
22.045046710815015,23.903255189922312,15.129124969596653,6.768553066550071,12.442670587654726,6.00470019222619,0.812706341029789,3165.6772330224085,334.7830040143461,52.29813018607934,0
26.427070818168556,30.304329633034666,19.221011754525712,10.284486118616838,12.810903818483423,16.47782947129541,6.3183142967498185,1679.34577136334,576.3894577362893,84.44294365794694,1
22.115583230166816,23.621461845894036,14.043748745770827,6.143515735026363,11.0899101523991,7.902002444801035,2.144183898000072,3217.445175553805,314.5617654041613,51.790244194282856,0
23.350027736759223,24.741562753735103,13.858777927916368,5.739956392439913,11.041965761162965,6.570906865209084,1.2945856425335034,3393.8076822094386,333.62322970447485,61.72652281735914,0
23.50877225878647,24.781919490807834,13.623023740105149,6.479922771582694,11.2250633793498,6.1374319829273105,3.2721212079869524,3636.7474245438743,292.95135302052586,49.607551878118294,0
23.492619898843227,25.8720195908004,14.32277072193301,7.211033039016264,12.26295789123693,7.76127744464552,0.3008572904154576,3294.2652274071,330.09720236851547,42.766046730850675,0
21.312446236115594,23.554806405858518,15.434007858389156,6.896703183594858,11.780919160983377,7.764873506180209,4.218881610562664,3389.5611940386993,264.49359212900964,52.925843721045936,0
21.87109392247849,23.435136995376247,13.393327378422711,7.371680765102914,12.474088540486092,9.111695238018775,1.4858824985026753,2825.5353313051332,343.25729273224044,51.95540754708359,0
26.707341381509135,30.078589770387016,20.268536323497962,10.89971178182766,13.867095692122781,15.928106313735405,5.232790672728514,2022.3656998612946,458.71512798676434,73.46679941242328,1
23.156516857404046,24.416087110920838,15.264215389765765,6.370193243060773,12.889621472613346,6.660112886853938,3.936030732446307,3055.2034647132673,302.1403360073995,45.2957323520891,0
27.34574761565129,30.02940057142402,20.662051515754374,9.76448940051589,13.667056993086508,15.790140877964141,5.967518251350359,2194.018691814389,467.8675153614332,72.87257368423101,1
25.52132324126358,28.30354027304291,20.194904260830786,9.173280643626514,11.435980813063654,15.25580111563416,6.212124522196868,2192.2766588813447,533.0986580948596,69.26807674837798,1
21.70562138664407,22.962614370707293,15.562532843165867,5.892175512060591,11.63702098188262,5.569275833099994,1.0412758301715748,3437.7642156203665,379.76620335839624,54.069202853253444,0
23.662373988639466,25.853917208952183,13.733944835987831,6.448544280980216,12.367064578220505,7.562805366955361,1.3782642866193706,3142.1454846987517,320.5493323990804,56.386870192566114,0
22.928418583158056,24.225815825446354,14.347302224357456,6.446223857352947,12.776092289719195,5.251435193411772,2.6909849006080524,3238.4619150541603,302.4484109411172,54.34327029218314,0
23.444501524490942,24.70343341015353,15.875232490273458,6.702263678207013,12.21853845245027,6.130431495802194,1.370695783771784,3183.8944501057026,327.4062982972491,56.63848931465833,0
22.38564536113566,24.34123685287653,13.97464852349807,6.2113867912743945,12.08420942912446,5.9858655811374515,3.1251940093285357,3536.239916543537,290.8863305472471,53.18299188754333,0
23.894253963129827,24.738132216142052,15.046659609212874,6.134886872179331,10.048509882208482,6.890666291482883,0.7520560443977307,3203.458930805599,317.44904497953837,48.14892984696045,0
21.947233474848254,23.387719855519002,13.797389397741227,7.076452614299741,12.470198702593674,8.800941471498811,1.4148522549491687,3478.5206090338597,318.54962264015177,51.78502212649781,0
21.823105643115927,23.51604920675641,15.116641775990377,6.644531241824453,12.488187653133654,9.024756663900863,1.9557942306933194,2964.132543897961,347.9617352860836,47.46901261678691,0
28.11014629824508,31.773305742835092,20.76757960169228,10.225415323152422,13.897952119736097,14.344427766909565,8.118990632697548,1889.617315784471,562.3384178585246,78.20824333977222,1
27.886693384175366,30.529197872360466,20.443231415122106,8.708867614675802,11.274462180536908,16.275269257720367,5.427721698427291,1678.6868423945673,510.16732124639753,75.7558032460657,1
23.6480427801535,25.42236911563797,14.538260255827746,6.771469354284422,13.311582178612692,8.046136804951955,0.21730908046202602,2957.7939714912513,319.70407134399187,52.757867694099126,0
22.225680101591976,23.57468166201076,15.853877257970563,7.1221552500541,12.700903165639193,9.118945104295877,1.0632561431235847,3413.102219449549,318.8497792821847,53.34365865427642,0
24.124646848998495,26.009160325910283,12.94050259574206,6.53630546918019,12.984771703544258,6.316303523957737,3.217543891136601,3699.0380799387312,376.46151990386613,55.832886027867005,0
23.94781075981003,25.696003861064654,15.057058289664258,5.413092530033041,11.735239362753116,5.318807388469026,1.4548262720190017,3369.222051120179,335.44595547198054,39.885619213854554,0
28.371856826898078,32.268962749462375,20.041050240102166,8.784424814008858,11.055363746329704,13.713656607533702,4.767856941159636,2110.7087330754857,509.73092062100096,77.10003431170651,1
26.99664916667169,30.01932316767388,20.19033835137073,9.406916609141401,11.999390074892501,12.077015636424738,6.475326361281072,1938.710957400308,529.5605640923422,84.97219180226001,1
27.965549791188568,31.04224127506925,18.291977033791408,9.646349482561746,11.873617262062204,14.409784899068791,8.062166340522387,1804.7156081539724,459.36164559970933,66.18602866424666,1
22.80448759379349,24.582119414384604,15.052728765913754,7.119271658633799,13.62425810788233,8.261790822818494,2.132026855634433,3021.346796968926,302.3417573325927,52.06674389275126,0
21.59184589371665,23.075486141049627,14.609397317919385,7.085243665431786,13.403219937928132,7.314212158535968,2.034730963059324,3319.066254314139,332.08301696564723,52.72220666834506,0
21.24370682078167,22.71413262599287,14.736186060032482,6.78348736814022,12.558527003367205,8.03276160200136,3.578996517561023,2905.120635839872,286.71626396561965,45.54902713388829,0
25.967892057654886,29.77819335925286,19.97167321904354,11.311088183224983,13.936878579375058,14.322718410223827,6.971233851284432,2040.729082458773,451.9543284490585,71.70199393555534,1
25.823226716195045,28.659796497615687,18.590516935403006,10.729660751207819,12.73883681006726,12.398342473713635,6.057739865913815,1840.670768235663,543.2061060008951,70.53096699879856,1
21.68161890240264,23.234562231629162,14.619473528847905,6.749006672703161,11.775325250928038,6.158318957820917,1.4772163418110944,3512.4552742634196,268.3119169950398,56.97169526027344,0
23.52107755460157,25.720130385369664,14.195389276910557,7.95297329298387,13.463191726432793,7.776653197947233,1.6849831918493867,2956.8990650973446,327.479114179712,55.52649126437433,0
21.956101909172382,24.359754314534204,14.821814461761038,7.818605319859179,14.208098423868911,6.317006112152592,1.481955090264445,3583.8334291596284,296.11203078951905,46.27118127944667,0
27.938711563950672,30.950184967546807,20.622256801071728,9.061264693459622,12.667906947507097,14.1514471771421,6.732386299562599,1730.2582748275165,565.5551374908423,74.52010959464927,1
21.529807676528176,23.14404597160442,14.472859819257673,6.808062393950236,13.450853385024347,8.655675014738932,1.8749333770528374,3264.090245934616,278.7236651234521,49.066933891356975,0
22.894514892364178,25.02841542289413,14.411995601039159,6.883246563557562,12.811889950800097,6.623864779870648,3.0227984760416877,3779.5255651159505,316.2711502758189,50.77319979313174,0
26.173484616559893,28.806023796789038,19.251504077817426,9.240454767534834,13.040352516010955,16.053650044253835,5.276524100223011,1846.85746988446,494.8818410504637,83.05676956853392,1
21.29277914220036,23.46149974299126,14.435266129869849,5.783823117850807,11.747131308525306,7.705601049882298,0.7419718022020851,3471.6326394747057,303.79109074193747,55.89362043292811,0
25.569839142801904,27.705626544609267,15.072394477415589,7.223059234647967,11.98786926256972,7.335803311786057,0.8847264218340393,3115.2680921627143,336.5334991035573,50.014115997665485,0
23.13576501349834,24.953170880955724,14.56626605641448,6.817135907100111,13.255192013539205,7.50293585755753,0.5924289383523891,2813.772657601721,303.4440480333594,53.17126438235713,0
27.793878833053178,30.55835099433355,18.74447771075979,9.84823608788934,13.152734897351479,14.168852218290414,7.534986486050283,1353.3201786312163,567.1409751473885,77.22755877320263,1
22.46831309164929,24.79278009077034,14.024631302094667,7.791852067739375,12.445515045187674,7.349069803070975,1.6556051831538068,3393.335423661177,323.52277195967366,44.2356689922644,0
23.679229180734616,25.387409718590476,15.08315295565636,5.93109769207675,12.142220148666986,9.348239009399457,0.6544178448465262,3153.5485974750554,355.4269258335786,60.12642104310722,0
20.50684687978081,23.271517550012177,15.88493570541384,7.216589715635091,13.295690518379423,7.947319510313097,1.3014092774395394,2903.099720655663,318.52933977079874,46.56261686798237,0
22.65688869274331,24.373163164911563,14.528452859226395,6.138826282658352,12.17372390674985,8.560138463402595,2.5074141943777644,2707.3196795386075,295.9125234870987,58.879234473955975,0
20.79030217654385,22.517812507256608,15.256695714947316,6.7804189422786205,11.991019829994727,8.21472928725642,0.45484406988446,3184.3715579556974,309.7708732696515,58.4780493006462,0
23.023871764989202,24.926751353131575,13.701354579767155,6.764581576041954,13.018359289787451,6.294845634502225,3.6272380649566935,3140.546529462895,382.84108670522255,47.83930943215612,0
27.602375402727784,30.13719386390348,20.22969402490442,10.273083387877374,13.078673269306472,15.143374033362356,7.200013882834506,1217.4963016254958,483.288160805421,82.44107652213363,1
24.45433865468555,26.33059289119156,14.125203109311748,6.01429000083085,11.936123532139394,6.994117897349753,1.8116117053108771,2712.480518368905,297.60778720760567,43.11889389797837,0
24.99031304715032,27.457202691770775,13.888650570689723,6.396174721126617,12.22730231248223,6.488818672575834,0.9450021130842656,3445.794620249755,306.6434494331953,51.87891066842387,0
21.128435642603254,22.956173377417755,15.548153526464718,7.415351452492235,13.496060510885144,7.153434914773766,1.517179347715227,3459.3666673912608,300.81818569100045,47.03628135294026,0
22.522120719678473,24.27562910242969,14.281016598266591,7.389126423774001,12.275761752941992,7.782229927338037,1.0307700137816924,3032.4773565454916,327.4417228828199,48.09651287191688,0
23.26647626643502,24.44689205641363,15.102735570801945,6.8826200250324625,11.451261777260154,7.513538216309298,0.7155558707627674,3024.318233643177,341.00908998886945,40.5569040514114,0
23.304576740689456,24.682540993418776,15.297812454127097,7.97281208094822,12.666484450726522,8.91422241306886,1.6053855214790074,3118.098118476972,336.77928397629023,46.84653837161212,0
20.232551122865363,21.73157702792415,15.091740374494266,6.100385870387684,12.652826231837006,5.687335668755667,1.5975580820427275,2654.4746764497595,311.8168139869641,48.5201621347587,0
22.376133896481004,24.05943044357759,14.979282665490876,7.63199313990405,13.035000574289715,8.465150484047578,0.8409832341213289,2894.173238053374,350.0968685448399,55.529677309788546,0
22.83994544585537,24.69716495380695,14.711403810885871,6.483205242253094,11.49176542219661,8.489502455568875,0.8676637879417758,3066.7871147849537,322.0465335270439,48.06618605634174,0
23.408386339974424,25.281920146503424,14.160992254381837,6.869825837107948,12.898967787442686,5.158473384092719,0.6169718120951391,2906.545500725394,370.914558916802,54.9554643829902,0
22.723745177723313,24.854164046299914,13.523743448044819,5.9147594311119605,12.322924177745357,7.243526696547013,1.8442952627136107,2806.2800031343163,329.15139788651976,57.05552504556068,0
24.460117838761313,26.701668776087818,13.814921185375036,7.618605822351427,13.246588242291006,8.188599451415008,1.6526066867204798,3544.7278107504208,343.576016039026,53.540560700922946,0
20.76737422063975,23.031126637959957,13.791167802417299,5.956360460179416,11.2673302296181,6.640908339308348,0.5059174711436281,2865.9325908621613,355.5535452887022,47.30543916694696,0
21.63618694992635,23.477929324935637,13.890915784152847,7.699240043569058,12.854341093621423,8.145355680235399,0.9624914566850699,3003.97211648594,311.3574023593231,57.18948496684216,0
22.523539989232788,23.862063076696845,14.868033859088372,6.734599703136522,13.44506838859796,8.53778235446048,2.633758176706367,3285.7457418415797,300.81133746924615,46.94492824119718,0
22.36122206113411,24.951798294940303,14.941508777457724,6.373252259969329,11.931118087624553,6.952852108207143,1.09931062292509,3457.760684695665,368.1987295060521,51.595982223210605,0
22.75975030749837,24.151884572021523,14.068555988429384,6.4246351964972,11.88090168113494,6.551923573212164,3.4385444800367058,3220.823659386702,294.89204039042477,59.02677229562962,0
22.525063785955155,24.22543504809394,14.817917618767387,7.109541584694005,13.21581560022295,6.203160061188036,0.3978452147605853,3119.4397115410698,324.25507061533847,41.63051035825606,0
24.493511057457443,26.422182474008043,14.500887955749835,6.0767508982296565,11.285978419239747,6.843948970554694,2.1998631399981625,3504.8832339870646,314.8013100281488,60.990697597397414,0
23.206263923724865,25.2403836983314,14.715344736204129,6.444931696581309,12.527897240763718,7.184751652045302,4.883699903657962,3195.9937523965955,329.65528886656256,52.25074880029866,0
22.345754986273285,24.227658539234,14.326781441971061,6.402172433087096,12.16634118178652,6.272587464870844,3.1295020101771875,3219.7684644906535,290.5540911230924,51.18617437815509,0
23.46049143027322,25.418810969757118,12.946513072496476,7.527413087073326,12.972154439949897,6.933483092003773,0.14846197143772488,3596.4436420115844,348.90286541613267,46.400932245033644,0
21.987742716063096,23.678145483331374,14.930747965773161,7.163397023200901,12.381271138677041,7.605187204225069,1.5708330609749686,2561.5922460878505,325.1247286827227,50.88479624869917,0
27.62559758067949,30.35202976179696,20.64694485352314,9.506901177646979,13.085518758140205,15.965950194361799,4.608073672157943,2172.546880439786,494.8583026038294,72.06818448464618,1
20.124840227549054,21.681781689399664,15.486724861082136,6.683196519508567,12.16730338459882,5.9508430079219234,1.3105362166905516,3688.6656358656223,319.31110158711084,48.65546161892495,0
21.519677194815316,23.551620108933367,14.723039849908368,6.710190139297183,11.416619580633053,8.340888619785206,0.6243949882256806,3172.6709356909896,271.4576488126764,51.58217841713226,0
23.090941516809778,24.07096500537879,14.489356291697092,7.551367163152793,12.97571241188932,7.080266512423922,1.5778548893249802,2849.0754038136893,240.01838386969553,42.2702261103848,0
22.45533331618819,23.26020985357416,15.31729838725843,6.5015032057895334,12.650997474748095,5.75828963726519,1.2245470605948654,3289.298219748735,291.4979349744139,47.34994347979307,0
23.924436366672456,25.362809050778054,13.970766845987766,7.51908460057285,13.255243766852999,7.112663980475957,1.1612378121302276,3237.0507421569746,278.50330374355525,46.96708990440468,0
22.58587948466327,24.623891270997497,12.82051498846478,6.8790469492883926,12.407251607804502,7.820948024452247,2.2493091574264534,3117.2089335360447,337.843380491534,49.72703366943643,0
22.400273312845567,24.85651913824088,14.255644238046655,6.953173766966011,14.233997560746998,5.699745273007724,1.1480506408455706,2999.9148419910125,288.7997352776585,56.173476395971306,0
22.644354758054277,24.80318123680913,15.641844291431372,7.473285831305148,13.221648702570402,6.853938407813747,0.6236596976855917,3048.7340773195074,306.70310517744326,40.88253632475207,0
21.31032918065243,22.902570631921982,13.721788386592,6.810944410582417,12.931627686307884,4.77169767776151,1.4094880029968135,3742.998302373573,371.95391542775076,50.06306417176121,0
21.41531083024225,23.268082016951034,15.073271471807722,7.205130022187666,13.065379833764244,7.8925142026724195,1.3404979492318692,3325.4735974651553,279.70753895157014,40.18504046173639,0
23.435592638723207,25.177630807090637,13.634468505029494,6.502748152025497,11.550656813150884,7.2795797390511,1.001420603826655,2963.7798747189963,303.6600178704582,48.124131375822216,0
22.412605304811752,23.84291204710443,15.235131883726664,6.233925429641997,11.465439310893686,7.803309600894628,1.792384979462967,3278.874202080873,330.6591954743389,47.48587640532192,0
22.33506178244677,24.097884099801334,14.373169846066835,6.771605702056862,12.536029006446444,7.664165703576804,1.815012865566419,3201.1323227628895,341.19094537673567,47.093720250122324,0
22.705641937427966,24.73940712961696,14.678522443798158,7.698332600837508,13.730092299412444,5.953653417884792,1.038770667819334,3478.25017478467,276.30288513345363,52.69773766680509,0
22.379815108224058,23.945444038896955,14.609277916471003,7.033626107591394,12.71829480561475,7.7588964858628655,3.0960915642224442,3610.6048114820805,293.48170940111163,50.03268423867598,0
21.284602655598693,22.909914761182456,14.70965344726938,7.34476829153832,12.78374701205589,7.00811167228619,0.385616901037269,2866.2932956028767,319.51308836746637,52.176790635240735,0
19.915931863675542,21.57956871273711,14.82529762737814,6.958476003492057,12.69491905088703,6.910875450591368,2.3341387690723425,3111.5737394361045,306.60713417501125,43.653892348233896,0
21.74793933049204,23.209395442537254,14.087863280726387,5.990413471742068,11.145715870561169,6.2052752946832515,5.0518960187059685,3119.3308837500085,374.76963785526755,46.00129925925016,0
22.080819844658162,24.492032388413296,14.0620739817865,7.371699053574776,12.655809640697822,7.827643170131846,0.41337549019441133,2958.228531800115,324.26117626032413,43.08085598037699,0
20.73896968109707,22.41202948420006,13.681397421299533,6.058801606502115,12.054711373764853,7.041063374411128,0.8702095365635325,3039.3669577984406,319.3647157669601,50.49357526160502,0
20.776965418584673,23.52251441643242,13.194931911666341,7.133313941728445,12.420935577791065,6.650877801896477,4.57467675295135,3324.086602767623,315.47226093988724,46.7288986933612,0
20.762383319500508,21.86990279812254,14.704936484555423,6.843986773564584,13.20575473112449,6.760817689459442,0.17765557329335646,3372.3456357439063,293.31457535278275,45.48125641044672,0
23.290253127207396,25.180358774106416,13.43131007666511,6.589321596114779,11.634366106683213,7.570593590374278,0.9963370160572542,3102.807812392605,328.8494221265919,48.88332815282949,0
23.27845186510757,25.590237837770673,14.364701851485746,6.549869491706662,11.671677490418336,6.92811122653116,2.2466065395485595,3263.9248845120355,311.8379344055111,53.30569006669018,0
22.21328148099637,23.457192710934983,14.961161076097937,6.061671388240973,11.976070761591568,7.07530972648197,1.6053877119230027,2848.1972251239526,319.2908373892601,46.11494884897548,0
22.17671179866653,24.055628704919013,14.970284710510189,7.050458664542928,12.69180234441551,4.802232472470729,0.5808440078294443,3021.1656077263333,296.89239578796656,46.3784621810806,0
22.36652872638156,24.001799378796097,15.055138586553007,7.230091319197578,12.664290142171048,6.534809246700974,2.175944906292048,3119.1022321797423,322.04138061931934,53.97213344625424,0
23.10872883732876,25.212613755522426,14.86535040858432,6.41289809082355,11.831818994785799,9.434274584380555,1.5516844275950046,3224.807405845268,325.32726437172425,40.690903702391395,0
22.892312848516994,24.621603183270683,13.69324101396212,6.71579014398556,11.961840906235599,6.738168304585648,1.715947404199023,3056.5163417314498,317.08089696734237,55.662115549944474,0
23.054524169115926,25.14314917116638,13.72987919046482,6.350600094878081,12.876284159139889,8.053242829577258,0.5662749373914212,2983.2686901638913,301.64987514277124,44.53649068376457,0
22.525525892083273,24.153075664253233,14.04768562377168,6.841936250880467,12.445615121141604,7.078598764778954,0.5421035921411245,3210.4795100596566,294.2608851943207,49.17914190523178,0
23.472969927791738,25.38467706307835,15.118591989332607,5.71898385003628,11.466125358772821,6.6463075881455795,3.1618181180222944,3344.728255943225,327.5754073118741,55.69048547055224,0
20.45689967491459,22.639019898209693,14.862868418807375,7.497717041099593,12.739533824358922,6.988132917363114,3.290850532627458,3207.1172351096025,313.9271442228181,56.45998813063028,0
21.297375053062233,23.25074906562369,14.255188836514073,6.635812370291599,12.565889459022326,7.017133720447086,1.4000374908138342,3450.266210642691,346.72223188860494,46.38872963801852,0
21.397617664218963,22.934318299285422,14.90492612436857,6.088561546094223,11.630174855673268,6.521596879047959,0.2533107016625168,2878.608601572222,349.4159387154186,56.94045016189639,0
20.6083294116189,22.1150669327749,15.914535434447828,7.822240778599972,13.572811391027198,7.561780690399745,0.7844000914876901,3621.042601585158,320.5308266443955,53.9024876034393,0
23.809808222306955,26.10140042330258,14.73134693849498,6.382864328466017,11.926302886007075,5.348279653652892,4.656201684493833,3336.080676191434,347.7194165076808,56.36973364737474,0
21.691811250907357,23.828105043759177,14.365292062021718,6.510524121325538,11.46630841360706,6.79215234367344,0.6540723039137193,3368.7911002470732,307.30830376975734,61.025936500795495,0
21.554659497710112,23.25757999858,16.359759131458734,6.336313497152033,11.964040459354582,7.307159077370744,1.7418325031818804,3037.2059265270564,295.02961829526186,55.3635437038372,0
23.643750054451303,25.252246625842627,14.851562152366393,6.667039962902224,13.215243825396005,8.095989005664856,1.5569340673389722,2911.2425398979954,328.4223091173862,46.381056054430594,0
21.779739747409447,24.16104401273786,15.38466645303577,6.43325896666086,11.340478363423554,7.212506899678344,0.5857665734798515,2904.87537825059,317.0172672049244,61.72209693881898,0
22.598927703521404,24.496080508781514,14.451121993595306,6.8617145908518244,11.95645537701899,6.794316408292245,0.31964014079380204,3230.638789237693,332.7415776927531,53.30964782367004,0
22.172731716302795,23.533810705249657,15.356864400322245,6.485481069398194,11.041825922858827,7.989512577324877,1.0752262508862844,2891.8864022924436,331.66174227340764,46.411822040141686,0
26.093037252707045,28.80186544298311,18.31532941568271,10.021531482305729,12.5200553968887,14.176167108383416,5.5127185312370415,1879.5268920409105,577.2998760628939,77.5474424134019,1
22.149967500248067,24.352972976182837,14.113737927354466,7.020029964511572,11.872999230409174,7.469387031884002,0.5981374194167701,3369.2874935333234,306.08163719188076,55.210641543072214,0
22.11713527720006,23.08601054925758,13.355335038700263,7.262640946358416,13.162376291307936,6.141064612150072,1.2532743053780724,3272.362768212665,349.71497951336084,55.529036517063986,0
22.059810705822375,23.922915281539883,13.293155225429715,7.328900503770959,12.98454634323869,7.344706804195245,2.2844745384299183,3120.358332984792,291.27041581490835,46.54962703028232,0
26.35517401146979,29.75648634961268,19.717735573953334,9.392119876223571,11.798762457439924,15.347702657381152,7.428672683496753,2128.177660285043,537.1615289744145,80.46425077363016,1
19.91653128845702,21.077491620618847,14.365392692409968,6.6659304303791185,13.169618774844086,6.526194007410532,1.2149364627006713,3338.65805016017,312.8270606015581,47.06274362572147,0
24.345643879759162,25.95075245411374,15.52705348788285,6.467153267553226,12.11625986827095,5.419295170814916,1.9046177410173257,3315.7281948732784,353.62961638365744,49.63967894749743,0
23.426038452778013,25.13079427825319,14.470728020525655,7.486135658303995,13.449378361161642,6.565295116300077,0.22807581831737744,2856.8021875633976,333.30930028241806,45.62477652786015,0
20.497699111346893,21.48737596210234,14.00623020268163,6.373300262980444,11.484488871037842,5.908443390270774,0.1159613251422189,3301.854508662994,319.98977035254325,52.20439949118741,0
21.30197515111345,23.170160659512078,15.462061204180182,6.771018000165848,13.26914616447636,7.57791003474393,1.4407453877339007,3270.0728229914766,325.10637356642565,48.07765943650289,0
25.572101445922552,27.160510362696947,14.426434573916588,7.329782786311698,13.272517312453441,5.288545181930123,0.26329981843037936,3485.240733091352,308.87574492532184,42.85571693053282,0
21.172168909509995,23.060385480315542,14.282948017545362,7.283403552125272,13.021358159376033,9.046431360783634,0.48035752200143866,3100.564928938617,318.2046714287241,50.71699421516765,0
26.830559641427485,30.782351053837353,18.649874169349317,9.695642198153,13.144975737487345,12.796320756136975,6.019741902666098,1657.1778861233001,478.3682406192812,71.3398845288606,1
21.410371109374548,24.050259825041152,14.21932045593882,6.080639949471565,11.97139477677513,5.734895578569805,1.5160562919556133,3609.02627764908,316.4306261707327,54.455393386986984,0
21.66851376264491,23.307283367018897,15.913209440262108,6.71098835496808,12.821834317025672,7.193032445488218,0.6634668973447726,3421.367645735024,322.73342258993364,45.080259670587225,0
22.443695305344978,24.157428250325925,15.712355846681799,7.174872737719173,12.81003808814225,7.9752683866828855,1.010801328045609,3435.9421961998305,291.622014514719,51.36544429264944,0
27.36470170344512,31.300824933222422,19.14859535026296,11.213810450632069,14.209370274574175,12.461938419053146,7.697283792037318,1886.0959915834787,472.3454074354196,69.26201744316883,1
21.886541188282578,24.368183394784776,13.512390401262083,6.239616174651875,11.853478782252314,5.192524478342771,0.19699503324314316,3324.8536519847676,293.8412491078145,43.3894102927813,0
22.61958163810517,24.697796741131484,14.45751455864247,6.2775818430484644,11.27497914727212,6.4286255011555165,0.5459257994410138,3073.594853520203,334.0132321217628,48.669479723768916,0
21.3876834341063,23.218065541272736,15.68556861474923,6.387083613380976,11.925821778046112,6.591434897976221,1.411666028888197,3159.148192317172,339.61318151189096,51.188986815695294,0
23.621183893487128,26.00780023719857,14.661824326096975,7.202787351403087,12.712698652192623,7.150451073699331,3.614543653428274,3299.89613830194,315.2779965821636,49.274327084893294,0
18.971533638402864,20.707281190592667,14.349712479193025,7.0056788155757195,13.55268442207409,8.115640592449616,2.0827968938648467,2897.644386527041,293.8033423502757,48.0406173644372,0
23.560391924984007,25.66915998691868,14.322489382966186,6.523715326940573,11.980552007911797,7.476643036936191,1.5418416643982789,3469.3399524655683,272.7575553350525,48.09033068434301,0
21.592379105658836,23.526402317292483,15.00596337331384,6.645519992701046,12.364125332873591,6.547920843503489,3.3129920729632234,3294.9583637592714,358.45987461095694,57.17212658222401,0
20.11491730247893,22.09995381962051,15.343113241836706,6.525105320180983,11.7360238001695,8.918589960310554,1.4740855733240004,3248.169982462368,343.81623359231105,48.878422623886905,0
20.514171993761078,22.194236715251126,16.41548952046596,7.443191068497766,12.19126476993521,7.397664919216828,0.3311780082437794,2980.7165153881438,311.591990704262,56.354061148284565,0
22.059566593100012,23.505467118650323,14.532739798983139,7.116108157015925,12.468954216384354,7.4975648230130405,5.194564243661985,3320.6662565103265,337.97958452373217,47.21053870048172,0
22.201570648579743,23.865921736871726,12.976260245227628,6.02348236108009,12.320384190169275,7.540206223639364,1.0396342321678866,3150.385890113991,321.545791800453,47.68283543009602,0
24.09383297021887,25.907443934647763,15.382574057642927,6.655968600824361,12.069385720932717,8.948885154291764,0.9578642958735593,3162.8943382102,303.39718213425715,49.524250917005844,0
23.21688008381983,25.21799385457791,13.5140550086688,6.905004154011294,11.747226391890901,6.19724728575524,2.1578099978086445,3098.2420432634854,378.2871523139209,53.734980191776735,0
22.477549492264924,24.207398109905448,14.362661076860173,6.727566622426953,13.524040866867615,8.461119065236693,1.6916179678222805,3266.706542770097,316.63461417341927,48.55741762402217,0
24.03414223512876,26.26238645912043,14.942855624854234,6.849913157549884,12.453842352232607,6.125220639244459,2.5305229932820796,3031.070499396117,330.38844984592504,46.50208651751341,0
23.11632012788366,24.733180773410666,15.481627677639098,6.345748744243904,11.452740248460891,7.973540080342419,0.893310848098154,3349.5436507476415,335.9629144812091,53.84495768172459,0
24.14985170297782,25.309743261176337,13.995255333009768,7.418416233063633,12.971263197315018,7.064734158702194,2.8938007590506016,2978.2093529092863,334.067745939314,64.99367052751232,0
23.16672535920414,24.793615805768784,15.612204262009591,5.6227585386516985,12.156608159994757,5.597456608927159,3.2917953246122735,3065.3683866078804,309.3309292790358,41.26635316741954,0
22.651655495455696,24.294434392631135,14.55772258945741,7.24119854489499,12.41774520755867,6.448280859827857,0.7096366778167182,3096.137379240313,358.11691857118916,55.96697218198936,0
22.82295232949413,24.775476174400044,14.385072376082306,6.458075549750212,11.562256378590689,6.248614276328735,0.36812051814388846,2816.7063511594165,365.1026166146575,43.30600394210277,0
20.82171891141703,23.426627089697334,13.67807715877919,6.851322764269832,12.771931092342102,7.850981310259518,3.766397653904018,3461.7941637507492,338.18725510391914,48.58489197230536,0
21.695255749108025,23.577800457638205,12.735764501795275,7.166075613027368,13.638798689560023,5.207196168169774,5.049596471639284,3173.6017601778303,310.57110542971816,49.79389628315941,0
25.811592046693292,27.13980818089018,14.239013036446913,6.2161212920500395,11.67502236509938,8.139806252384364,1.663353792149242,3417.0438698889734,347.9542353723802,52.62017508672428,0
22.34649889022308,24.41815600039836,15.295025771624351,6.971463188660671,13.257602815617838,7.216635587743009,0.8354587950600965,3231.194644919353,343.8398737665629,52.91083498368674,0
24.907311465790947,26.581276773313302,15.305384056981651,8.118334570972793,13.555556633084208,6.603033438707126,2.178093092647229,3298.9243766520012,310.23120575238454,54.87736477835568,0
25.595200085021403,28.71350971039307,19.22552067101948,9.103819115553453,12.3555710609266,15.313339497948952,7.884478796759776,1899.6556568999476,544.2673825383273,73.7127677673228,1
21.29503107989752,23.276434564919306,13.655175360026666,7.030636042158916,12.451744526438976,7.676502473998697,0.43011346579679616,3191.4570296164184,356.56325956728614,49.313057002916125,0
22.371237427194924,24.14618159626403,12.942126020687349,6.113795131219346,12.066689489880865,5.408920547513308,1.4464270987138468,3344.0890044034522,326.1529432362601,52.309990118515465,0
24.358824181794226,26.360125007694027,15.05674568075268,6.6803634264240745,12.041367218695097,6.262170152378851,1.0510987176938769,2956.316204521895,326.38385855280006,51.73705238847551,0
21.86339862286737,23.884318597939178,14.61754823870935,7.602809916282559,14.27515389504536,6.932998551757868,1.2544779730803683,3270.8174875366494,312.7776896416488,47.49892068203121,0
24.24137232935405,25.921501670151336,15.016470169739355,7.756002734526349,13.73473734870942,7.461662671983754,1.6699411122075032,3614.0806269508894,345.15601868279094,49.12387516684727,0
21.213771320351814,23.06427841484544,15.445512034047114,6.09996438279913,11.287293805903872,6.45285586906009,0.7713102353868018,3286.485916995017,293.7217066055958,60.70154389918281,0
27.057503066653688,30.332958767794004,20.985233122588497,8.739562067990336,12.537156456528574,13.138199304626738,7.341973265890556,1205.4633242418784,551.8732144636739,68.6421250667471,1
23.434033291399967,25.66010207768572,14.443823710785907,5.601958855834791,12.34645325936675,7.761809104568001,0.984585652010669,3106.399888000273,329.93165839053745,53.58765258200339,0
24.300911748761173,26.132750893711588,14.114149143250957,6.449355214604225,11.383681881336493,9.04406575962848,0.4716236223947012,2768.299199323311,321.99202449613534,41.01917670415709,0
25.04658743641516,26.819716120395416,14.53645110491352,6.81607157348228,12.37352835596586,6.254594304207181,2.9069091923469887,3231.1909657193464,320.912655559638,52.62101286523589,0
21.04297366465472,23.036048819538404,11.963659411297556,6.139222106744475,11.777866620203639,8.204967939324838,2.8196199493945837,3330.7900083505406,278.30541348631306,52.43808837616899,0
22.54560417380184,24.006863787351694,15.27112554726069,7.350868930893104,11.938048335774496,5.959649953670361,1.1148281674330855,2366.024612632726,297.30020644554696,38.489939099324005,0
23.37091994867843,25.31841320760544,16.133742328427786,7.577599267073671,13.408124800063348,8.193363983410627,1.1132937765640063,2945.6272342779803,303.64539185599176,47.88029350219609,0
22.512279673223503,23.75986183196199,13.65591385961564,6.57240054759192,13.066483060851825,8.061812213157209,0.6327894687483555,3055.337236469886,338.25200231343996,55.151583477368355,0
22.768545541966677,24.78976157630762,13.489784179441148,6.8977016106416595,13.451366380778678,6.864159931129579,0.18678522406779796,3395.9558514366645,328.4535081339483,51.34267965122287,0
21.133400258663077,22.850012974446912,15.030836494798749,6.7402206216868015,12.65497143151537,5.949637569187104,3.2884641504284753,3463.3217834880998,308.83791036013935,49.10022225409813,0
21.72411253890897,23.71181957483238,13.8825824340857,6.869039204208773,12.726050952471642,4.578961412719629,1.3171964122702355,3622.0779528632206,319.6221602478513,52.34154587810606,0
22.769342182271966,24.6432263721844,14.773460171163974,7.517785496581811,12.518492974981381,9.108239072435936,2.5229206059165543,3012.2432982952446,340.87089343961657,48.47979450423342,0
21.623560041939434,23.649402412296876,13.264050122658594,7.021158434082243,12.61394401673433,7.533269060946012,0.42740984820593075,2724.731392795504,313.27222993674246,49.40806081327886,0
23.983356866167462,25.573864345058894,14.248247336969525,7.584814293469746,13.353965105920375,7.70214783877571,0.23104919585135386,3069.5291465737387,314.55717396956277,47.70723669934401,0
22.49567695309132,23.983597301444334,15.173837861611123,7.131268016699306,11.80272614021752,7.906988867894633,0.40803499166155766,2984.815502881724,359.56547609335126,49.00986390201299,0
25.866940452251235,29.264945838511682,17.88357821098406,10.160571862487043,13.63324714046501,15.01235343825217,6.734713906659971,1515.796298764023,546.7274408146347,65.73824910843865,1
20.241781145402832,22.348132457195078,13.748606767454394,7.499708963326942,12.739404982078565,5.9160695658242055,0.5731419581865189,3286.1523301485277,309.3813902532248,53.44331147573208,0
21.09586436872877,22.683282548185083,14.46379655842853,6.092237966543147,11.712760777265991,6.48758196798415,0.999397977180991,3327.66972079151,326.25654344113684,48.59681260343272,0
21.682738011030143,23.72603648770413,13.599530308774424,6.814898082560712,12.58517089926356,5.604982008215714,2.715682186109948,3179.521926068598,300.30846020473984,48.51178732001752,0
23.178611574757852,25.038356967666328,13.394726625229135,6.531010735589022,12.160467574372426,6.733076490649042,0.9199140300835174,3158.507898051269,322.31401542928586,55.19816164650558,0
25.618129591313505,28.34189166299489,18.697257098641806,11.285716586187243,14.38263287026103,16.446967288121016,6.067073463594392,1772.3306138091214,518.5137912793729,71.68257287750477,1
22.508159813472,23.997560157274798,13.065538881670088,6.71425219980588,12.543472423235485,7.457642454959516,2.6579153679538647,3251.906849503977,281.2500205375998,43.75351537132427,0
21.469970663782544,23.72421872265572,14.35268334745344,6.204062647904375,11.45930153299434,7.655129623242127,0.8996535422779476,3262.434016965953,291.1345358115568,52.17812439753593,0
26.237592338407346,28.74053536587378,18.29604206260102,9.3238430044469,11.496755634637347,12.514488819732456,4.501598770357299,1455.9040428296555,568.4528420523645,66.87046592653995,1
21.763916803750874,23.83549559885577,14.96347740780542,5.69071501702445,10.57468955589846,6.864915086809791,1.2225483921799407,3352.776523861506,301.59507289043313,47.21592621171467,0
23.200713822391158,24.9780784268312,13.526482631727866,7.4144282751002795,11.884638207097243,7.067292662457182,1.8886386168102935,3035.1752407873873,310.38424669821916,47.38428126779237,0
23.40514959577629,25.310569920558205,14.49695669306336,5.981798490396757,11.283566998295347,6.551264835266151,0.8428630792408733,3463.949559616643,302.04510915530943,52.0086281886308,0
28.023465709642778,30.989738116033518,20.21396032379572,10.144464789898537,13.85489204237054,14.166476919101079,4.727367955935541,1323.6726374548584,539.9575462686573,72.30947238879942,1
24.18335317312332,26.166462319584074,14.897120094187153,6.966684925630439,11.914035720418237,7.923053204631493,2.6175057691819767,3087.332955607998,302.5170281685832,61.68073049799812,0
25.277590280008212,27.496517362656792,14.137090889926654,7.796018317979654,13.509196966920442,6.184620364052865,1.6835997462633951,2569.890382345234,310.73930713825825,41.38157310720494,0
22.49043283042006,23.88375957898946,13.842339190537658,6.561561769678082,11.75812561908218,6.304804993878178,1.2540033703117217,2966.141148635323,315.0346069280384,58.16122629449433,0
25.70968817223261,29.080833577208395,19.81547166109188,9.59340969523661,13.345453946973176,15.341879249156689,7.629357830953003,1377.659368141787,572.1301340120465,69.94850670185468,1
24.08087287876119,26.35427034551716,14.078774650323165,6.917727897555557,12.179802057129985,6.52733261775781,0.567391475280449,3036.25387784782,357.32079728412896,51.476148705527166,0
22.434846160178626,23.899941187758746,14.482372108796584,6.807513875143548,12.075898102873449,7.128641414841303,1.6148018257883276,3269.952963575589,316.4462206599545,47.208612018959734,0
23.487053894523825,24.802585122811514,14.057528146468695,6.419818179391934,12.443721457520287,6.234066126034002,1.2495470221582528,3139.736446351509,319.3275036877654,54.66671152103626,0
23.23244431852016,24.78754962471706,14.962382818911646,6.566905694026889,12.993791302325455,4.806896345313673,2.1951486267641798,2928.016635342731,323.4743913090821,48.72937088404948,0
22.897516117684276,23.655830575033423,13.258790200752857,6.7443405756010995,11.382410467632642,6.570878599181724,0.2568114130839639,3001.4790733486384,304.89654283120956,61.740092543269384,0
22.77684108686242,23.907683526337788,13.90203547683343,6.61224550968025,12.40189820294561,8.637209474507952,2.7867614503006646,2871.8479332118277,307.16556281213377,45.05814468792949,0
23.81853222238463,25.837438141335817,14.97402424585421,7.46966329474,13.393673975773885,6.019599538801123,1.717269390133186,3308.920777981126,317.01442098160396,49.212190222231115,0
22.83482583092441,24.735415274500614,14.29175276698285,7.034270080773035,12.594570520045174,7.485555211368849,1.1843687099535831,3046.6560928817034,307.7965929964469,52.87373464562752,0
22.72168869467487,25.338516555846024,13.693705669422297,7.371103696442779,12.618238537088192,9.387773102630339,0.7260741443203149,3182.4714639804924,315.19304217971387,50.889531297531,0
21.907492100206426,24.249669220648624,15.809391969464512,6.4287566111152,12.016203988685355,7.700363380730228,0.6874695177830565,3175.059931171433,336.0978252574039,51.29287450368571,0
22.41540146632909,23.829135544919808,13.88634603567976,6.171717332027282,12.191244795230475,5.022446296562219,1.0410904133863317,3295.317286741995,258.96178572703826,43.03483849145587,0
23.478884655047157,25.025170315971394,14.404304300504982,7.550976482594297,12.4324570958352,8.891817910047797,1.196627917414127,3224.721803963796,349.00526920267737,43.85402523810734,0
20.844458202253282,22.440772857213627,13.349271066564352,6.490912478949915,11.112271903832927,7.121123019086535,0.7565363792966942,3251.1112926307933,369.48334045959695,57.61972904581641,0
21.156396126448627,23.732883101034126,14.483004176579007,7.120947061429319,12.703087168427476,7.377970694662992,0.9542286826760349,3248.480486620384,303.4452863080835,47.67543462221988,0
21.2854747496878,22.988121157937794,15.072587392936672,6.485925300122179,13.011453626946649,8.274989707333434,0.6729596866135963,2865.899394160434,323.7235699060322,61.75169560077151,0
23.18709933762739,25.162024612442977,14.749192687038231,6.927365568690105,11.817514259540246,6.159054794977424,0.2474924840416681,3266.802663786264,307.09879609745553,57.85195920168908,0
21.35335147127949,23.032533271483544,15.59913150816916,7.421734564172982,13.085630952347037,7.569955266253409,2.15044466544477,3264.4654043237397,305.1958417504155,49.37382642642348,0
22.199944182481257,24.179398488287067,13.423832263353118,6.811692607329253,11.879709105806494,7.44532233325838,2.4688927493423454,3143.504199161938,308.7928183938669,50.65043468130869,0
21.650796641257465,23.546558441471614,13.747181839466897,6.653657270512362,12.184686711617257,7.205725788084441,4.094295889236782,3505.586314116994,328.7055276036042,54.30709179938128,0
22.288974714681515,23.27448651353914,14.487021505923247,7.240531093690333,12.424756890971604,8.071351139060017,1.303706160296941,3052.08908993412,332.6195340228768,41.867846205417116,0
22.64675700363874,24.524949696260055,14.32889986595629,6.402014813074751,11.643586176447664,5.759294828195605,0.7694378090635141,3239.637413289911,292.1373182976483,57.93846484113072,0
27.397522947989316,29.996916458880968,19.286575821366853,9.649104868059325,12.762616916709504,13.004954574780772,5.682341586960479,1865.851729098622,553.0045785358672,71.36139265757484,1
23.756517963134584,25.931684178138845,14.451969966649148,5.885797059579018,10.752378290586673,6.022484932677922,0.30010836851245415,3423.865055918708,315.92914901122236,45.353377058791864,0
23.69045081944383,25.239525441063307,14.326272954290515,6.237406949134419,11.957850073589452,7.115056117241732,0.3153793910143869,3089.018376391277,343.0788337626261,52.50668313590432,0
21.536185259183586,24.153015675241086,14.982064214382673,6.28201903569668,10.68733494632388,7.191520483369532,0.5979495815035103,3029.314288798941,327.7852087797333,42.26379201273391,0
24.270427460339462,25.318457706283844,14.294975340598741,7.385583816353073,13.12490051913847,7.792353472302948,1.2617052272245297,3101.651890511066,314.3958417627268,47.9993196834872,0
23.6811868781719,25.096093852058054,14.643931495637133,6.043084749377573,11.276433711891542,9.262747927331727,2.190412577159918,3273.121046985574,302.79977962887904,43.476770006927666,0
25.49159942091935,27.206216709179174,13.102826619536772,7.3299750848811875,12.246538180311376,5.765596504379698,1.651080864304865,3393.7286387284967,337.35998355368093,47.280301165142035,0
21.59524249335999,22.722179015710914,13.716059540174204,7.207877243326035,13.717068099920315,5.074390703754611,0.9686831377507407,3403.5849536419682,334.9173845227621,46.13741262157803,0
21.669094824151372,23.049232624587397,15.201371349108893,6.9153558745374815,12.354182900174642,7.104136768431032,1.4986291826593945,3207.218120043617,350.0799339535594,46.258138517897585,0
22.813266326615867,25.17390576379444,15.361478515726144,7.363675044677742,13.14637036568583,7.404675275717602,1.5707473317190646,3275.7884570940682,331.18166395627674,52.13315892988398,0
27.18858002245432,30.824812280577774,17.52686183345607,9.315337525413659,11.941271470814623,15.663586640073632,5.530209753381584,1367.015026887274,527.7983886783943,69.5893584114387,1
28.31053678885349,31.037511481577557,19.98751675644294,9.710357407398632,12.531950477974531,15.705561344044071,4.9370579424846035,1470.1280945133483,514.1769258942907,71.9666578966651,1
22.768696960877595,25.477276859046714,14.590715513573352,6.872155009717539,12.769614353526844,6.266784415729648,2.3345099613176106,3220.647629218853,267.70099262433945,48.794512755060545,0
23.728875030973754,25.902126259910183,14.530033473189457,7.017773159496182,13.26966123323041,6.996927906119246,0.7142960082639187,3152.8520372234207,324.17148474731687,53.7992825252973,0
23.254014611117135,24.60165923698677,14.515475256649404,6.262669480283568,12.45931819720812,6.695761800465927,1.5629224479069084,3374.157875304437,306.36115548971185,48.345882386378975,0
26.53823186873954,30.002089887376503,17.8466947081394,10.39504210267868,13.554391758342636,12.856553183115832,7.651370304993909,1922.5491864460757,451.0880317100825,77.1893508589967,1
21.513335525320283,23.029503583420613,14.915096944352097,6.58550964131379,12.184536611135762,7.113836066176828,1.421994350119391,3290.9601085731533,322.69949532212604,55.10698841920199,0
21.951484492096473,23.8187084144832,13.264452921401404,6.567462026899497,11.586584868188101,6.906797965291178,2.646617961499964,2973.901219261345,339.15343961316694,50.58225988853675,0
21.626396470525037,23.020044939729047,13.56377543488258,6.839824791306962,11.317985794133968,7.686569885973817,1.351196829497316,3615.676504000874,357.51652123650075,54.871996776506606,0
22.744156363040666,24.836904644755986,14.880292488553609,6.474055708734309,12.495273902934706,6.671813457372043,0.790020164051005,3448.9458775393728,321.7098465159166,47.218604675647946,0
25.007446466033727,27.065848940879548,15.424805335560901,6.11135225536395,11.86033554080554,8.441852408701243,2.241923848257002,2948.422998601728,311.21290909597076,51.21669782632081,0
22.74350762502156,24.670488929521632,15.502032584823384,6.497160000032101,12.065987137491634,7.663496279737379,0.9463370707327086,3158.509567131769,316.42713270017043,47.65740035369974,0
20.912292247911,22.743154846398088,15.010941711904241,6.437569458099974,11.461101723153039,5.963417416761873,0.9227249523672886,3153.039294984052,323.63806230525904,50.64169513601469,0
22.671531713716448,24.564268550570386,14.523020451264799,7.0967697161465955,12.364013771887064,7.246489371461477,1.0922371001928348,2978.507479381468,296.45493169187614,50.843404297052544,0
21.668508485687216,23.793790560386405,14.341443458896224,6.530604847711644,12.223911809969781,5.847128573184806,2.375740507137478,3069.48202387541,357.5681920199821,51.0184613923823,0
23.57390925233333,25.041084730393386,14.574526670159793,6.600858483228725,11.921287896385493,8.553710384595814,1.0337798842536159,2766.172324101807,309.6403320972741,49.62142798196121,0
21.507322867737212,23.677030923552344,15.077522788350514,6.848577893543124,13.16328172050718,7.521492001771284,1.132348227076688,3234.9563178315134,342.9701161675589,49.87133102580376,0
23.101313003927814,25.072587503052045,14.20257679078121,6.958033934864975,13.100146345147076,6.324080792108701,2.6028494009227914,3241.912538846664,321.4263459206341,46.26931989652048,0
25.550632172573817,29.465823243993633,19.906243303441293,10.577761006767066,12.751114153229173,14.024447925399818,6.165636750908755,1305.5930657063911,461.82301116400834,78.26180233296014,1
21.659855022072993,23.316643270174197,14.668242432177596,7.025613008068049,12.640001019477404,6.527137566128022,0.8433634626618632,3148.5870220366533,290.5770026967104,64.66802853085636,0
27.62336747072971,30.68779673338718,20.81651926663091,8.614949698123992,11.203597406589237,12.77275490983819,5.5109090586121825,1278.0291120051436,472.03002883047293,68.7679064654394,1
22.577369297772144,24.14465648441532,14.14163092924002,6.640920749191036,12.073153117248228,8.244670422705656,2.894839676386602,3300.5977922570514,302.3926357628949,54.319871392059305,0
21.9189191125605,24.31381757469487,16.223942941906515,7.646773566706836,12.832607826764512,7.882550989009079,1.8686681384270643,2712.4762099953105,328.7407635417407,49.209529815704045,0
21.526970986547596,23.11671861295344,15.680089891447885,7.307813941997235,13.288961263959608,7.914565351624175,4.166856642446681,3404.466606237409,310.5598761735515,45.2174985516299,0
22.167824040133294,23.714722028179278,15.589705922948063,6.84145592658602,11.949896048072397,6.899554641908822,4.557437210794559,3285.21769783657,340.76375725825335,49.85672169482368,0
21.73021570914683,23.962238132802554,13.08768993037602,7.428098719706841,13.502782722320372,8.064571508752007,1.3821700784890272,3360.7482886833336,328.94387708567194,45.13321290282951,0
22.885628658540327,25.05113730709456,15.533648267461219,7.571368183639888,12.748045415272811,9.355652380151472,0.588171877733865,3002.133089371787,294.12987091386555,46.38833188074898,0
20.095365162711897,21.702658774274507,15.680703320403172,7.16325581116803,12.884500514864818,8.382613799189834,0.7497116127304335,3111.9237816627074,324.6653706518392,54.86026006461945,0
25.622019737016473,27.091758263895617,13.717129288009076,6.555421912407891,11.694360602265796,6.6170077751261775,1.3266709553921359,3413.1103162053355,343.70375029505277,51.917835658535324,0
22.898376396682817,24.663402265171946,15.157880376716603,6.706136488210058,11.629131546050587,7.075059944946132,0.9476170908941953,3008.4798859632674,368.127828098423,46.10754217440826,0
23.684801419906922,24.78791274285281,14.39359746885595,6.612445502528217,12.438978342230964,6.135185738951791,1.1106413657218992,3021.8055287931015,279.98292227460036,49.65359439835434,0
25.177560175431157,26.666611581492795,15.469703363386788,7.0923114762433705,13.961918710341967,6.422582500193411,0.8861498932616482,3221.2989824926967,312.4683828856441,50.46916472692784,0
23.21103233904142,24.921944058730777,15.373444271259716,6.883242636288573,12.75069854701885,5.926515783664604,0.4283531687690764,3180.268331056361,301.68865310071703,48.820375744573965,0
23.146507190935644,25.009184682234253,14.505890145138853,6.091865570329696,12.223211819346723,8.423251526313527,2.660343114422433,3045.0940613276775,356.06445430631106,54.848838890017454,0
22.933674726610096,24.87274532002543,14.758548385966565,6.9204383786002035,13.15521480690348,6.432703863277374,1.8350103764604204,3362.960392995089,349.67232693989746,49.91963056918963,0
23.17174853751725,24.30979356302593,15.332344714115871,6.675513172359662,12.965205590765883,5.949987316625757,0.15475697624988896,3306.634822506636,316.6888820075107,43.46660334677604,0
20.79382719990979,22.281886021421133,12.656630451244826,6.8508616042358845,13.36053131244891,8.146753963505493,3.998888373590915,3208.4124896338826,337.3929925211269,57.90877078788741,0
23.087249473473502,25.070324107894923,13.644596404995935,6.780427986515829,12.545429365490914,7.285731026214031,0.6198150846380672,3272.645086968634,337.0075723015119,49.1587889823474,0
22.088169269403107,24.01283041180502,14.367935547997563,6.795420480732672,12.160082713926258,8.60277171421417,0.641325253999074,2764.6075874372186,312.2579554490818,46.86090627023341,0
21.05964431153307,22.658454403312533,15.009859746418458,8.020610861235957,13.439695083774348,8.6270272873181,0.9618906978806265,3679.4620004016665,342.91569221807106,42.03043736657996,0
21.558122024301312,23.332246582288306,15.516852260805626,5.7638224091520005,10.907462010496918,7.586200420844408,5.244353317693246,3023.286649621414,299.13712861069644,41.15959378806693,0
23.64636625028461,25.987247321831468,12.180388896105214,7.209382985424408,13.04108288422344,6.712459438329535,1.9421027644421114,3453.835696567749,254.38972084890287,49.004753586957726,0
22.702153171523538,23.943837490646544,14.559607675061418,7.360844571193959,12.641685666218702,8.679153690553676,1.311391839791237,3341.6163710273836,290.7499078390034,43.64273150286091,0
21.337986654163636,23.193610813625003,15.73225918385591,7.363894013555822,12.501405835187368,6.201126332164038,1.4762164120205803,3075.2553142360284,339.2364327700726,51.32417998258991,0
22.91010717093259,24.182408293093083,15.084767181100974,6.098815358288087,10.67327951876653,8.136080946357442,1.2023881055553396,3437.084819832297,343.1516898308211,58.17137242988265,0
21.72585629447385,23.49324722523319,14.809897184506392,7.151329999249652,11.93166155068944,7.649471822320309,1.3913692709692218,3194.4038358757975,330.7251712004097,53.6363968796858,0
22.647204379193756,24.461089878694782,14.243072769035438,7.106134905052696,12.778609044553361,7.520412032259282,1.9096911961058045,3441.880748727294,301.1691880833845,46.116439545702946,0
22.59819523025708,24.602795060401824,15.868823047352631,5.832285020143097,11.364090914643672,8.27580327359825,1.7068761285772736,3175.388671455813,326.68478251993514,60.632209137631925,0
22.533982051356553,24.46765261825451,13.822852558832817,6.9906764172901426,12.93253176911265,9.102230952649233,0.6031724800247502,3476.328475373322,337.83572565042857,41.146738450388625,0
23.5963015514799,25.437676803203143,14.401490851718187,6.891049122907931,12.790942104492217,7.20887343535225,1.0799000098223335,3546.695164321303,343.2627691384025,52.24762544080106,0
24.71604879088324,26.64004838414946,14.832661303564274,6.486289632786813,12.681445418718987,8.037291442956803,1.924742050036933,2998.996750511438,313.36940336373664,52.44330768630238,0
22.973342570853955,24.321096436878946,14.458781657180284,6.372753268630973,11.735725157329231,7.330163240788022,3.4284405017221746,3663.458539375555,313.4279381741156,57.27837428729178,0
22.610112931842604,24.67663793220629,13.384403944912592,6.47352492208396,12.413449514332953,5.905265205401622,1.160300560188947,3480.032351582761,343.16300460866114,52.94394438611577,0
22.292847240071016,24.02372654511243,15.104532670995452,7.272655885617932,12.614058165486044,9.038388706333999,4.230849691673426,2909.6888868799106,291.5384352211424,51.98190861254669,0
22.59874078713051,24.21827724376691,14.088879498680926,6.790040801850134,13.006277057973945,7.332669402374937,1.3213783680355895,2769.7382185925844,321.1780067952731,47.45280527889884,0
23.985939685720364,26.099089179699792,13.762839181256863,6.153438874797515,12.232879718682895,7.551920648029251,0.4841861208441797,3310.688330327276,319.10223990903927,57.01809834264168,0
23.01396851664918,25.145260392723028,14.16684925340158,6.125197372144036,11.843585419518195,8.973542680693903,3.388101996387721,3075.419256764397,288.3953101002074,55.672691655040374,0
22.080890754817887,23.892903346483518,14.86049043954511,6.39723665874474,11.851686836970863,7.3041495284178035,1.4676612056178784,3198.56928977377,316.47157946209086,43.8016478032376,0
23.42503823266436,25.12843925431605,14.592659669781558,6.317605131185157,12.650687942171178,7.71537596310072,4.33755348948119,3019.6398125424485,343.55435758984675,54.94461458571037,0
23.532568186031696,25.238180191147308,13.617452495013525,7.505678430872813,12.569388572523845,5.428976159800104,2.32290507001984,3578.0587276663996,309.9264232847624,47.31022412487951,0
21.89427009452614,24.355717001923054,15.37777615328515,6.266138711480727,12.561221909364724,6.843621064229366,0.6465470135825777,3711.9129759742123,364.8112705784648,53.7904000514867,0
23.336345285412882,24.53625654083411,14.322720244491968,8.052724452678447,13.317786295239777,6.482852630574276,0.7984915916896607,2768.753641467183,313.40736736058614,46.3517679896921,0
22.383944265755527,24.327325713039375,16.53150529822629,6.421997990271698,11.41011719005494,7.248471098404232,2.2209388828625634,3124.791178261242,337.740025535037,54.84311892852919,0
19.917821518404836,21.525488002600042,14.509778838732135,6.767613870101061,12.591805913473749,7.306014835425439,1.4792560071522738,3679.314883626018,302.4425696702191,45.06540308383834,0
28.329801566511968,32.07323246797191,20.700595062938202,10.713177803904538,13.500701646471082,12.771106585565828,8.084910540684227,1886.0785118572205,517.794348621476,65.54458632412121,1
22.050215030940482,24.40555014222386,14.904016870619014,7.323638204279731,13.64074465118658,4.120039267147055,0.10815368993629884,2991.4514765315544,340.9458419381111,50.968141254591316,0
26.90128789194715,29.43190806797484,18.620997504266885,9.27383991273475,12.202019774517478,14.353007761946845,6.3335634247954,1733.3394051563907,462.8801223876195,72.56075809206104,1
26.26915593987436,29.990998687273848,20.660194923738715,10.80315629446406,13.682845783831327,14.985570441583866,4.7875594561244625,1708.608947636666,571.2552992574888,76.14547993468636,1
21.331744560354636,23.673973734638775,12.405493441046175,6.655733549659102,12.426473623943817,6.57015534706082,1.762623623445032,3378.2012012387154,262.250784989039,56.31756521416575,0
23.764370155929406,26.172772646793156,14.07663919215079,7.389432968518469,12.853516485088766,6.912041205423023,2.166567410293751,2981.736860080693,314.2920393493708,48.69755733593323,0
26.14145523407972,30.119209230657024,18.7659231126455,9.467210530361948,13.373087311214471,15.423126118888081,7.98591576794045,1522.935761244389,570.550944679766,73.43687936517478,1
25.679425426056987,29.249537521623367,18.10133643124996,11.401522642884125,15.3792977860603,13.026311942848318,8.457665164348507,1210.361547077779,549.3605649958006,78.04049582826,1
19.573419410068286,21.48977823310429,13.820223262817843,6.3089902513945475,12.01560907886869,9.838294214146877,4.140874207119504,3803.0941634809615,319.93830376719563,50.135774546112486,0
22.860569231532995,24.488445503551137,13.774681163876565,6.900869327398022,12.784871332731,7.368881302975386,1.0122611429564832,3239.081285988861,356.52258565361336,48.794325278060484,0
22.145423618365008,23.974335204518724,14.031365821241048,7.332085351170521,11.681486378364841,8.064030848812534,0.2997729243789215,3308.853913182735,313.412513176849,52.56800616987348,0
22.989903306857364,24.434206975566035,14.814107292520774,7.984643650405748,12.669246204833643,8.230018148078285,1.6996226901981388,2733.540061199141,299.30671525758544,41.13322982696264,0
27.346088910274105,31.00718088884899,20.695808623181787,8.972212246856092,12.266004080641633,15.099650946879402,5.426446721448513,1961.1084417546217,477.01774455810556,76.16525194705937,1
22.403140103869703,23.773015146650007,13.479453872003415,7.5278002396286485,12.660815107824746,7.451006017857051,0.39544147548817365,3454.0719856891587,344.97873986542965,50.37256192548167,0
21.542043306553854,24.023049169805695,16.57032717882455,6.647022784234204,12.480077552440708,6.986605728176713,1.937328844025611,3233.960437027028,334.57070173640346,51.60492984635708,0
22.80906046886732,24.82286272825954,15.0262105409203,7.531127302017365,13.469993060605855,6.987913303961847,1.5141199515631545,3639.4567248754875,329.05460805261737,58.78246640837659,0
19.425199609445627,21.28699707568373,12.337321562314115,7.061661891364294,12.047466043685866,5.38003856559598,0.9210605783502408,3259.646046982651,325.86425049841336,45.22491148230261,0
24.304791586299228,25.750119217385844,15.786062645119609,6.839219623041835,11.323421798711955,6.6074010916189145,1.0080164658490316,3649.2541291244884,341.8993459478145,50.47213612176765,0
22.24917209125677,24.19851151514133,14.232157610044398,6.0484765703212595,12.003130889116392,6.137765294768046,0.8696030753020509,3934.5470167889425,286.4697547033238,55.11840424581303,0
22.51560227025349,24.171694811937854,13.558430309784026,7.236076552842027,13.02030009519312,7.488218231794324,6.488858270842086,3395.357229866382,288.1709651460025,45.96002415442564,0
22.94074477608161,24.268997127428563,13.847076008777565,6.828255324232778,13.106571295955163,7.254551010427745,0.8232357689811851,3347.977976561147,335.166662837247,51.53346349806707,0
21.649911879707446,23.457118628525226,16.33352901345495,7.112659167010752,12.199213619039847,6.949327282779904,1.2348599916765512,3529.0618242903183,316.0913706625204,57.9438261161491,0
21.964279662539365,24.18376251310599,14.34503569615603,5.610501979623388,11.567414603661735,7.8318249862472635,0.20557809331384422,3016.634477207759,299.54664445905814,48.41861728404541,0
24.91224544651962,26.989334548566365,15.079309247451597,7.110673369984551,12.871938843473735,7.697501815413437,0.13445572793242175,2884.5306391603785,367.31634270842784,52.17289250482709,0
23.6259405671712,24.662817544020243,14.235380083181559,6.484928584928826,10.766427981771608,7.199473410124644,0.644780542078981,3020.951371596668,298.51147946644716,53.43884581898353,0
25.38409870228593,27.162536762683633,14.903665451581912,6.442967441008911,12.83257189284001,7.386662473768412,1.5062904556421794,3068.942887973853,289.3118939340402,56.71229944703355,0
21.654787571348688,23.226854400053185,14.698660114012705,6.5716511924883765,12.276995643443868,5.372675154297685,1.3385924072230093,2648.879487279919,321.36598604112595,51.566256299008515,0
27.208553155497658,29.784421183247765,18.415563586028235,10.676500406153576,13.421919429699367,15.487123743210622,6.966169683956205,2102.266425423485,465.8261850838433,67.32276599300246,1
23.370114944217597,26.109745258897902,14.480481146211075,7.7320242652058795,13.966480637474362,6.288867206465421,0.7683129112153189,2950.7832263107825,316.25094942759324,50.12320783318973,0
22.271953157998208,24.134804325594583,14.269675138505663,6.43266445316157,10.627177450562362,7.469804625439369,1.2427954256147347,3636.5193795735486,296.28246163342084,43.36357981060927,0
22.863162558286838,24.662201021919298,15.39490586732337,6.157200442973614,11.25657627559654,7.050838636109029,2.768243093677656,3348.237702356282,297.91389735595374,48.94644759711914,0
20.401761632114184,22.329170034033734,14.746633650911058,6.2476126631792415,10.818556654869717,5.599982454230803,0.8194183249974218,3163.1559437005453,305.4780215455676,62.37532319584652,0
21.571452961075714,23.33921306135701,15.338786120840474,6.940615246109302,11.821840468704904,6.3152023480611215,1.0645318833215613,3731.8243534373923,343.81476269880113,47.30653659265936,0
24.360600591376894,26.02358091103379,13.381755617260563,6.413728944078882,11.967985533686523,7.175460607196326,1.8839943395692857,3426.662096452321,320.18592847024786,44.66783262467412,0
28.229561860194437,32.17697908343301,19.99874781864857,9.53398982406507,12.520358458053646,12.754562144384591,4.60663089973211,1481.0474009559616,556.1586622280084,72.0422623229091,1
20.84387825014213,23.02040248244912,13.8929877936517,6.333814378409007,10.931126079531797,8.603890386660911,0.973455808396791,3199.1605949900045,338.91382251756204,48.239475029277855,0
21.505205986893515,23.533451185781328,13.705707199131563,7.273403783255935,12.66874802397097,7.44123980444526,0.8985995366758234,2942.9903352267843,328.83784961121063,52.58513822412379,0
22.532263006793436,25.06411108747987,12.75762581424425,6.884873883985331,12.124341578473043,9.083535156181359,2.568821946307878,3330.6916855916797,278.5758386065318,48.73049518629562,0
21.62743538901016,23.932918060072026,13.458729613757335,7.032125619061501,11.665967747786421,5.625774442951619,0.9288329555793274,3291.0425157856025,311.4901210821034,46.600320276207924,0
23.799661491810333,25.380989457975428,15.808053115622016,5.6247720736878195,11.523986020969147,6.468829004333885,2.053387667076942,2958.6544948238766,321.18786586903224,54.5185918052496,0
20.455941072773815,21.8429315113628,15.580681864559205,5.657111377752525,10.75409424975204,7.608327439817065,1.1148885491035563,3571.130191462175,289.9696795276684,44.678111178810184,0
23.784180285979712,25.385829017175652,15.147411758593588,6.700970118390547,12.134098199770747,6.601282877528966,2.374559481538165,3542.673997226244,351.5757017454226,50.22474478510355,0
22.246643713406765,23.83956668425908,14.287551589985167,6.525037583767827,12.893867622642007,5.958813528738145,1.417521370407032,3338.823547503404,309.45720370391246,52.55821531734787,0
21.127528551215207,23.134307157514556,13.994877955546754,6.878817279220471,12.00293648105211,6.083591772121008,0.43971466867227166,2985.9730868358924,296.6743007289684,51.643391211740415,0
23.21370520999834,25.173897764600873,14.718494747434915,7.146911726929551,12.784941762512181,7.1165113364123735,0.9944176223477698,3601.4225269552107,306.1588378862302,40.77302837388548,0
26.97828682003051,30.69545463516925,19.61598473338962,10.321637808098098,14.318982916800659,16.449429619814822,7.777870254355724,2182.5729370023882,501.8092239480969,68.62879666862656,1
27.36964103460283,31.23580240080886,18.0220208125255,9.988004290214995,13.122812374228193,13.349792640872934,4.709066542656917,2175.8044202094447,570.61297237867,77.55094465368586,1
21.752760576215287,22.784891313736225,14.113672128431586,6.751619948406555,12.005099389995028,9.34385942259238,0.7306530154904416,3149.7230511776434,334.73070712216594,53.289563157963805,0
23.46854711596477,24.640194533114407,13.997063802375312,6.136100663260285,12.597614541711824,7.761108604328,3.111279632306676,3396.0917839426365,359.8273404541313,43.34905242223248,0
23.42092167498349,25.363167014497755,14.192045689271936,6.8939001690212605,12.476086894849672,6.389408512545021,1.472296658744526,3209.41184304234,273.56071387082704,57.15312198499197,0
22.59222225955052,23.822749204796953,14.474178484717905,7.271857752878022,13.14061619254179,6.404941719011057,1.418443434937437,3245.317789878514,276.00120184819673,53.28993414887487,0
22.31993329556097,23.70938561249461,15.479159002516804,6.48437943187965,13.297683891932078,7.6040963840622355,0.7125731717794848,3193.013057180427,318.61439845043947,57.00490424846525,0
24.127488034284987,26.404491039276177,13.574867346604915,6.337968596329467,12.701108323583831,6.840219226049835,0.7029270611072285,3285.529855027414,281.0865766449594,48.94248996574896,0
22.28766332700714,23.579931128388463,15.532606739297943,7.274071475236025,12.98633573531108,9.04319992323012,1.3763171589326078,3501.7425811580624,355.74437148787183,46.14311386830195,0
21.78520644714781,23.981272942731525,12.8383041169809,7.271469309948617,12.523024655614746,8.327375076042523,2.585337288055463,2900.7362487933974,371.8314176670723,46.79443786227774,0
21.94526965355395,24.500344716490027,15.11660016769503,6.70795656649204,12.08018186848594,6.712126240179174,0.738073553230451,3456.0879474649914,319.5653972614336,41.38722586059859,0
21.807715613205115,23.582305783358972,14.363793402563276,6.771024729118641,13.337200517408363,6.891689015615102,3.3972217621890284,3274.88010485404,328.4393433359753,47.96050537728176,0
22.219176169071623,23.75018193066909,14.674711190035339,6.826228693444722,12.792369696861119,6.557347997488706,1.7343296862572009,3425.4995945525234,331.88124822514584,45.98403852436472,0
23.73634014483821,25.404292107251628,14.607333132796676,6.550063784794574,12.065898433464316,8.069430184189017,1.0832532088419098,3165.9758853295875,338.3867127320422,46.916875288690015,0
28.05114034914402,30.7012896184149,18.34337697926901,11.002962136127167,14.336554620059559,16.290733087024236,8.020440659890145,1812.139634563217,482.9216275428533,82.745973398484,1
19.892796544783156,22.096585260221545,14.88446940674217,6.9210353351439835,12.4639604086119,7.063097707314136,3.557916460764991,3131.291905485693,302.8842550705612,55.02705507741216,0
21.917563742605076,23.873842110976334,14.486711726139273,6.798815541933596,12.28212065101473,7.906066967625547,2.2431967875265673,3166.8936037641656,297.55172766549856,54.08940983353735,0
20.560427269876094,22.515752072045473,13.582272391190632,6.994092897827366,11.866014881735612,6.99663730508595,3.834302617476725,2815.8850741134697,298.496030518465,54.79937730642445,0
23.90816862898239,25.635141039230575,13.542753657106651,6.708377378395359,11.920631983907402,6.488480065415614,1.3867834489488233,2973.125904816002,298.2597241274203,50.52002711574285,0
22.835962351583785,25.33150289232512,14.507026923918518,6.1545288902533875,12.08974606000648,7.725347701508306,3.3416771042833333,3492.19222925278,328.70715619167044,48.74557910208815,0
21.589040806135564,23.827628499659916,16.70417419497592,6.172919506502198,11.670211884624358,6.976514618116854,1.2856311630696056,3153.565809145375,284.1011255492996,54.30060195992483,0
22.25559149978764,24.187234211271694,14.520308222377817,6.527851926842854,11.212860962756418,5.450069557455435,1.8860220814461621,3210.9100331164345,356.8615081651709,47.95153055023652,0
21.77061361548668,23.48436978405947,16.410374164419785,6.756831070876636,11.849417484008722,6.833656246687189,1.195280506002273,4185.582752701672,304.3185634284608,52.18936072474678,0
21.82503986892688,23.597586250492693,13.481131561122721,6.829106363542528,12.092452884953929,7.999834729634043,3.5139591860758794,2815.236269607383,317.38383439354493,55.78380991232156,0
22.278117436268413,24.193048998029617,14.554457815398896,7.360749605924964,13.959835035451231,5.598348857318923,2.277401068166203,3366.1907724310904,316.57248694024446,51.27561544061725,0
23.646170784601487,26.053884354058194,16.53920776697418,6.999496078750847,13.605816384730506,6.258919543265314,3.7983943601665433,2786.76635940676,261.180338252866,47.53779308039369,0
22.269166842262653,24.335536543084437,14.357665699356481,5.818355426080513,11.326642430991978,7.071862812105862,0.5569940860413117,3138.285526872287,277.9805093772337,51.02980358104542,0
24.51324097689173,26.542738745293494,16.167770336984812,7.151746074112512,12.56913915148014,9.731842337255852,0.2883465398636575,3231.109399476736,314.92727553541846,38.908822348437916,0
21.255304614808253,23.488011305877386,13.1491958495452,8.155397149520265,13.2995158703276,6.676966784691613,1.8768891210347851,3480.6928100583355,312.6308981443617,48.47313131953176,0
23.429560864115203,25.418361772482914,13.858175978288365,7.249255852275782,13.540255202104266,6.030415444815594,4.152910714419515,3166.2174982310744,283.92865614831663,50.253536269318374,0
22.12071257276754,23.88020028528693,14.99277360483747,7.251045655794134,11.681291552158514,6.500181714677659,0.5640096025787943,3051.9389055939964,279.69105922686566,48.71449691094707,0
21.540969592019696,23.40475459474135,14.06160334500709,6.399258039084496,12.007859892389952,6.818449613282929,0.4589049270607973,3581.325823018648,309.65998214186834,45.25360246647132,0
19.664481077349794,21.467633151227687,15.190822594017217,6.853849724553309,12.884207850823238,8.814113587160445,0.7960053430988534,3452.275852932013,320.033832561641,42.40294054562847,0
21.72777812354383,23.804920425870954,12.55175013457369,6.611306741268895,11.063302540435213,8.863274744055598,2.9832650491525214,3082.488703711283,359.43318242626185,48.83205133861001,0
23.481467589630036,24.964458210783953,14.213536443056546,6.209769757383959,11.58513573745981,7.243291330493615,1.3161966358195334,3422.3294768323385,315.80411419048926,53.65467717050789,0
26.57092139760385,29.54147248634152,18.42062397801425,10.614527708418514,14.510984374997154,16.022240519926182,7.181240150668264,1228.1528236200547,543.6128694313394,66.03636256935822,1
22.558632084390844,24.533022240190864,14.835007968101998,6.719720195249101,13.038027314126248,8.829360250785955,0.7222550113745381,2798.591649234303,306.2899079684109,44.56538091749724,0
22.10680542408268,23.583499135426308,14.133089091119132,7.033215643706158,11.987679346471602,7.3797706024247445,1.0052565676333216,3339.639538320393,313.34840860594994,45.99031262468142,0
21.22894377373326,23.38985464324792,14.883488762743537,6.223457834130109,10.818109564355652,5.359607586243686,0.594212152672539,2975.0953356135524,357.35013119268865,50.658626440325754,0
21.483847538317914,23.63992690276783,14.132274582181603,6.250541872635903,12.765252181305446,8.107956057605394,0.7727711593830973,3363.4661261605943,349.7930075600424,44.094974957845274,0
24.653469436221346,27.180694205244478,15.126686968419225,7.665160907428584,14.155946024554488,5.5222960196715825,0.7092081727288433,3411.680584692711,262.6584494407335,42.97126862054806,0
24.179226523903203,26.05329673863517,13.549787808065979,6.735561310655623,12.89584756630062,8.492295463344261,0.5465042451758669,3077.193896345722,333.6631104013378,50.55610457741714,0
22.393964448953597,24.687865214571517,13.547266795221018,6.306238518786502,12.317067431216437,6.816687189501822,3.2869147740476174,3311.611695826194,282.02512091856994,55.9770324946147,0
20.882177493473144,22.604298575026473,14.293903611591205,6.57226647187513,12.744522625361942,6.804955209080238,1.6908226286264108,2764.570845033474,279.70537341281994,54.60375234081935,0
22.07818381915043,23.79959718577919,15.662204436100946,6.819277584392158,12.6408358509821,6.456340196796315,0.2208579748046256,3199.7322166156464,254.61327599990375,56.350430738400476,0
21.752820765918656,23.691845411440077,14.194808468140726,6.924804729104856,11.79971540654341,7.971381203387706,2.2178275169558646,3153.2571217956797,272.67572307695485,51.80095092182611,0
22.727647401132476,24.86351294690495,13.027786892163546,6.2206983681702575,11.03320515396847,6.09618803162078,3.014219037355778,3172.0208287001988,332.745447711174,49.963055650598385,0
28.036008555176004,31.53979563838746,20.53351554854757,11.428465870375845,13.933798271382788,12.224971278772124,7.457623082873004,1534.6849511031178,491.92477129034535,75.51424404023169,1
26.574504624842284,30.326240818648063,18.233561284258876,9.284483466159616,11.793310079287933,14.098944916078302,5.1145832199533565,1800.870302085618,573.6316268622973,71.37450359876631,1
22.06507087031624,24.131237599792954,12.926139948619204,7.246594173603626,12.91595221681157,7.940771694029063,3.575329035962266,3017.0916837031896,318.3672322081901,48.1277254264931,0
23.287080931835714,24.89341135133622,15.395115678344535,7.005191638393446,13.132384548501673,6.948803128076597,0.7142966212399875,2992.948573585176,273.7085759079986,43.506401825053125,0
22.676056423719988,24.709474144924744,15.107059532930887,7.862278114914506,13.831254854142571,7.5071641113431,1.837208367631699,3148.9231978499583,318.12928641702007,44.9549488445757,0
23.59959320964298,24.938253005404594,12.74449402414398,7.022447947504942,13.590168969929218,7.980025828596612,1.8577397455942355,3547.6814822853576,313.7179784668814,53.47457405455695,0
24.07237049534353,25.693993009799065,14.17736976647125,7.039070287777904,11.752771637990474,5.799465948695262,4.037262569932671,3220.521724906858,306.05561593703095,55.707688301175565,0
21.456404302470368,22.86675556398382,14.850863432736805,6.078399603107103,10.76975116566823,7.321920016561445,2.9112533997547505,2568.5096795576555,307.2375360309101,44.33270180474771,0
22.58102217769213,24.96335110655084,14.276394029362773,6.827599621265044,12.179530399181967,8.125795481341584,1.418906403759265,3260.4787460803745,297.092673824886,54.24436915142524,0
23.318343565553956,25.152700768071288,16.41069759429635,6.255794382163577,12.82358128451941,8.197462693342972,0.589210861035096,3069.136892541386,322.95069284859545,48.88738959870969,0
19.318836229928387,21.33276316446675,14.483551554119595,6.89149722482263,12.080609958979291,7.092646720830144,0.9384819539818123,2694.501619312984,339.7216053963031,46.926296919410575,0
23.601434336465733,25.068705453173553,15.001290909810457,6.422566901714039,11.345386193086515,7.086053315888229,4.780584212831851,2846.8272118768423,309.8961523573169,55.45881745458322,0
22.24209476365352,23.760203389409167,15.093457835512101,7.568775659517172,13.132682959874096,7.3251334518283056,0.34073335727242693,3053.6982757741,294.7107431073902,46.950893916363505,0
22.46698211393924,23.981109843143066,13.443297315698146,6.4849757843258296,11.814531617944178,6.254985298544845,3.0970765529387103,3400.8290106844574,341.35668903945907,47.9754065464825,0
26.24331160894676,28.92834202871537,20.628784608090992,10.060307927887743,12.775134966534292,14.602403355540517,5.667893494565145,1982.348444228504,500.86906521384253,67.21349958234498,1
23.01054907414196,25.019406092515535,14.004182297396898,7.133622573714621,13.376508131867357,6.887038665226855,2.5698099861117436,2924.9757593555487,349.5160807915112,56.565848935456735,0
23.697612131831583,25.63303328234595,15.062514033776003,7.245931511080374,13.406724335482348,5.401180702921292,1.2561867644658158,2958.4683692177273,322.2296924309636,43.330166845060546,0
24.14235786903882,25.597922704969392,14.692992198725383,6.9997346863010925,12.708257353190552,6.792959726174983,1.0200256416991027,3703.528430839936,321.7106327801976,54.671643733629985,0
23.529191547842423,26.077577617991135,14.311266776550301,6.067512626947555,12.264761741217239,8.90971068577213,1.1855493647820563,3424.176944592176,315.78635210241106,52.323976347219826,0
22.702385606360075,24.230928381842432,14.91660489628697,7.106730082835918,13.425665318756689,6.599824428038373,1.1246000379459913,3116.240526995412,325.17803192677184,45.7397343117875,0
20.883448452564366,22.294096917353553,16.978639547257007,6.963497256635049,12.727008050772804,9.163014777738946,0.9273778544783653,3533.6205876858758,343.381718881105,51.88407535520388,0
20.952046920310735,23.63955901368999,15.799107994248923,6.3334469614064455,12.429550139831914,6.969396007238922,3.462186441439861,3061.5163290394394,366.8394098474284,51.79761580140161,0
23.10598473477655,24.3890796567343,14.319474895430199,7.735537241154057,13.577517003654151,6.810982189630294,0.31300198490158326,3334.206170988919,318.50975386528665,61.51892154608747,0
28.188680321335056,31.254450602996364,19.057683816755933,10.349348941450971,12.687113114554439,12.330354421084765,4.974623482011161,1379.192622855362,465.73065438089924,84.56057945906339,1
21.724527228187437,23.22930439472288,14.044240829659415,5.922247205647686,11.390599813064444,8.508042759598814,1.7485885478811505,3214.65098488143,348.4964151090426,59.43583030835624,0
25.224831429365274,26.608013664468032,14.382235777051521,6.334499144183779,11.331310068585438,7.710752616909332,1.7088235004559562,3208.106651046751,310.3854389069947,43.6119758797197,0
24.03321218627821,25.830603660186426,13.856841268218016,7.166040475716511,13.085775507852734,7.473399615630886,1.7259048919651416,3146.326363153291,337.34563532140044,49.36605374167029,0
23.738958312661374,25.252654317017075,14.998725710623933,5.9371144375937135,11.336014253657883,7.947310487631533,3.4514857716873033,2899.327242776283,270.9508287330421,40.2292487983558,0
23.965240434630424,26.163473040231235,15.501826929565311,7.370125276335602,13.121327533056759,7.203517789676817,0.23314775602860208,2928.8108914602967,313.70552314643453,47.5369856444884,0
20.743782062241458,22.75278770434776,15.841901670244392,6.26023357391698,13.087626302523272,7.878237287537998,1.114265998680915,2847.7539250120662,305.3619609526065,43.40135671925498,0
21.959921434224906,23.510183278339618,14.289802601850797,7.15372885543219,12.081190671171294,7.618074184631215,0.6760975751793357,3272.6666232782623,345.54146820494844,53.13122133031659,0
23.274258703140067,24.33971478963191,15.046569923200854,6.90424598528779,13.46479078042114,8.95851235295022,0.21781963965217208,2973.96528922463,274.64229696525956,59.675761341326584,0
22.556878405579695,24.14449004645491,14.934712662297448,7.058072019793189,12.545673833900409,8.734612097152528,0.26722868236423947,2720.3526441101744,314.2945616391367,47.563300369804175,0
22.469967649505826,24.758296169031045,14.569613184313909,6.967527175956086,12.149650522084073,8.998507882304562,4.996422336479567,3487.7086624210906,332.40915609087415,45.489009565135284,0
20.929415521057066,23.200820596976435,14.610129552694437,7.395237492596741,13.218486379797174,9.77845915671589,1.2888633216250183,3286.766568050069,322.872818159287,44.73787019878664,0
22.23044022000357,24.061697445191427,12.308687835090021,6.481095653570032,11.015506305392897,6.731482940750677,3.6548575762776654,2697.004658573574,323.295443314918,54.664508305547955,0
27.35837430197312,30.97520319627877,20.753053964090853,8.516868658814087,12.244237974597231,16.212878533313486,6.130013168150395,1259.943208064211,536.1571995651399,65.38100390633689,1
23.778576450078422,25.79927277004279,13.540838881604898,6.676059940460668,11.887336566672754,7.928537586312765,3.7409967553967998,2954.3959398797656,285.01567384636246,46.48611417003998,0
22.410679885079944,24.42807163654798,14.400090491719945,7.0862226530775505,12.037011982052388,6.817749670323499,0.7330893997965378,2886.7500607079014,315.37787542253284,43.22700169463679,0
28.2490375607849,31.976785399610414,19.16688959225224,10.964705502921394,13.007411329430422,12.797897184424691,7.31611601085857,1989.616069716998,551.4944015402655,69.07845106092262,1
22.83479299466856,24.717913997609887,14.23919000334652,6.35181622608741,12.226806989562675,7.120417777334262,1.8170825463184064,2455.991881497619,313.1439122880888,51.19188702420582,0
23.4953698103181,25.313566400850398,14.791649181884365,6.7940013276861375,12.118156490648314,6.476246059567938,5.798600762719454,3105.027197828104,323.6585230937295,54.21575186298246,0
22.433298394907453,23.97907525834569,15.086838250804693,6.611117556238761,11.666721620615402,10.062727862361745,2.0149983566939014,3023.5037086252723,279.50200492028915,45.21108321548516,0
23.82849680314437,25.062389926374692,15.332763339038232,6.34867282000609,11.371388083091858,6.9062958620562656,1.1461178662101248,3211.9721956688036,280.2967518501114,43.981711870440385,0
23.523328410146664,25.51569164724622,14.030307783503883,7.167566056527045,12.017436440990164,5.623079684738015,1.3297453098938579,3319.5559850406557,329.0313070840884,51.32503179534152,0
21.857717746127317,23.83820787385472,15.394839955404262,6.775585082033148,12.252625597488183,6.751651720874335,1.7832134030260491,3144.401462230086,336.4096325210331,47.46525654870187,0
23.307433483160185,25.40932680238731,15.732352991821339,6.9464144217933415,11.846829910385065,7.681747489277731,0.651202707639829,3488.55870122494,306.43347752564836,54.012505768466845,0
23.848935263983215,25.645219839356088,14.786129093304872,6.808187120965647,11.464848794518769,8.06461901989563,2.516139250151239,2643.0501106658544,317.4849581210953,49.01481569861586,0
23.366857629393326,24.71903917804006,12.577065119119576,6.451317886041914,12.258690092832781,6.939462745965604,2.9744144847382827,3520.527097856628,339.9077520713384,49.74187287945415,0
21.88074632613915,23.33659232182735,14.091871349079826,7.087020965442015,13.448249302187957,7.237558282674233,0.956780191924217,3247.8405635279028,292.5762050711342,47.041763007421245,0
24.204605097587827,26.69857972792255,13.845854082715892,6.272005094036578,12.124166211470515,6.579766834954154,0.5259120662052259,2869.85092756335,307.8334298169076,43.53563133897735,0
22.78890381538628,24.76681333851892,14.989865771202009,6.588154641544662,12.50497624427344,7.804039343114201,4.426480135047409,3382.759381346384,326.78182575273235,48.52167193957286,0
20.635489480780723,22.041627566841818,14.446840819752435,6.748093757798516,11.94188705172431,7.309038371723776,2.698506658739271,3167.482289679117,310.51976175183603,58.32839540256948,0
22.635924492645316,24.27596486779286,14.699560756744058,5.973878661323255,12.207651751570928,6.668174051506186,1.0016753515776353,3252.948105046446,312.1876280464685,48.20360482523142,0
19.463654972704404,20.91135333686331,14.086522493460937,6.638045573392039,11.977014013250523,8.681340301541262,2.740209629832032,3102.2501396190905,370.1526274354351,49.30064820613643,0
22.90039452634434,24.329715202805414,14.953417380947343,7.295595556463333,12.876838707970784,8.625520647731125,3.411594293201768,3006.9412446646143,332.81498778182,48.49922199888617,0
23.657821959716948,25.71128636962657,14.590764832045242,6.639123648004896,11.739637674970862,7.537468958707597,3.2341521628777303,3244.916509717897,352.6465271546703,54.9948391765831,0
20.26015605951233,21.207117809050395,14.824844897942464,6.165508711372751,12.252056974942167,8.121994941559382,0.9227081894415294,3528.1810173181652,310.6070522736571,44.16643363634479,0
26.37643155661589,30.337533731215444,17.930017688037417,10.72336207760529,12.742983871491344,14.924154140615482,6.066196790463241,1970.9793349574484,531.2052182875116,75.6445686151386,1
21.064940325557778,22.80808171078156,13.977229683420154,6.817166694284418,12.328232960978545,8.878837554675908,2.843209376134636,2928.3972616610954,328.0115405377896,55.399915848171005,0
24.403220179374422,27.00022632064167,15.676827752653683,6.435520374983419,11.950522795860072,6.860962479023087,2.094296744813852,3070.0436944566154,282.94704073914966,51.81148401823277,0
21.492938972132833,23.647693928171755,13.574306705029382,6.165354447378448,11.890070748018696,6.276430790755261,2.381073023861171,3289.6386149724553,308.42923691424073,56.664008652380495,0
21.83857714040576,24.21962383860023,12.48217766600964,6.460509826768433,11.474091356278207,6.080255609251335,1.9843458238275558,3159.4378650103763,339.6524080026094,45.03865143436003,0
23.06123180611852,24.996414817411367,14.144154529463608,7.64881188985467,12.648649576188596,7.993088068774012,1.3317106363904994,2865.4145436695153,315.713551733979,52.986001853157134,0
21.936630736878058,23.611407524668795,14.932726814848792,6.406412965006502,12.298743881784759,7.138513886725045,0.30507469099831436,3490.3028506029036,336.4216515827375,48.81726710179532,0
22.177333571334202,23.535388454109196,14.773328185562102,7.328362455640209,12.552898629401144,7.493673361440316,3.463082497787933,3250.4462768427384,311.28061847482826,46.792753407510666,0
23.101100625149257,25.151303831881673,15.35012583263002,7.676597401032793,13.105723755323556,6.85917060849952,1.287476624245281,3504.985799808208,333.2622449632468,49.22313505891,0
21.342091847303873,23.70343983535395,14.56760411655429,6.955236377090375,12.26030972880623,3.5467739888519474,1.0335029214005578,3212.83968970067,296.34838719686076,47.6090665138315,0
20.718122437860117,22.64337529386538,14.793397126313806,6.329298415498988,12.60005870913528,8.135040034708528,2.496821839292518,2898.796414765636,370.72724649872663,46.98129453416868,0
22.297413932171988,24.589502802432303,14.463256937007872,6.791972980375706,12.502444619372607,8.854634190753753,0.7084535809361512,2980.399880665175,304.23753714383116,55.559266843983124,0
23.56085447563326,25.690166441904342,13.399591288345006,6.788984963741529,11.643484461589896,7.108248191778783,1.1352239278119292,3171.45743305988,320.23367940914324,46.04386411676508,0
23.476211563200767,25.174229245779287,14.785578207413542,7.381688027581775,12.7875790595111,5.760447455911947,1.0935159673677972,3279.955765653516,342.90947068408326,51.36659822255964,0
21.034987620034773,23.127293267661383,15.056691071275027,6.603194208983495,12.191720901071271,6.116559262371265,2.920456263491518,3268.4839342328346,324.2173186202348,48.23517884628898,0
22.96855781991467,25.07236377490911,14.365359661462685,7.1982151833210555,12.790795620375636,7.710914216695916,1.0083770710976625,3228.542270872032,287.740790435509,54.447354732258745,0
21.377473557546487,23.07240974942002,15.72426765148353,6.8328943243244815,12.569983630955395,7.956540233417946,0.14052704532584845,3138.733728239185,346.88750052826595,45.36428507232228,0
26.830397147270332,30.26435617632425,17.61301855994313,11.318621353091855,15.22365116447804,14.94912053923299,5.944866475471935,1368.6319271467753,548.491787210018,78.80490325455588,1
23.871387377418024,25.448066675839613,14.778673391396902,7.672291935037624,12.24318395261557,8.402255021986335,0.5397408982029369,3056.3016931961706,343.9893973096284,55.29052808998018,0
24.498569333355093,25.642775668344918,13.946119380612965,6.809023626234112,11.635323584399725,5.851911805563608,1.483778706447314,3184.8286416995197,410.0708033952718,53.03160766683158,0
28.472813466777144,31.59969029575921,17.827986680149635,10.37438800387643,13.95926473867564,16.339514351182135,5.168053668395681,2138.621348814386,532.7224093825646,67.35722984756507,1
22.020436577262476,24.312122490981295,13.299618760669599,7.188798030896136,12.928769055548859,8.362764912492235,1.0440114046905327,3359.135509518917,338.60786605906725,50.50404427129686,0
20.5776410257234,22.685176896110956,13.273985378536269,6.582049265454783,12.090837922075163,7.284406145332253,2.703194211522316,3015.1223571764867,353.45949759409893,43.116055875214215,0
20.9948526921969,22.59582435684282,14.500604405963676,7.431927969548194,12.897728026466126,7.493849926107904,2.3157233304624474,3510.985481241531,332.013241563049,48.64330417386995,0
23.113443119429977,24.681183798408398,15.079673422978498,7.896724775144193,14.10247635587891,5.285229332981631,3.277390885875423,3103.059769295944,304.7067490895364,54.68603135290843,0
24.17040274361352,26.446622181350957,15.318445244201792,7.3076104459071525,12.60537704380948,7.533258538248605,1.4063849762826148,3310.406266953554,306.9827726120214,44.20672451338542,0
27.789536988475156,31.51265516192319,18.308621800776173,8.660959926219483,11.294171777530174,16.49300801957783,6.40075255192353,1299.01164968155,458.41980788917556,70.78330121975469,1
25.96412064558779,29.217416016308135,17.60948710770088,10.252522552545173,13.804722411925137,15.506247888867927,6.364232073275351,1981.4562991080916,545.5885682443625,67.68878211855653,1
22.966294325437158,24.63548739839325,14.554697252774128,6.883318947655919,12.220008953369016,6.69208045451926,4.47297443582868,3168.3684876178377,327.79072059311824,44.70969141354741,0
20.96348477700446,22.59700701505036,13.676022180178451,7.310817606913804,12.838204988308064,6.36546827830295,2.4014599076718426,2451.183277300096,334.98778102910626,49.404570787863406,0
23.33566493694806,24.92583813144124,14.359093197159217,6.7808380821513135,12.389654539477934,7.194455042754119,1.352840321839988,3120.220477575524,321.66674388534466,36.0635553732211,0
22.489057204026956,24.264655615284802,14.73903822425741,6.660813516196053,12.196346587119503,8.345906137920057,4.299595898283479,3321.6548700320277,289.5322224807659,55.62863714686784,0
22.887695127739235,24.94968536142791,15.412054277196129,6.261139627104199,12.554138163429169,4.943842351360759,0.6040051479103447,2990.6544789126065,356.51391588958865,54.9744666744419,0
26.6535801510796,30.227487188405664,18.69750274541358,11.448190314573797,14.797965677912744,12.776362743550957,5.443787107571027,1797.2517302680053,521.2315096868931,75.54202038293427,1
25.65885847780487,28.15780375697109,14.491306290372023,7.232034991069473,14.037118797658493,8.55897495333248,1.6054383280331057,3536.6201488890074,305.4968089325265,49.28314867514016,0
23.361050706955155,25.285574176332307,14.995791027762294,6.308837863861612,11.829275416917314,7.137479462572355,0.37769144903401086,3263.0578699798243,314.089351540733,54.98290647637311,0
22.90134814798443,24.708708800297803,14.061675756634452,6.616381499600357,11.986831193966896,4.753177480530244,0.22322492019442397,3491.2892809736304,304.534251231332,61.03402466027235,0
23.95571723997502,25.468910780323846,13.444825201357991,8.212110213197601,14.362771131874684,7.413178585143801,2.760818850841365,3070.8173906195366,334.0210821494105,55.64761714726815,0
26.094713776731087,29.68945624607393,18.909243797802567,10.131928773879523,12.284116719979183,12.96898232251561,7.188100088479594,1659.5673088875483,515.6426719803186,65.14824252952263,1
22.733261161892802,25.05168638660536,14.209494682546337,5.859855794715608,12.009248077270612,8.86016402181025,1.9240589088483653,3117.8616870524256,317.8890803411117,44.5987371921096,0
23.49011791760116,25.72025527838392,14.281724362927896,6.255653294761829,11.336995106557705,7.510143761189957,2.240749603168726,3909.905728701978,364.58074729361294,48.010437131909825,0
24.98889920369997,26.911969865060414,14.106750448784856,5.927619806197349,11.910993894724996,7.6893440426581545,0.6118597183624694,3207.8543683666376,296.555333341471,50.43429887906805,0
25.0980028138813,27.056330726319672,13.826542694505479,6.772073908673595,12.304798042506787,7.864308745631712,1.987284316085244,3102.8136765821246,313.11693679782115,51.71677674193151,0
21.167308985441004,22.592706435525166,14.533029964469952,6.27264777251704,12.035657923217059,7.218370953994306,1.6042868109408823,2897.508742833206,276.7426130026062,44.73238689841984,0
21.964579880142264,23.363693072571575,14.845305303710077,6.432594551232905,11.85133632661814,6.470327844136468,1.56483401167492,2720.541834550494,370.08279700955114,51.46653118008512,0
22.088774887103583,23.053964079662755,14.987620836166881,7.2524810207470995,11.737506127812035,5.742327129282462,0.25140720654846954,3035.4716267270765,331.2602989982367,52.43317978072406,0
23.072448992667745,24.523264556486264,14.805387335170007,5.792549383746696,10.6558522441125,8.090496077078235,2.484737861286724,3431.144466465713,298.3317441666571,43.324266941695704,0
23.065698667663685,24.947454280304875,13.90904200133635,7.179750018758061,11.674598571399134,8.330754902483578,1.97947625708291,2734.446668387788,274.7969261514594,47.47824573029871,0
23.926071928137702,25.626660480907923,14.563171236534467,6.623367932280921,12.219130189550423,6.5140434316340965,0.31038117303256385,3342.25738431494,297.56027488107844,48.51062938356918,0
22.82055198121378,23.538795328572668,14.180427607621718,7.8260366557109675,13.703329113346774,6.968606635845397,0.9540437363566643,3117.9726779099396,333.4617346813624,46.24071628015033,0
22.12767989208785,23.039959742988838,15.447405316156939,8.080251479677841,14.117793649264293,7.646435293362189,1.4326901170703437,3523.287018755318,304.7842928133484,49.469003141129086,0
20.44423856509095,22.00155844718483,14.888947833249551,7.184515827721137,13.70695386613171,7.33018522123578,0.8144422551906847,3102.716226005859,309.1755933689446,59.482914612431536,0
21.827782751763635,24.01505661597678,13.34383578847022,6.8275014680166874,13.040679361052689,7.238824929819738,0.8071914538069053,3217.187514190893,324.7389965127169,54.292757350516894,0
24.779858321874258,26.01713231807524,13.811394558638543,7.75580303353166,12.226290582651181,5.733461240653904,1.3729276909062857,3142.973828887121,334.8007952348654,42.68561081596285,0
24.077897344300858,25.952463812198477,13.248302298131357,6.503648588521447,12.921812965641266,6.904054798923109,1.1734638280762664,3190.6955353340563,274.739427956741,46.70936137221658,0
21.688329237528876,23.3323597549051,15.590583180105801,6.620798212243556,12.780638175676145,7.2856742996787425,0.4411992111375857,2922.6731168755014,318.95800554676464,47.716662050476366,0
22.6362208143015,24.19387648599794,14.31495924565624,6.893495104862332,12.429067933816304,9.548853236373553,1.730871585298219,2836.177756024696,301.25076180068356,37.90435430962122,0
24.068571305138914,26.03696048289467,16.056156059421546,6.603454899649269,13.308544265281233,8.817728189717519,1.4837322042714165,3668.606111733311,334.82927477495076,42.93541200292564,0
22.973605835787577,25.009774660288162,13.941824876881403,7.262838378856935,12.788007483915042,7.664010014776965,1.867138594207804,3127.148409662777,303.7513926173077,49.48584246840355,0
21.698227097353207,23.571227509592894,14.279902857395962,7.024716757973631,12.61674690459822,7.15097641063197,3.94865553017289,3248.6571444793526,315.68689066683135,48.972853352533974,0
24.605753018381236,25.95372528276509,14.53686337730652,7.518184017121877,13.554486772842246,7.884617030320431,0.10588000552434207,3192.9689190145414,346.5139969522955,38.94650236304722,0
23.584721809303435,25.28845573949135,14.915034413961378,6.8455624336266885,12.229991251042838,10.466460458520231,3.6200467139285175,3097.285700215881,349.772148321663,50.60795769787006,0
22.3228768964416,24.180902394825353,12.648764747199916,7.716280620178006,13.22608359591978,8.396901709529448,1.3743451501207038,3082.331713754455,336.81817444391726,46.415866960459425,0
24.850016945064713,27.31250024588763,14.58890350023721,6.577121270101576,11.512023015623505,4.747355695197021,1.1917139141427222,3210.417855534839,340.61648907123134,54.22921922342344,0
28.37903170220777,31.373008597583247,17.886655241191605,9.034849684647964,12.385928008974556,16.165735230752233,6.147192898426413,1540.9957227556424,537.7672158484183,81.45931680354846,1
22.970899160614522,25.344934120303417,13.423731610067806,7.4373419248397425,12.62377595094831,9.24903565501831,1.4335917603468875,3018.5281040420014,318.99389313269535,39.97343801591968,0
23.282787454096102,25.2593103147758,13.420181544495016,5.863497084534689,11.624545048751425,7.920585819393579,0.5832561069569023,3134.7822996885275,325.4900420453387,53.60130761776304,0
21.833427457007694,23.349651056036677,14.0691410613627,7.037667462713745,13.043863921138778,7.3674963133882505,2.4575904326875406,3090.4803379741156,333.26129632722876,50.32584170541601,0
22.580388860669846,23.990242449758547,15.18089927870419,7.672929485136568,12.663531546608672,7.786657533675783,2.533388388860787,3374.608195515744,313.6494858457331,47.54491931725401,0
23.441525145477627,25.19861923915325,14.440058755105241,6.896002118484338,11.678997100206159,6.043546004336847,1.8037693253991816,2886.8972038786137,303.788833665702,51.18674059744765,0
22.29004829196551,24.1081373755655,14.546696232654316,6.994409455131857,11.332849039979244,8.624663398614878,1.0407393017745246,2829.2717397055217,322.5388996402561,55.274503587986814,0
22.234842991404403,24.39202453944791,13.435435894935258,6.998183478233675,11.659199142168607,10.000659989537072,2.3721468429901935,3727.9033046044933,317.6307331998717,45.74097000908665,0
21.560096049196517,23.560362337749,14.67334649517143,7.205852785806632,12.212735381087093,6.144709543287065,1.3988574955504793,3553.6859548399534,330.65062529482447,55.73289530657685,0
21.719228917053808,23.6189523553105,15.015614793316233,7.116612655057547,13.31371325415271,9.249156033540196,1.0525398770217673,3490.7452200979606,301.659801347834,45.649117649373,0
23.14669205242159,25.51923876515406,14.492124153079693,5.941983375844655,10.94506956436413,7.136746734325592,4.232630711487391,2822.2688595457516,356.86734963364205,49.36146396425682,0
22.727497939918493,24.4155006191687,13.317910074464445,7.091941511142,12.45944672219874,7.3606116707533,1.1541104266391,3419.5513913591612,317.9612301227555,45.519576510599755,0
23.10656419099995,25.108357493553157,13.428424180033796,7.373243579366519,12.82274337627978,8.559825476085557,0.8656304643577061,3244.053176409656,239.67615973712444,51.73941265601117,0
22.60390774496748,25.106098024293676,14.69216467515698,7.143283873376588,12.938152829842657,8.578364031268306,1.0636442023906754,3169.336224923095,315.56693030274903,50.76710597751959,0
23.64050860582326,25.1204931800642,12.827757680917475,6.788781974009713,12.335259995394711,7.8656463173348445,0.6281089183995863,3077.1842430846696,345.5431317190018,48.19243386446566,0
23.944661324602578,25.35802616820845,13.771610637174783,7.022838953540962,13.2130805798831,9.240486093228723,0.3856242450163627,3496.1739494702506,335.4652136902571,42.13282580504743,0
23.892992144854222,25.541788985246935,14.699534150148033,6.5579914381889575,12.22789626967448,6.829270987850486,1.2304774622686143,3757.0386083374124,358.24708721012877,45.25584064188328,0
21.44642089589213,23.747557949663122,13.926741209260715,6.547788658351415,12.06752103483867,7.776100541955239,1.3874637738411422,2876.7584968991177,329.90677302362775,56.109174530027595,0
22.684470127134635,24.082887178302034,15.533019071212703,7.586199105135163,14.13926741087923,9.155024244833498,0.7306392295283977,3068.261214108752,344.5455486109651,43.69996051173872,0
22.736778848886715,24.104884320376375,12.595408715581202,7.396805877586294,13.362648511588317,7.706217449353045,1.004518890585459,3151.1763550509504,302.9382807745722,48.79470533084006,0
23.20629408530473,24.503146822941176,14.02014288486635,6.845154899603218,12.685597251818185,6.882476023252847,0.8380447658247964,3373.524186702939,355.33432311713017,49.59691817592459,0
19.953774121189685,21.750956126997462,14.207775313436892,6.70540490936246,11.893442190253538,6.207451129946003,1.4511600411298171,3490.565277642789,368.3978512680603,45.581383509065795,0
21.943898768625047,23.24373567503716,13.965323844122558,7.140871704407571,12.827423817776795,7.427345391393028,1.9420162240022005,3398.858176701858,285.64566369071144,54.92181234791014,0
26.155451481694474,29.750158891567708,19.413229565782157,9.16795942826038,12.786979797074135,15.809670107850902,4.933698696462841,1733.0328849390767,495.29364603779965,73.1077802344632,1
22.229068439416157,23.770051717162094,13.631156334305532,6.896325766324012,13.301958883134724,5.413690373173036,2.2027772054360155,3181.892732589429,280.97393561033056,59.27011900219301,0
22.469335114810267,23.91690778014575,13.997076555940344,7.55997600295715,12.645336096994138,5.692073750688094,1.7392117594526881,3024.7341172552033,288.12871072469244,54.504578808926546,0
23.31351104560712,25.963419606813908,13.513967751023776,6.335536758769635,11.08390614529201,7.1149862387870755,3.3096076139559494,3233.232116206875,301.17197623918344,52.87758060772033,0
22.709493375398207,24.436214727910052,14.712493594538026,6.81619810684179,11.493573421723788,6.602478349586029,1.7566026886287383,3389.516426543492,299.9552723012237,40.15658930958307,0
22.03790126350042,24.44236323559936,14.10194200135263,6.627761395623773,11.775182516059488,5.360355021606412,2.008517199066917,3647.4476925771,278.71150716424523,52.975044010541396,0
24.065208291453782,25.468529626077657,14.019691445703115,7.294304396749587,13.30088665790452,6.990422291417959,2.2646639180247443,3181.1619396851106,368.05092349016365,49.44297932298864,0
26.715738983719177,29.533574217289782,18.012746265912334,10.275760421131809,13.06349286655618,12.085392675937818,4.696578175820708,2058.028606890035,472.42572243537984,74.2193135246403,1
21.8310098579906,23.817627982570652,13.907607914934273,6.703195244482246,12.797249155219632,7.540511211443867,2.814005536479704,3911.75239723941,267.487142094155,60.79009505428598,0
22.42303398408841,23.786168531001174,14.35659917971447,6.986324093240027,12.999279919703476,8.490264469080692,2.730347981766739,3456.60484428365,352.7084591763582,54.72630038947069,0
23.61141305703797,25.56613646531365,14.186498587690506,6.689990986170163,12.542739413384751,7.808990150294055,0.8886341242927348,2679.929345689387,314.56534501458736,53.423124981559454,0
22.451810459226788,24.213160991220832,14.108891104765046,7.388266626893882,13.41021892375145,7.623560684731618,0.33391856451163515,3212.606691034861,336.17176162241947,56.87155810327119,0
22.20472501424406,23.76143441126616,15.763550313355887,7.2387737767257105,14.218755251357594,7.401799649119456,0.9352845732692935,3030.0083262669937,314.13692684797536,56.477537910587294,0
23.260702826781614,24.91289205524827,12.168595208146447,6.211677528049973,12.04886187963957,7.399607169828703,0.7807420108657241,3247.577531349264,341.4614710659758,50.24096088629915,0
27.078997052938554,30.569237441055694,17.708483013815062,9.65471490598716,11.697175889335105,12.824389178487925,7.701974186380509,1329.181640869568,503.39533156247194,73.30179405255751,1
21.57702918025524,23.69616669221355,13.056999612726003,6.909359133070744,12.44925547179869,5.822885513479202,1.4587832662770115,3082.2924058740546,323.0252310799703,45.93697119762197,0
21.84376927051153,23.837319930986745,15.337529435590511,6.805940217258896,12.381576478251777,6.549662818833389,0.8687296830137656,2827.597596912249,279.55223385524863,46.06395156107468,0
23.48457861743684,24.557386927281975,15.758987373244086,6.667822083398266,12.558662872179621,6.804097797076661,1.5790106881737223,2862.9914371137424,292.82424179996815,50.71711593767292,0
20.797961120480362,23.59203708715192,13.910096077201633,5.8076560292770445,11.351490615257223,7.522472947855265,0.2730240388116042,2750.3748762038313,363.6077813105818,37.70629038364225,0
24.66112851949298,26.524349915461034,14.2570991416816,6.187500055669974,11.825625198406536,8.89850192987645,1.0302558026128292,2754.779589979925,276.13103954309355,50.36025425093328,0
22.7798593575162,24.01336853519914,14.209141364067976,6.7606057999598494,12.424068030074324,6.461667817352723,0.4503269645392951,3490.305568288541,323.20269004983743,47.31897859729918,0
23.92877552974361,25.29782509894971,13.327460914126323,7.022426768778744,12.12732722893142,8.045013540916433,1.4573815240924088,3148.803685598566,323.54095320339127,50.3153251474406,0
20.906176741321882,22.54336221615117,14.227521034472112,6.601442334216073,13.05355329748524,7.380316469952772,1.3686215019379064,2834.2246871875755,335.2023155991767,55.407032721962416,0
23.23892537972537,24.79955034749295,15.32974512451924,6.903744398926091,12.904075762508807,7.641252087390653,1.1470388558422429,3065.2974102757207,316.3370430247115,43.827971711191275,0
21.933491306763447,23.317568694352694,14.415127491726864,7.364423743774695,13.085260479003864,6.006535213771475,1.0362477736977556,3375.6257547658392,294.04732533847414,58.61942438211383,0
20.632044991771316,21.825175513102643,14.82018868442142,7.028124744264266,13.736948859326777,7.764970223856745,1.86072135447013,3143.3098008374636,287.03976373604877,42.699248689668,0
22.889231138065924,24.333103998857975,14.607166704464188,5.328429217264134,11.295732188435284,5.465047400254666,3.6010922627647215,3283.63940863447,380.5638893648986,43.38608512636881,0
22.28342410369125,23.577624740909265,14.883202514714208,6.5466825831060405,12.14883214420571,7.2829500418171325,1.2797888142393534,2892.1251056946003,312.1858235494668,51.94091146362076,0
21.8393557806101,23.32771868485942,15.06251215778884,7.235777983144071,13.355182773844493,7.062184714953618,2.104213940357322,3416.894869376568,317.4685077885872,52.17305357774462,0
23.851878035457307,25.98521160016943,14.780932374101667,6.431485319423651,12.280966954855918,6.869410416303355,1.481211355685581,3155.1679930317423,281.94486737685367,44.518522051568745,0
27.492749351685546,31.422448640646813,17.646814755724726,11.146706054842747,13.333362281084394,12.852435887773849,6.149198343363313,1310.924039106347,510.6156512694491,71.40731840658272,1
21.218855484740885,22.7769576189256,13.908777073581414,7.603957530559579,13.835485917000428,6.352320254862128,0.6037716628350887,2631.964586107348,315.9234680068256,48.57534590678411,0
20.68110706200332,22.347962900250316,13.876784462784011,6.783978814659757,12.552787823153503,6.083178388325202,1.6080805673325465,3107.312254048088,307.33993954314167,46.03147710248881,0
23.897687225348605,25.2063096928423,14.998469878311276,7.564165781743123,13.639064243326896,7.146346109049322,3.142671905011042,3052.7141136289024,333.94347072330925,53.97057967286773,0
22.940838608179412,23.953269351212978,15.186511256747213,6.6069987121752805,13.750650145721965,5.555282653966529,0.6118085953961669,3350.263233768526,287.2945200525907,56.31312926174524,0
20.725306117471046,22.48005489646475,14.085066624303032,6.845657364305675,12.747185112178183,6.588218973635801,2.317612119982055,3103.253975210577,290.9663282320688,49.34141458614627,0
21.0156591469463,22.62412416454294,14.419619423542636,6.322690949024969,11.803253416769047,6.436856731753575,0.9689998821848381,2889.1603155976613,293.6224592433329,53.90197797292593,0
22.243863417945782,24.879240527093753,14.578250634474646,7.151266656966928,13.001390494520951,7.477237377928365,2.7004581561397805,3448.7543949039723,341.9340552301619,50.97303799230512,0
22.415801146249624,23.763719656380054,13.765619116311411,7.019575066850209,11.384078776634816,8.964252673994652,5.715196016735042,3704.524183208872,317.0210182512192,44.1703999852152,0
21.957232416901107,23.170518340654837,16.557596253995975,5.7235432421212415,11.563541173887405,7.423830203797516,3.0626600647371625,2904.7022648510706,303.4339151542993,56.699999427381044,0
23.238440980815664,24.393814037174533,14.66829369083271,7.620714313861157,13.18343267397957,7.143115930383702,1.8121457050998158,2604.5021817158354,290.99066372330003,53.946112495302366,0
24.583156563798298,26.677405362696597,13.93245507413722,7.552531019304165,13.072563790166672,7.220898990485859,3.7339147259255556,3252.7180896276286,370.33302365243605,40.19577429265904,0
22.24321338692939,23.96056887505097,15.170264428183584,7.115437801798078,12.571003219404647,7.314965439683403,0.07057994704903234,3109.39939157798,312.34751516672287,51.859084054973614,0
21.789127290913356,23.647082424152114,14.102774611614425,5.8325179413797645,11.930614764787546,8.409410148535219,1.0854931579616156,3376.7765400266408,349.6781813102006,56.49096955848305,0
21.300837321246107,23.22864718955929,13.83144879598397,7.2182420689824704,12.326637113341725,7.350421152913309,3.6886427156156225,3057.2383555314145,250.62028847229743,52.518353867310864,0
21.064552051103195,22.436130579243574,15.430270862027989,5.446228072309411,10.051941921230028,8.30782960575361,5.485814667885126,3165.121492916732,330.27302484704427,45.623953996106266,0
28.14517572209826,31.212504547447427,18.467187526537238,8.576202276983963,10.851394579326191,15.819144668533838,6.143427009770399,1677.8173083536708,539.609633131358,79.66719128180776,1
26.275876177459416,30.00048506871412,18.717757033662654,9.545136832876477,13.454991185733206,12.544636855319656,4.993204488186118,1812.7582408421135,557.235065558488,69.76026823792733,1
22.11352618055319,23.933435655425576,14.257319946018292,6.965959223853943,13.910515157577418,5.8998049259123935,1.7156367576532459,3183.6177211277623,369.26695978666226,44.50652092465734,0
23.50618892934197,25.092062244314906,13.662273945047788,6.293677779278455,11.305218873080932,8.962191920074755,0.42412484168040615,3651.1122429967813,324.2684277655174,51.408479569136766,0
23.223824917298813,24.837992486052567,15.639702185661795,6.3629003649929246,11.544735488910067,6.113356119004536,1.0276026782395353,3110.9246705669843,325.3081535166975,54.889825064999606,0
23.261665762274124,25.729293572604657,13.593263185365903,6.4392154588299855,12.505856487178697,6.091185454512255,1.4369415924494695,3187.7064674932276,289.0258513798791,59.09818285805784,0
22.4106649010806,24.565727071430135,14.444374171006185,6.654773041886106,12.665464722017903,5.726530284078459,1.7407908505596184,3057.4008151008143,306.8776858590879,52.439334168480045,0
22.72393094778763,24.221614347724284,14.32356941667477,6.676329806487422,11.636848179678166,8.125145404657781,0.7398889416508856,3513.8307973827345,350.31227360204946,56.43399426362951,0
24.081117042729552,26.117656739432913,15.320505691098067,6.91454741582319,14.093979138629688,7.916464047194724,0.46631871217479887,3268.6340468958206,336.94908223998334,49.39034793209001,0
23.26607031073006,25.358852511734,14.893130205084422,7.004570461387996,12.806531317925296,8.100403588084,1.090730843158341,2868.8035224001937,300.88230676030093,47.76389435268075,0
21.12839410472342,23.03158449721189,14.008368973047125,6.806260932164893,13.034433652821818,6.862965030204829,1.894548790637314,3204.410452183755,313.100922588625,44.94593164441341,0
24.738929413373707,26.391218557675227,13.695518899448427,6.973058664398861,11.875295272287113,6.756883228677716,4.9162034290768215,3123.3068288340924,338.70300080629687,45.06170835200779,0
22.32657759514138,23.690494232421607,13.848791464566755,6.418933275742951,12.326459452782592,7.780182517045997,1.4471270182296263,3694.662821887126,338.3066904982058,46.17519823445682,0
21.218636494104967,22.48552553511311,14.043052820732651,6.123567055517981,11.020406697984065,6.507032964958741,0.5801481755409936,2849.083173487368,353.1380642338515,54.411287548040384,0
21.9083988784094,23.43250776878373,14.694473382128558,8.564527593785241,13.956012628273927,8.21849459440049,1.6463034199669835,3045.974961690179,372.9343204105086,46.6991795669322,0
22.018535433736997,23.65529509807291,14.699638551678461,7.068739352303214,12.630412652604406,7.914062493177463,1.451584098209477,3620.9930075173343,349.08737499243455,50.145918790277065,0
21.657609974631892,23.730437770656945,13.483238623126173,7.013981313276317,13.214473611937365,8.116239987107546,4.296714190637998,3009.9344000741303,320.0765909360168,52.633821085023385,0
27.22003686442681,30.813099921329282,20.164249667280735,11.334298797700441,13.958940057451034,15.92169427520497,7.530181533943227,1355.9671180178098,576.239350936786,73.40910985135523,1
26.363848108897912,29.532360576884038,20.666312145587305,11.08488872134333,13.555850312644859,16.027557404819078,5.492663372837123,2054.2887987468257,537.7225085760757,79.09479981421661,1
22.162406931458143,23.969452232231607,14.600721110715968,8.296405285030321,14.283883869992547,6.721697325847274,3.94065718157337,3186.847031660906,340.2632690697387,56.88466865794331,0
23.667065339552074,26.2619757392444,13.70386083208061,5.8454012705113785,9.798221538307947,7.713800038392932,2.0733649415173083,3040.743597531785,300.5864177617455,46.45908968550494,0
24.14839025419555,25.7038361552401,14.858788363357153,7.277851985556933,11.969107880121799,6.7610224068325975,1.2374568343969834,2980.5556733910475,325.6938480314709,47.87544294958579,0
22.495950651106856,23.961182369588343,15.348115054937017,5.8625539679762335,10.883425521925904,6.12264268796333,0.5834877004612303,2979.3506784641218,312.46670346491544,54.718000263972996,0
23.406469470990906,24.366458867930255,14.669117253976527,6.583305216656923,11.2613868024277,8.886313796474102,2.2881953820607763,3434.201419283265,326.17714139218515,46.189474033061636,0
21.629107424215842,22.970030868289577,14.598783847331676,6.29104425476142,11.815596476263956,7.869882891141679,0.46410310891886014,3204.353562249558,307.5328744015905,50.02860640549561,0
21.895829215060562,24.03547005935782,14.059214557169401,7.691961297600884,13.368056108681861,8.273752559073614,0.5123606216788879,3220.0399401218883,296.13989873562144,42.53373534484201,0
21.26818164070673,22.8233148738448,13.541286300038363,6.007077179807077,11.749716216550667,7.539959881914717,1.1995241913950678,2927.8430698315938,345.25326785870624,55.28082021905018,0
25.817491236235703,29.40716840143836,19.867108812005753,10.553619221515257,13.550329406116521,14.82712473426389,6.641970575145065,2187.278998384284,525.9145923236573,71.57415863949042,1
24.418376604605662,25.982418702020507,13.592783851252033,7.404505099450498,14.293728875812729,6.995236959137786,1.5477388760507944,3476.065766815167,318.47826075172355,54.09673453191272,0
23.04284615549968,24.29414890379428,14.215126361104756,7.469296069147803,12.719422370353223,8.353673883638365,0.6637194585184245,2997.9866427274906,298.02457784588125,45.709564753272105,0
23.823962258419826,26.36340579173839,14.91548699651031,7.5695986000874536,12.361527202818191,5.3615345056017505,0.8133134487383752,2977.6869593822703,340.7841063618997,54.782482379207686,0
20.496713662654354,23.07837663615447,15.83098626571478,6.582105135188182,11.912760102800377,8.647979321271471,1.5377718836092846,3237.4680494838185,328.47854215519675,45.33919472567319,0
22.35554260325568,24.24295622022006,13.487793272731828,8.149164417968544,13.749298786766015,8.155934403083924,1.063780971682984,3129.5779198027176,373.5495660036984,56.63310819749971,0
21.777952065324722,23.30410013502072,13.075073268427493,6.015927843289974,11.386237354697924,6.536373466344029,0.9430933222229373,3149.389206454166,330.13385423322836,52.36503977483702,0
21.689786070030742,23.58724895951183,14.764091032376754,6.607909167146512,11.867224461836049,7.21291000669413,0.30575501632194674,3071.2838343990543,307.0299989407157,47.827749001757766,0
21.306780750469784,23.557944347771212,14.61546117738083,6.873237805826659,12.156998134882794,7.132497355890096,1.32708250034454,3298.1369538093513,335.2822786809561,46.50108627897702,0
22.427207023422454,24.21472562784682,13.62228508029695,7.382495441281962,12.583467890480094,6.082941817305347,0.8996596979057593,2850.4107313849445,307.49577256565243,49.92679323098341,0
26.58710297855111,30.13733334665597,18.816121483580904,10.571397831344152,13.262515337099043,12.756329162869712,4.799728343418479,1837.1164488122984,480.74736870981366,67.71615630098086,1
22.304648512713246,23.406365539569386,15.205829194079373,6.573654925745233,12.379813446852161,7.560388839061257,1.3153231841606006,3032.2714055788074,293.2917957219857,53.008903016493335,0
23.23700004005211,25.376269725118778,14.65273321931497,6.6078063117035395,12.059655315209866,6.841687217499119,1.6513875927412476,3583.1959711920263,284.68028555521806,53.52025614983527,0
24.32763582768963,25.610326644541164,14.778876095888783,7.010858466501548,12.991918473460302,8.030703471184339,0.3813541972793102,3270.9196124247133,333.9198986706945,40.03967467589314,0
23.500706585458683,25.251623012020392,14.20484844877483,6.641958519438513,12.48657236154082,6.478361765935279,2.7029453352748867,3162.8611462748545,325.7396849243925,44.976553605625426,0
21.18446989572576,22.870716035883156,16.128698828145435,7.509517805683632,11.703694344692526,8.3806741945499,0.08943471468210462,3133.3569287677537,299.4089217536089,49.052786112369105,0
24.973804291963678,26.545105875181253,13.243078119105693,7.376751424890772,11.563329330814357,8.211187200849421,0.40979152961119286,3203.7040024826265,261.54978208021123,50.655763526887355,0
23.151072052303157,24.950788614472497,15.200935333752986,6.901679729999383,12.962064147560875,7.1135501244342985,0.8372376588499487,3602.0192838633866,313.80971158896375,50.77858659765221,0
22.84454899824219,23.508917534448017,12.509742353950134,7.170508475668225,11.853353697912652,8.709506804791232,0.32926830161835574,3242.6997259834507,337.5951845562894,57.54850909593823,0
21.124385528377573,23.114452626975726,14.010693010644353,6.084322576472786,11.371786834130528,6.531409021967376,2.5277102679044425,3273.4466720686805,327.0268056254405,54.069206346302785,0
23.609560419495324,25.579738365168993,14.18214139795891,6.545453097344215,12.447392528063713,5.13312096077079,3.0358465012671125,3368.6262582887057,322.3816016094179,56.148907634863576,0
23.11654314109465,25.24843610824632,14.891403628061061,7.14758262416507,13.335585165845405,6.55146310447026,1.1894153989079015,3022.539335138819,295.1543677785682,40.8094621747058,0
21.835694109950406,23.125172343335073,13.693670643657436,6.761089281931763,12.173331901617754,6.360583011209977,2.306217723773814,3224.1726757217048,330.3306362421509,49.942236605117216,0
21.372144256407175,22.609917448735718,14.076426429194393,6.753562749303473,11.758908068104505,8.108112782356523,1.8551742478637576,3277.546629207176,350.25956522654405,50.737112207113064,0
21.04843077757055,23.669619587371216,13.855360276092636,6.372452262795397,12.232577229078913,6.4200682074535305,2.334366770719984,3315.1055669960974,351.07375507605155,54.068449835203644,0
24.718747313934415,26.299439795964386,15.08325091600189,6.968138944623781,12.464012294086949,8.840283044708197,0.8460502272732419,3382.460758778746,350.42824802890283,48.929711146839914,0
23.125346914055207,24.81788861273131,14.089928962417194,7.264007829575843,12.672108471098994,6.168251250270618,0.6116691526243105,3217.8078493647536,321.49154734242444,47.70683801349136,0
23.341407290773077,25.859951619943864,15.261969576428935,7.1075819921392895,11.560886396982998,8.289067353787996,2.2183282889706617,3351.8137544387305,363.1379639188618,48.93844276009792,0
23.409009252056766,24.71599992614936,14.470935513566127,6.697116503161414,11.141529812094353,7.324667910295832,0.6373460195122538,3291.1779433021215,330.0076523288705,41.18736444327493,0
23.622814071776954,25.539691163107502,14.767550811878817,6.758703712324355,12.431084568860427,5.985439997669689,3.096561582011007,2824.2995721737325,335.8393186020429,46.50071720171122,0
22.59284196917714,24.377119054126087,14.044440180406312,6.069749550290756,10.729573927590344,7.449197026024096,0.11514838154672327,3323.2374526167423,320.0290246680218,48.784095259614496,0
23.55796770833934,25.602955225944783,15.008774200569391,7.2326448780676245,13.36766522670937,8.528253514447114,0.7841515094328007,3281.6677303855417,340.35807128519446,53.222663436565234,0
22.996558916941797,24.963841219296988,14.881320832640446,6.941922283651368,12.580797093725398,7.690542554837834,1.4401763441158746,3349.8602538265645,328.74938839064225,47.99632100691825,0
22.277209228003418,24.2389271299881,15.979489713109105,6.484875352497782,12.166132653329756,6.515124710044749,2.1697123036732644,3457.219360419736,316.045265504445,50.22223959387753,0
25.53119756636457,28.815577819825926,20.893513509684873,8.750571115053841,11.404163069203923,13.258299763445903,4.709738284384255,1407.8338967494383,544.2010291246197,78.72135393458444,1
24.302828462515233,26.782811412345787,12.970946486669996,7.6026779811809035,13.908878363255106,5.352546927795256,2.0475322635861626,3587.229488354551,340.5300287437956,41.96939559565938,0
22.26760864886434,23.541282322293338,14.430639091081433,5.83396742074002,11.120518583713515,7.329269381073907,0.3400034560484433,2937.2090984124516,285.949257949975,47.61545036201339,0
22.63310710765184,24.961628720561045,13.593772038985804,5.775242741905837,10.555523739304487,8.957921985326935,6.297945513843683,3363.251984577476,327.3613649325493,52.85445793184152,0
22.438327531693815,24.335739613368354,13.923223913224083,6.6441620571173825,12.148138852969776,7.454681328239271,1.8639917387977674,3307.0146869127916,380.5488870133811,51.07176104138498,0
24.50282583034727,25.696168810578953,13.146183334685336,6.578196584896307,12.027525884110842,7.165381492775948,4.633503558443911,3159.8337879063197,308.7533424822458,47.10329715212092,0
21.995775819484972,23.59185314220862,14.980170372595422,6.901191685299348,11.983277857999251,6.300197596784079,1.7504355185859362,3032.122348674731,343.19548640290145,52.06126987017342,0
23.395504279232664,25.424460403702934,13.818670260532485,6.412196697698804,12.60777355948646,5.211651385900397,1.4277705090229795,3556.5585645199412,304.2286240321895,47.568041156045666,0
24.657223832219426,26.74230864376396,14.691702014591199,6.01350537146357,11.582599855211212,7.119895324150624,1.4329826647226946,3132.000006922966,304.52556078982263,48.00223472001625,0
23.678118584389914,25.66138583030539,14.476626875316812,6.096353278253798,12.08675385552905,6.474555019477729,0.9298666153703441,2873.294664709713,325.622394872158,54.36712409973663,0
24.37757238697681,26.19123335397202,14.935376281872278,6.862142847425425,12.281738231159215,7.280541395343712,2.6611674621742014,3499.373629141091,327.2991465614477,50.11583040031049,0
23.72708451841157,25.243476135359373,14.525193249809597,7.533925222498655,14.08741360348053,8.914184956156175,0.7948820096699389,3331.2782357214537,330.0541139143199,49.017653877242374,0
23.73719942699514,25.03624204922989,15.514121208950378,6.527456385002204,12.037175500105214,8.109098421944639,1.4055317779808014,3107.6890270960607,338.6057279890399,51.119233448898285,0
21.022962820279254,22.558834364489876,15.112994380032408,6.2860381174946305,11.794081785455047,6.998808275833681,0.5953271735532729,3128.1602814625912,362.5817731504336,53.77513896759824,0
23.355598116206867,24.955706045746215,16.359738644682253,6.2717514646873695,12.648875708289156,7.7576739804109565,1.494324655319688,3597.361734026177,290.5669739682557,48.967459706500584,0
22.800591420415053,25.024565974033703,15.614545006347925,7.247116387250467,12.989701981030443,7.118616740310104,2.1091975468442565,3406.645991284312,314.45991524543376,52.59751407096713,0
21.766178636409663,23.491420173144867,15.097289091681725,6.349775769310987,11.573251767664543,7.529774361579481,1.8423952966115522,3571.9221116008785,327.9625213249543,59.701271467409555,0
21.735135447232178,23.419715968881896,14.126592950438848,6.268322750084841,11.984039855974956,8.555424661155303,0.6240106611003936,3380.152637169733,278.91827413574305,55.17334050876468,0
22.255703567877166,23.81005454187384,14.052362971768424,6.5760611775340205,12.046022104040144,7.313095667470576,0.6155406436998456,3154.9743496621604,296.29690133918643,58.58270157938736,0
20.696435605925817,22.3411383845172,14.567275510600156,7.154966374073618,10.815427114566159,5.742683638727102,0.2659182591926612,3162.145983003393,323.2461957616715,47.92493099101715,0
21.878075738071622,23.28560952561575,14.942711186459542,6.774440653492311,12.142282985532344,6.727009450523677,0.560060765648702,3275.6859481262604,316.52568171112233,48.495411433773256,0
27.021481772777463,30.27321121699439,17.872283591829444,11.492271920443269,13.565095377408504,16.28169866647109,6.163340489731725,2110.781457311438,472.18558827434777,81.49155838037413,1
21.072705728559207,22.34975781566682,15.352301017807683,7.672155557371555,13.222647446024718,7.5941674783166135,1.4985282557942723,3172.786529816825,321.4793366390124,54.63986768710022,0
20.04991815789085,22.134847021722916,14.629358821363802,7.103973783502877,12.905164137341261,5.603785614886588,1.1275429184699184,3538.72323288046,326.14462543452976,49.4628012258152,0
22.332664469182802,24.10541509911562,14.304777318263092,7.011753937011019,11.808519713329673,8.321921465970531,1.9085926651683387,3120.064946433124,278.90914644450123,51.81364783282985,0
21.274520619443145,23.45514052767276,14.08997271148276,6.584272177720058,12.43538091321429,8.070919801409595,0.5380927009350648,3627.4264751518326,307.577523821185,48.5155700865385,0
23.50023475393071,24.79818060514135,14.566389935050008,6.6462142914421,12.628336386479342,5.773119273997706,1.4520493369226046,3475.906727611197,343.45978335148965,46.30185475765706,0
22.760919447815667,24.74070901294859,15.082814914811628,6.133425995761395,12.314185165020389,8.039732387540168,1.3633508304669544,3425.5814402825963,291.57773269002126,50.71293146047787,0
25.607206367640675,29.57903627572646,19.430521258254593,8.685074353209133,11.631655827812907,15.605406344671279,8.176966163698452,2169.72834375999,524.2212738360579,77.17796826513246,1
22.61534493232918,24.24990271896052,14.619564871730647,6.745067938449032,12.459201871555969,6.635728331635407,0.6667596337025974,3435.557504391959,310.28576883119325,48.334985140068454,0
22.474918087243022,23.840857876619904,14.96189082008533,6.616398032894126,11.622024098867772,6.1078444240834315,1.1345434281117606,3295.532818972701,330.4420351254312,47.25918560529926,0
22.338865005376434,23.34065229319574,14.113612859141728,6.456633802216324,11.57983829172884,7.784193644073545,2.4584438884364754,2978.852763297626,282.3446282273373,48.990000014706915,0
23.93588580199739,26.119240129934205,14.585766369632108,6.520418082470396,10.634342842344143,8.024932232239323,1.6896594579564728,3125.566087779692,302.66916658207634,53.69861243243714,0
23.412067156427522,24.762669543131683,16.062333905991608,7.421431281429157,11.690865833337948,6.45115690876307,2.681756144380131,3558.919275949949,355.8437508553559,48.242561173981514,0
23.54352710412679,25.483447113953954,13.063485461895988,7.206640203032296,11.854327361225224,5.9830214272151805,0.6945108954596844,3052.826868827002,350.82166978466785,44.465414734923726,0
23.087024556177195,24.835000438755745,14.684488679012972,6.560017678643895,12.96041659017005,7.756092764593529,0.15151507270254216,3686.6746155913906,262.1459004331883,55.401779006368216,0
27.819536934775964,30.819092830858075,20.138546586398515,8.733470856688092,12.698780515559045,15.733627792197847,5.482217000077567,1423.369051657887,513.1612293702876,71.3906894866607,1
23.643449456643527,25.347648687834827,13.765584750688827,6.354782123528669,11.79522760708521,6.292792622547401,0.6669751310934082,3374.3468696779837,296.2440319713692,52.11776698017736,0
22.717225870444448,24.121242753423644,13.305192177397485,6.079044821944096,11.391912261913465,6.507880432332644,0.6320062717306016,3191.0903597670826,336.37750679056325,60.214724305675155,0
27.22183853916526,30.828018746592434,19.333580087154818,8.654836549212119,11.00997301883142,15.176549149978467,4.652739810718192,1941.6328739312396,543.1203616120142,80.04815285718371,1
22.500248477901838,24.365966384050065,13.88716383807968,5.698543323397141,12.060596138550078,8.516439547478482,2.798712975805304,3238.2982851395195,273.3983793736072,52.64388579454381,0
23.1157269578113,25.657928283729007,14.408422102560909,5.794891672716968,11.148135414426878,5.703974066058346,2.2805218410276535,3274.291786806227,324.5234456751,45.73555978056625,0
22.00165450331904,23.541748412579732,15.20966382115703,6.620520807410293,11.580060447633993,7.707463784338964,1.8652713104362288,3299.558196173068,311.7865694477865,44.69557872150208,0
23.373155452364376,25.68394160679965,14.196992130717526,7.546501552221602,12.928596216981912,7.192018731687773,0.8537116428217847,2619.6286644806055,294.48437398740447,45.35036695065419,0
22.622227554314385,23.757794188087516,13.739237293524422,6.903569718389284,12.915666215660988,6.745115615309737,2.2140324276000225,3699.487051128225,286.9456760839998,56.64165903192176,0
22.52557397840633,24.46983313498065,14.213404497673993,6.781156439628881,12.596465283236231,8.96772090907421,0.6962962061645113,3335.262746015416,356.0647905361343,44.50637911609266,0
21.609035297162343,23.551302876587634,14.769985659781119,6.707855499083644,11.640017038371337,7.030810344330861,2.219002885276007,3113.2814020274764,364.59785495457874,53.0771962564561,0
21.191521107068585,22.67905855581614,13.359185506303639,7.215249066992976,13.595171813111339,7.3795811889213825,0.6155822891225866,2828.459431348346,367.91135802540884,50.167270601007424,0
19.744582856235315,21.933823480641344,14.2339364961201,7.215605551599878,12.961167239432843,6.37743638519742,1.5346680718494583,3606.4944900016,310.3571157740398,43.34715575239926,0
22.477180550516774,23.929863457766228,14.072194663324542,6.300952686115482,11.723918972232097,8.007868438090634,1.4876883582664906,3637.852268437228,295.26554323150697,47.89115456117047,0
22.772951921524957,24.85248328960597,13.667845024147281,5.9446983227817425,12.393821038802837,5.9180143211568375,2.375389195163944,3866.1536230003585,293.13843084109993,54.92925889500753,0
21.657536287347178,23.491663544373186,14.02853421485811,6.68109648128703,11.71959774341269,7.132046331502384,2.767589592977693,3261.382043014042,274.0001937646592,40.451011651705365,0
27.269378999535377,30.06148428353981,19.032364038119667,8.803641228981654,11.28170099526049,12.62008410498184,4.618740689157881,1255.0137149921468,510.025276630703,76.04860333942918,1
28.358338577301165,31.08236854363747,20.21633604843667,9.798417623651464,12.398667479837126,12.803888957635108,7.514583922396701,1287.3453751365898,573.571156689412,75.10798605144507,1
22.10565782910122,23.826889105902463,13.521423815950456,7.507420331412777,12.781607163581302,6.5984776992857395,1.2009410929712052,3315.78461999376,351.94047533079305,43.674572009508836,0
21.91003657724154,23.71345900957128,14.126740743037779,6.457779798956908,11.700596380340517,7.5651603214232095,2.5200194800028513,2627.693183953984,358.53670989445516,58.98022104133092,0
21.637866934497076,23.846420252668835,13.805391230721334,6.616107736714472,11.906519143105024,8.722955458916138,1.3576315106706596,3408.992481068069,379.02205429532415,45.0217879637792,0
21.30193747297405,22.23111145439691,14.019098757864922,7.113840208937237,13.246522570284545,6.94833722168868,0.5586522056854352,2940.4651787471407,316.07637986807055,48.840407975704906,0
22.5684157498765,23.97409422640937,13.84819519774116,6.433536980945732,12.571436783065831,6.60662722684374,1.0434827340654236,2744.835126700174,292.75492389582666,54.210344301889506,0
22.97496424012489,24.8942276265211,14.588709106262733,6.607755439479241,12.113989637456214,8.421549852212122,2.095724146069273,3105.130185997064,295.24562403573873,56.61881031417645,0
23.379168092658695,24.69635943351581,14.84468993521203,7.109180283129833,12.627326992963262,7.927910273306643,3.0547150856792156,3049.9108264341066,309.49111683558687,47.031502865063715,0
23.34930232254657,24.38440033237866,14.747915823504508,6.904426771267166,12.278836623656046,5.082211566153767,0.523055021592051,3399.3130746350084,315.1613562708103,33.52219410016346,0
21.51949364271817,22.177642977556413,14.745160690370673,7.676145954561016,13.269005460704479,6.815151070615919,0.5990002807322693,3410.997313029799,323.7397071392671,54.46332209467775,0
22.7689109781725,24.17058482025641,13.553555052212488,6.510770135561835,11.358356544104725,6.701414521458253,2.2215604494873626,2915.915944211002,302.3787122318986,51.037641389317116,0
23.22721194161477,25.327443608623476,14.661322324103404,5.277671730378419,11.47209823835287,8.024667823589356,1.2225308628432188,3368.1532227724606,341.64085462049184,48.62073642681127,0
21.593540481176014,22.197086092815724,14.330892616145626,6.156197358173469,12.203811729963158,3.862611701640204,0.717618106653221,2982.122351416711,315.43250570195283,44.97945296396941,0
25.127763519861208,27.040018081657262,13.623783584925757,7.580127764765465,12.564152475034957,7.843448842395089,2.203576283309874,3557.9722659436284,337.47259478754415,49.130932435541396,0
22.202977637338194,23.6644512463519,13.017585213681944,7.1045677595267565,13.156481729366284,7.122967245511151,2.8827040929167254,2950.2032742595857,302.19898361454943,44.36433708159078,0
20.88495489183214,22.77849410214798,13.294779793568708,7.190100860593037,12.301902115510504,6.212263815795747,0.48936827663395505,2844.4811681435435,320.7358175104998,51.49575486478723,0
21.84609709582926,23.353714585543074,14.46808449299863,6.911963436973303,13.09951928354548,8.454864380497723,1.9711319413152257,3045.962967776843,272.26043082007743,42.2082177763974,0
21.95612634080727,23.87917140808295,14.189628024874038,5.809581764538683,10.645279369458159,8.487211567477619,1.619677344757195,2929.1995792038497,301.9594452192659,49.82484050423575,0
22.13035885897711,23.315324940397442,14.426425227037562,6.470808641029777,11.54713766891319,7.4548399526145674,5.220929221214185,3236.287174042589,292.6254845471929,45.591674359588225,0
21.074881897164584,22.631940123879698,14.243691952450565,7.099498170842132,13.626403048293087,7.814055317566134,2.035447549304145,2808.0569131025563,330.5808700629532,48.01882344965416,0
20.998663708337638,23.488542368242083,13.60259911771529,6.27059992587609,12.30690071921135,5.844152029414193,1.908509040498563,3248.4138291578734,304.6900035098572,52.996138153321944,0
21.3136906714189,23.316076892801245,13.421458363658008,6.686114510438182,11.678503172417086,5.527206317402468,0.6862763194605659,3243.10496302285,337.37911457877664,47.7015092876304,0
22.86875942505193,24.556855357653596,15.518056130342856,6.237172516099707,11.099456765369276,6.683297223861443,2.8516338751889974,3030.9088742410986,324.7719983979677,52.72805331690414,0
28.232282057240894,31.92669757367857,18.984626469224494,10.860588171221396,14.759457213631194,16.394794956081114,5.322167604160741,1916.5386372090675,469.32862903691984,69.7592033556859,1
24.46694016653288,26.622555015444835,15.065625887688627,6.387674829854656,11.690545771051815,6.593088362984478,1.1695309568513996,3108.470077656163,298.3171372811417,53.73009797367935,0
22.793959885330466,24.50715306516072,14.501295225085553,7.449993686131067,13.19933006761102,6.671821488487652,1.6530660963294541,3338.5636190066302,310.7313944926457,48.22838829875451,0
25.088769855918603,27.656916856776306,14.865859424869413,6.763571155579473,12.80562916268021,6.448771383053296,0.34869890277011695,3066.2089332080905,354.44699104546186,51.0276349910823,0
22.92934483241794,24.440649811083038,14.327231583719815,6.3255235861156605,12.384764879723669,8.197517561010219,0.7461741062293641,3630.491072033044,376.96293289889996,54.708744276821854,0
21.71829839566266,22.85564911259155,14.194038081864568,6.881398309049956,12.549983560885504,7.880247937318549,1.5598177890272682,3080.648442100546,294.01681752804814,52.074374495445525,0
21.730222085732457,23.363571963486272,15.174011117164003,6.450199595648818,11.004950121025239,6.69110779574782,0.17069523681469723,3362.200454037894,291.62099675785436,47.70269804812395,0
21.872567967416078,23.85225545593009,14.832669469028849,6.214537553096273,13.255487749714483,7.1975291780671675,1.758368964890837,3097.1800189173655,299.4274102255881,42.68303185747386,0
23.759463258383203,25.91962269374123,14.335772784403,6.612296276758019,10.969015207100126,6.795135889641951,2.721728555866207,3411.7778018598506,378.66003309983495,52.94641716478798,0
27.95246468157293,30.819681971721767,18.183031890012217,8.796548587799839,11.395728006066381,15.610431814622114,7.764828683285563,1485.6751882586868,552.5466398257929,73.23375249028055,1
22.730458939788036,24.991895077114805,14.787791180101431,6.508969332953494,12.324319883197889,7.5006423745436805,1.7445959307000476,3219.5289231208662,304.63676652066164,54.076584426039524,0
21.532955920204575,23.21070827577725,14.545393346637455,6.126145384845298,12.209058947753345,8.127905320344333,1.55861734947129,3410.141924447918,338.8865428467741,60.458327176350394,0
23.089169941965903,24.839676869926,13.517856028435155,6.758108450055468,11.454659769716969,7.453505868690397,0.4490130469079387,2780.197977486554,353.5563381575903,43.847619709113744,0
22.440643548417082,24.484730016252772,14.418404226691255,7.682456902775385,12.26177261821504,7.857989365368274,2.9310923203484505,3142.030506234692,305.48411800618237,55.322281040703174,0
21.637911281316963,24.234532602198858,15.330884855367053,6.877577671432678,11.688099226501793,4.8227216860711195,3.0257299785878597,2817.467267814167,282.2787829092626,50.03715901219834,0
27.18779065873597,29.9386130325,20.59031484966864,10.64322578756137,13.06786885554844,12.634543390073455,6.9083979422132415,1311.2392038466398,509.52829716406967,67.5416322454658,1
22.660249085738737,24.33937685094569,13.739052503689635,6.1399614061313486,12.849159247511277,9.462244402778357,0.6740039023027746,3376.3871411989967,285.5739952640736,46.22258303231542,0
21.47141093230046,22.888550566342445,13.712372759614425,6.804394221316036,13.225850970973745,6.705384786772905,4.149134648283433,2664.3200384003635,326.1060263215143,49.311715607636614,0
21.566034329517226,23.76021420376331,14.578261739766338,6.563177271174404,12.072006597091212,7.785224675500065,0.3033544102922432,3246.5404888954336,297.63889499532047,53.45391163240316,0
23.52292000175547,24.68028916146,12.234139260012688,6.670995731901195,12.266507253856748,7.3417345834915055,2.931755129240348,3577.0840245144323,318.15169086857725,45.33182891705278,0
23.546784764064814,25.93245565956579,14.480613732904246,6.960498781843011,13.315066649389001,7.190803134001397,2.4250849524965243,3100.2430171125197,318.89349699303557,55.027476601531895,0
22.590965469832472,24.613170528369373,13.663103131949997,6.923740273820052,12.670199339921485,7.758373005237573,1.4513643678160548,3230.087478844293,333.74378054112714,51.944792680201445,0
23.094818265567124,24.488914468292784,14.707015844195137,6.966615267495011,13.044133554899746,7.752832251808581,2.428222261090927,2980.465920478648,338.1372893065754,50.848782147684354,0
22.729318881623882,24.23747789370092,14.294159999505768,6.46633330939176,12.39178769111102,6.9330668924301655,1.2037279367876257,3078.2945318704255,345.8891266944352,58.98919366545236,0
23.734986764790772,25.88540548180269,13.234221466602818,6.920901035777874,13.01298719225171,6.34988289602214,2.966140225897835,3444.7589563668794,363.54546037399285,47.76451701067172,0
23.169992295026066,25.648281446150413,14.45617731172894,7.827096920628035,13.510989735738962,5.057926140071885,1.640988824890297,3398.3064294525248,321.54427178441364,48.34723406316556,0
22.647845768141384,25.25395581232564,14.370436146446938,7.61321536730443,12.92550037052536,6.932252877725369,0.8308275381811723,3265.351125636803,304.17034151586915,57.157265103939274,0
24.751405007059063,26.4702127521008,13.979472138105294,7.845547136366238,13.680565945972521,8.033034646152222,0.9358962853261515,3004.610035193854,319.9082227879871,48.504024249153396,0
22.06161413842547,24.36530743434019,14.27213044980624,6.446280227593906,11.845517914875728,6.434609428311218,1.2117566026990905,3042.9253769955617,309.16611397073405,45.67394699823133,0
22.335153853920723,24.020436159625415,13.48442778718975,6.100328917075615,10.898142142191283,9.587497396839012,0.4834894897351192,3733.411401170474,312.4621588865326,47.34730840853659,0
20.37236103815174,22.148199546472977,16.723970899378845,6.135496181388276,11.930787248783046,7.919281871298127,2.9799490453855313,3228.084487183094,331.50597358069797,46.33930549014631,0
21.537267276934056,23.437347359434735,14.830399129710239,6.100159247633656,11.796320562084201,7.4603888331290324,1.9536297894239656,3571.537831285836,366.1450330092983,54.879073268012654,0
24.630373071131416,26.502873536172235,14.213737653246987,7.026952614720673,12.767909489773542,9.131711748662887,1.9466215063884307,3482.2266489693056,317.9599518913235,44.11518397470338,0
26.695933083713168,30.03656686163697,18.339129957068725,10.802514516243022,14.772003841906514,13.864072908880175,7.178789549166931,1452.5080737841236,487.2946467131356,82.23858454231632,1
23.907274823111237,25.422386517651617,14.277989104911812,5.732100075632597,11.101224861470154,8.954412228894617,4.147050373902086,3321.721487575143,323.79547731859395,46.92934095566604,0
22.73290799147797,25.19507083671329,14.932230355228556,7.135024835907762,12.367097700422164,6.6528935135457115,0.6988804241919775,2977.509360860715,269.1675222239968,48.548483656324045,0
23.410986192363175,26.215608812996944,13.415223724112028,6.105109928403666,10.860173867419196,6.98290932913187,1.977146351203166,3296.4891840646583,339.6134059382458,49.086551166593395,0
23.74504793310948,25.53247226495957,13.97410195680422,7.173722485713528,12.875707209563089,7.213833346560346,0.9798080483619828,2853.061729749641,301.1722104950672,47.92636059326836,0
23.092836223539287,25.148300290996527,15.863673674637901,6.768305073982594,12.780369516284606,8.3907907095512,1.8561746750079273,3248.7097047463994,316.52639122836666,46.004318995717675,0
21.083024621629384,22.64481064755584,14.228551050289473,8.37888564152215,13.516123991515661,8.358433597776184,2.4669802112411023,3350.0291138111265,293.1375402585298,39.72150113021892,0
23.32326175199813,25.40242306101374,15.138395639689788,6.236368103722926,11.46013893490428,6.550755837063802,1.5870232908478803,2995.7261353399417,342.6187450814706,49.98412071616434,0
23.87912799154281,26.168361218380937,15.13568030635617,7.319006263657981,13.201014460405977,7.122948911899239,1.7055083261101114,3120.121887520241,354.2265324960616,47.749382633530544,0
23.011064647431642,24.45079609442665,14.096561587349902,6.542955597816051,12.338106603328658,8.68046250349549,1.9470550158387099,3449.715540082054,322.8083017096801,45.90657478394401,0
22.194027339094973,23.65859301971608,14.525116692426222,7.2369948755034414,13.697175040794168,8.12705143310893,1.0810217844400234,3600.279671409817,334.33584479219957,49.329756167489045,0
21.984906695641605,23.84324128372776,13.795990414647388,7.139646909991175,13.1145376038235,8.142105794463665,1.1530363824528944,2928.2331217662704,279.73264262706886,47.788872369959236,0
22.95169143131702,24.58225199862575,15.48181905766501,7.596012449288041,12.640104496420193,7.490277343785024,1.00272357130913,3407.5294161238066,298.55263106642565,48.28462034629301,0
22.516715150295536,24.029547593996494,15.067482011564254,6.758455336128408,12.827270208012317,8.81241957646326,0.7502375511188275,2689.057824618376,299.6600186410303,52.84482192418167,0
21.9632137252095,23.292744390587586,15.35721274846483,6.5836812418332356,12.159558401111408,7.066089020838012,0.679459603939619,3690.1794580096757,345.7754554260611,54.326874852982826,0
22.99612188386844,24.75793618503281,15.086263265457395,5.928163698801732,11.902279178097245,6.601298123783009,0.32779002552877223,3018.0125331314216,342.2209704884998,51.51135256477259,0
21.17596007259135,22.60613442684011,13.48549055601975,7.092262025918717,13.154292091269268,6.834500028624903,2.918590677278271,3371.389590804296,305.75255201469736,53.686613078377704,0
20.578915225828183,22.35996694481041,13.236450961025922,6.750342831103984,11.963385754910604,7.584810703948097,0.777297366364655,3620.853711185667,328.40891843676536,55.31977922522924,0
23.746934144904323,26.02957740684989,13.6791353246435,6.782717880078098,12.181077862174654,8.559032146453376,1.2876893096197617,3426.5702800440054,354.5604657501788,42.55727680484024,0
20.68354272886461,22.672594867201973,15.99396960332908,6.715362780833687,11.603809821321573,7.305168298523836,2.9698193122876093,3623.840873544984,320.9643310494063,43.68462174737039,0
21.225235543528676,22.418086044856352,14.90066527280337,6.873649000194542,12.487059333174361,7.598797400202257,0.4063940136171062,3127.992315140195,321.60256412375566,48.096546554487944,0
21.32548354106123,22.411136944287588,16.990328160835073,6.747820775280957,12.062745608214193,9.975710664539514,0.6340237904044206,3241.760776042286,297.02103353814994,53.96030051039671,0
22.36948782185177,23.799317971427936,15.037555686251597,7.0494415973841065,13.052052280334768,6.252412227589285,1.4530800015426557,3209.8655498259827,339.9377576719531,49.072482354819044,0
23.862678768216718,26.27785153558174,12.88405813427509,6.083134987594885,10.904139423793543,7.110398413444333,0.7993093040448285,3319.7797819456932,333.67421182818,50.08457108588302,0
22.611413881369337,24.531272956504278,15.243145610825772,6.144225431050659,11.619302276256679,6.9999539276308225,1.7464540435031215,3840.3244441927764,294.2717580480424,54.684495971520526,0
22.703232988843293,24.573347700416864,14.10989326323603,6.570561577487501,11.351755781947176,5.542385470948185,1.7385934304874835,3008.067714307847,316.45852005744484,52.55296335402195,0
22.6074968175063,24.725024204363827,15.929877131543861,6.809126230428056,12.96886344354434,6.512750158944623,1.350141576034098,3578.7940983608887,327.78488393530046,50.29081949486132,0
21.312474215689704,23.611230901903593,13.674426972922257,6.771301268106603,11.78453796677502,6.387387402164579,2.750107555936115,3323.130861551589,333.07428934742364,52.62819961363547,0
21.758817725478778,22.750098269494,13.036254547833533,6.628847578275425,13.080286226289937,7.207683407881532,2.709340928170061,3125.151539166939,295.80204199939874,55.81935522772156,0
21.86369085795307,23.400557036412216,15.445254173135318,6.871495317404608,12.60293825492721,9.885381429791874,2.8527535631670453,3316.580412295823,343.78331515276363,51.38686475778941,0
20.303240523772253,22.331443407114058,13.803417782685006,7.185231797843613,11.907965524726364,7.442142106236553,1.5006442936758608,3091.642090589964,329.2676391778896,49.52420324257192,0
23.74788562487529,25.292572534263893,14.215220732491334,7.161518969789932,13.091263559428597,5.191823303578889,2.279822050622619,3100.825955008698,316.3608087564279,53.267186853360336,0
27.094052263834097,29.83826784580389,17.51439606556184,11.384737783477565,14.454301233651337,13.917370408781737,7.828263901928359,1315.0942639012624,578.4765063888187,74.31463722029156,1
22.3178578859573,23.963005626041493,13.863090557450803,6.06186872799911,12.883187602030867,6.623925288821522,2.373564783743502,3389.0219701737515,223.59061676898506,45.288694030530195,0
23.04706532649793,24.775428012491467,14.67517113268478,6.743218717604774,12.744881740530255,7.4651476056483235,0.3319028777785082,3188.8283996399527,288.5736731339139,60.99418519130642,0
22.340839504340913,24.375201184806773,14.927366289899739,6.479417535301574,12.374619967763351,10.812530021416674,1.4877120563808295,3529.2646694918412,304.05489831306164,50.2074804311143,0
28.26562776149349,31.73217357151834,20.76369899368322,9.515479944485882,12.93460015443551,16.053219318908592,7.747029061508846,1685.7197935337583,470.9224947717792,69.91617243977647,1
22.69771300948382,24.87418575605181,14.724036274157923,6.424327265198315,11.354162734736896,7.236924412875907,3.2564723081021434,3479.891529245273,356.7303359931747,48.155594785169754,0
21.372797527417497,23.093622435823622,12.733375379017398,6.3468923339763945,12.230581375933093,5.8838334470339735,1.3511595967446342,3160.69332077722,316.04424658722786,53.22225578956691,0
21.941627451863937,24.16977351595591,14.145389228145678,7.040031808952052,12.329151374951937,8.237475121100184,0.6268750740344119,3592.1334846773316,326.2233652965279,54.36492820671285,0
26.744861195016355,29.71375159603297,17.935303203246058,9.299991348992663,12.23047647466413,12.466296583162382,6.442844027157522,1225.6802638590348,497.02163772071884,78.48933759973967,1
23.940496689533312,25.874954674743805,14.90809948900006,7.626456525615211,14.001337859054429,5.739741760408826,3.343495629514719,3731.9795186893143,314.14084945701404,53.02756460117919,0
23.821151561998285,25.327071148092987,15.613631001269674,7.305189656641631,11.530413972511191,5.573459044058673,0.5048814341090834,3178.3264616036554,343.2867379888497,55.997689193239545,0
21.03514508890301,22.916439470737423,16.498744386977197,6.963585276438895,13.212375451100016,6.7357935136200116,3.4556822097495186,3557.543185904695,315.9682624850505,53.244237703123254,0
21.29960241047331,23.656984221483082,13.585328807132912,7.787039343872512,12.494614676030125,8.765591413172228,1.5175221289397491,2715.3000226546055,328.4401555618243,57.64665326845851,0
22.248811587417762,24.163593929138447,13.457724189180205,6.960465030962829,12.440122322569367,7.267908144106326,0.6503871453675375,3290.8960684615477,327.41168915123063,48.65665691795479,0
22.805305011961455,24.544969927334776,15.275655220602326,7.130229976175775,12.831168300885992,8.448245476353442,2.931244276081382,3331.63694478842,332.2490577363179,46.35670429483109,0
21.86280365399782,24.14170242345591,14.83911158595519,6.672761961677329,12.401751652150057,6.965224033203283,1.840686636023784,3344.824661269909,369.5038587882848,49.66930223976763,0
25.655302142826194,28.186039436543986,18.673951198080818,10.829180272199464,13.25939403378904,15.73418802377209,5.681314080560805,2158.122944561771,524.2591704870292,82.43664717985985,1
21.332317270942134,23.610154159147626,13.376146444857994,7.167634654987493,12.706400820610185,6.65782659637791,0.6431320280695824,3197.8965835071585,278.7858100096781,44.97134724826009,0
21.8006896108661,23.798113692599816,15.147290232585103,7.2298153934274225,13.712840732444556,9.045861160497855,1.2443439946420773,3130.4664154275456,320.4518368355916,43.753822402136834,0
20.943801662452984,22.729798618450488,12.800841933839468,7.2729647926351895,13.182361170685226,5.616324173720161,0.7552715624127182,3038.9492504200152,284.921539797775,48.2620618852759,0
20.88665938675887,21.691328445393673,15.94608680621541,6.8198569108598175,13.62251089306492,6.5944126349792285,1.3831782284785255,3196.3130704957894,318.4765122053501,55.771781430762125,0
20.864191194488626,22.451100995201866,14.002183821684802,6.662080020051771,12.00853896863904,5.235684589859111,3.8760315794209848,3212.4153389270546,322.169685656851,51.96817438287283,0
23.925215266153877,25.939731629960754,14.23356990475699,7.272192611417695,12.91519374374584,8.945589622736401,2.417977570718616,3052.493507727295,324.72789624277584,43.67552895773317,0
26.220716184233456,29.862039835280225,19.51414733679747,9.36139167476025,12.56472924945147,15.552023288677487,5.0229680244098684,1819.9738232811148,463.1448689041922,76.27389837967533,1
26.194656970146283,28.032794649922806,13.954895811944342,7.079361918472243,12.401719929674439,5.7933905596988176,5.3010610326373815,3497.3208633599106,317.07027414838655,48.27905474085114,0
25.73909976994277,29.560414724670125,17.505127475742167,9.401331120532562,12.52525471699334,14.16924705902239,6.741388811696806,1801.9461625727631,498.9859319654138,71.03130378819168,1
22.915737851396372,24.962540231227052,15.171479291385282,6.416838737609287,11.290393161631787,6.749747763954646,1.857396886966801,3543.699492513695,363.2703798261186,41.689863109947325,0
18.87658541301501,20.127224257427113,14.059530346399434,7.310981388339071,12.241833466512983,7.3471366314596525,1.2977015335764652,2835.673807753616,360.83962081022645,46.021224614692954,0
27.63985671870733,31.562219845578596,20.561631241038036,8.910379403944988,11.443554223556852,14.372364319895002,6.331853264199776,1962.221627169866,476.24019691068236,75.78010089651501,1
21.986261806840904,23.83998040574002,14.484164524383434,4.999457447770241,9.782956460789592,7.683827175120111,0.1783973772510281,3038.537752926495,295.52048909306,58.082127787450204,0
27.791928253935723,31.35232629863921,18.151875645607255,11.45705822162094,14.508290495779303,12.605824437543353,4.602030391814853,2053.8913752833587,487.1718475583522,74.04448474255402,1
21.118807707093236,23.48664890889869,14.78029617310907,6.986766841705884,11.93791881326231,7.438391606335172,1.166511816203208,3821.036020186334,298.3491388694152,48.37170159703199,0
27.63200191976363,31.008647574598488,19.566399180859047,8.99012672185631,12.401138830242893,13.44310970561687,7.770538851302453,1855.2298211354205,515.9110894293833,82.28017367124961,1
24.524569962087078,26.62728543408187,14.681996700585643,6.82652965646631,12.438602334214824,6.510244070007914,1.2331379437528613,3168.4646125306704,303.5444439062453,48.213061676683836,0
22.669063496293443,24.8122691744143,13.726638487437873,6.663496625988707,11.79861531910739,7.200350472611575,2.979300759092351,3597.735339638526,319.00386443048035,45.341166455768814,0
27.473557145740607,30.08806433385758,19.701057145980638,11.447829721037667,13.65123428838719,12.154473083659164,6.752794386426714,1889.3108081610592,541.7587805896726,78.07432996664335,1
23.361822870849522,25.001104860072868,13.85805596810813,6.6833957508968025,12.15804497647428,8.235173206597125,0.5206349742319706,3481.6144392822894,320.0076241065573,42.8762704532691,0
22.75322096064314,24.33908692583665,14.115481646809407,6.574873306110864,10.740226166940488,9.402114705173197,2.337005443571552,3025.667585375635,276.4076373235691,47.338221648669126,0
27.52977596840097,30.47020113938688,18.545759885343916,9.762499611178201,13.068368842581265,15.370040804735442,8.336857090537041,1457.733078059147,552.4293867239222,74.97538903110261,1
22.847729828275696,24.89954166196442,14.245001347803093,6.936118362663694,13.390490669988395,7.388305858120229,1.9875481858376944,3555.648799447494,331.6240411376524,51.252862445374355,0
22.228219081380203,23.373007458405798,15.015299014280087,7.009352289146184,13.231555483767679,6.155004726128335,3.0095246346253246,3328.2607308414536,321.09131835757404,53.68803382238482,0
26.566705064883173,30.081827252477463,20.935609596000774,9.58245575362999,12.787310537538366,15.07498461101231,7.785439068871092,1914.8684987686806,571.4381269508087,67.38734139830802,1
20.998152690971466,21.63535740324281,14.634056084640791,6.0372141459694575,10.991823855824524,6.757458974972005,2.1955448711285617,3552.5780766476614,253.51797039881504,54.840113533381306,0
22.376094287821143,23.7999347212274,14.812967461789915,5.822703497758362,10.969427016922634,6.562958279292436,1.6082362219144704,2863.593020417963,345.5858363891127,40.095730762523466,0
22.189444724799475,24.22764108385518,13.756690927592194,7.067729373704816,13.494513974060064,7.153505201721728,1.8114400166540159,3011.6839470657146,347.68276334848355,51.80414204200898,0
22.049764343611276,23.94057813515723,14.413488807686866,6.551341426821165,10.859188559054434,5.808266760401984,1.4173462673253572,3450.7842508263916,337.45663841230237,44.63554942142541,0
22.892093717522783,24.89553706681616,14.5864112967836,7.055267689225618,12.704986594347016,6.703487245810522,1.6617258334274596,3004.453313999475,334.9415250319499,41.56129295937818,0
23.850521741297722,25.931892908012646,13.403978698108457,7.119093499424286,13.048313785261225,5.63088969743388,1.5191587799497142,3231.997090919316,353.85720498961075,55.38287657622129,0
25.05964004958752,26.63981719522409,13.670347141144003,6.890147440251722,13.315505618834248,6.490614555491229,0.8143828297393981,2822.9810300497475,322.58040649414795,45.746380047267024,0
23.044241161816775,25.073869650174373,14.668397039137202,6.800897436439054,11.967488993670035,7.605957253448965,1.1465887723698767,3418.8762624611027,309.7465934557255,53.36972195175155,0
22.16185846936739,23.975634874049728,15.266345644172548,6.021524456646761,12.845604788244913,7.335320540879431,1.100937463458062,2739.6263226658853,320.04782340052486,51.88328296053639,0
21.572609742554913,23.593200252650725,15.416822060010732,5.817731980948538,10.397355631157712,8.414925474221214,3.053917307964576,3124.3063637186156,316.74511167988095,46.07042218595246,0
21.150429489794558,22.49535522162463,12.968751943530027,6.81609254351842,11.861531501961377,4.97076444574062,2.0112454436479896,3387.3956428434076,319.2151015733494,51.76839797752852,0
27.43881815404774,31.097849309390966,20.067618527752504,11.016419005069407,14.410831192801997,12.455235935518786,6.2149136822822175,1443.776177635987,475.6658447195507,67.6769757916059,1
23.922844985595596,26.542769823909968,14.171585213816217,6.7138125212731685,12.60729085526274,6.979761666859178,1.2442400781702512,3752.087066084968,312.6018114947809,52.1802553738797,0
28.441173613779227,32.115627221265115,18.466243378842126,9.044103280812429,11.712926942060495,15.037548117063755,6.450109684882841,1486.2569723597917,557.5350756458943,76.55563523423947,1
21.144351774410858,23.1296671864581,14.335497717085403,6.997799417381471,12.644350651073307,8.4217454524595,0.16191155556939135,3161.905625682206,353.55641957150453,47.477197338819444,0
28.496341217246172,32.4138948198716,20.126715852148617,9.449862049589877,11.837794352557015,12.504319727520329,7.173685481622684,1407.8038745019855,517.5551442540839,65.01629234617509,1
24.35992128602105,26.390003292463675,13.98992996633923,7.054841538621164,12.625582147515296,5.722469670357709,0.9347546773750918,3586.5271401078526,362.76939444235967,51.5652502440936,0
24.150848175973945,25.85377566524913,15.835938225123712,6.729723257248784,13.410640301948096,5.980358615054506,4.172032518371573,3260.057656442612,278.8076616307602,42.62160625904921,0
22.571919156319595,23.415136674594386,13.590373693482011,6.404991451592396,11.410549300347625,7.024878117254697,3.3201458245171938,3105.0672187415403,351.9245764765763,48.474622304488726,0
21.031271679885293,22.3748682759842,13.105641975610668,7.532605251740691,13.204724386988325,10.43977091892861,2.4705413595331986,2989.891309332573,335.256106444738,50.35888913118847,0
21.466458958406083,23.21266024464539,14.400782890088003,7.3956303408159165,13.239884570855216,8.627708156226838,0.9439937819061583,3118.6446821567924,337.2926278401997,53.110324524951,0
22.89450133159162,24.59388577717382,14.037663378533832,6.337303871178522,11.860264911627956,7.152893183016929,0.3037820644712874,3009.6361108090373,318.9869404118267,48.894336041917896,0
22.066840601017105,23.92334345705209,13.043391777758387,5.322875529378984,11.048484843779796,6.5710905949757334,1.4848548406600912,2787.4113739613676,313.75817580479344,40.762999695722115,0
24.503885405221688,26.596437506251686,13.974292030177553,7.382205870267635,12.726246088496012,6.880966558387188,0.886665458017847,3051.2077502312054,313.64460874279837,47.19687557812399,0
21.01307150921532,21.987710248223536,14.086708640991914,7.539060613049742,11.6436268220999,7.870900034920108,2.0740733553547637,3329.3712257201105,340.6572531155569,46.472881429987744,0
24.018849409037642,26.099129653885875,14.929929602256305,7.132667267254437,13.910798967380726,9.195678110470302,0.6569694858987227,3348.8738251804934,326.17217253830665,47.55931137970787,0
21.716851224837132,23.82726239037452,14.445702894640414,7.541871955101853,13.014400933474018,6.306613581101037,2.516644427430802,3057.7346522883568,296.1757791623149,49.75561383240203,0
21.94876692055171,23.440768494072724,14.323166029170359,5.767348612479695,10.889918014367328,6.533410949306597,0.6427599429479522,2896.5719502566876,293.3875894706762,43.82038913245403,0
26.78839747969861,29.92692533837626,18.339673281727443,11.118958409177221,14.179122677418377,15.157771653013956,5.6813728846891305,1909.4967405934913,508.19350351328217,67.62375083836022,1
24.388784115948038,26.26457604443647,14.00961338298345,6.5911084937431905,12.82388087083558,6.415358009691768,2.9631961595029646,3263.2318010532813,290.69567382433905,48.95691381681063,0
22.858503490038824,24.505376614193636,16.24284973919333,7.542738684636275,13.90619571432623,9.043510666370315,3.011327436066839,3076.27983545517,329.4091759299777,50.08459899583375,0
23.366006476851883,24.270713983521894,13.705128387524772,6.412518587968007,12.362820836891443,6.110280514750838,0.9496593852075264,2887.854577725059,323.41831639678776,39.4884730432753,0
24.990480958374526,26.46875465451053,13.676150521166523,6.771364794588949,13.219626583563702,5.942763198978463,4.199997105261859,3321.723702790491,325.69868155156524,45.87364727401899,0
22.434127199260455,24.23925865667793,15.218687654677588,6.599395396727661,12.759880262067878,8.399519385962694,0.5269223265888472,2829.4816811293936,370.7738404337287,51.885473637211724,0
21.84674073056978,23.38699151524121,13.77952771797115,6.4727332145008445,12.602897286097345,7.336813734531023,0.14720459974168207,3460.276954131141,306.4256073306997,48.55089045565801,0
22.11020233978965,23.518313849902928,15.120092097271268,6.150948048156421,12.006494628417268,7.387533148766606,1.2798606495058718,3639.5680394688197,321.4619267117035,43.15622732201985,0
20.81687367384037,22.527883715129065,15.218935328271339,7.619628258370875,12.711051930872745,8.62816793875296,1.353322981983203,3388.4780162980333,348.7051196164123,54.31814955289452,0
23.328172790053333,24.770034261108123,13.704457182560166,6.897538462711301,13.060920143934176,6.9506715759036,0.6302080323076079,3076.836286696649,321.3093209931249,50.0041066838973,0
21.548975113880758,24.048808675562924,15.151184688158192,6.481888143674035,12.211901602172638,6.962586169020231,1.307949510846206,3554.165327074489,297.9711734413435,44.69251179396906,0
23.39191691282726,25.16624164198386,14.444293237359913,6.922478546586002,13.825560147023964,5.769504748185895,2.973461235192098,2986.422587396409,323.924215676219,52.565316715067844,0
22.55770193599366,24.89429230220601,14.690843963018992,7.112451797327021,13.35716967146498,7.633389629392509,0.5203038553658933,3307.337678415318,319.1259825961655,48.188791511213104,0
27.17623499149914,30.685573350858455,19.801679078657077,8.520221690767201,11.749696458518846,16.025036784705712,5.616419182158221,1598.815589859394,568.7992964780977,78.99588564194943,1
21.848791440319175,23.499721206738386,15.073072064432328,6.915865471015196,11.604816051717986,7.588343173256502,0.47376090091267725,3475.5488296928,306.3867970766326,48.257970852477925,0
21.777345527565863,23.179286134824512,14.894307177481496,7.342250265145463,13.312707443701857,6.484126979424694,1.3518593565343258,2924.1768142938436,245.86973675286646,40.08686835900246,0
22.197175797448455,24.32149525568514,13.830327893107969,6.971579277098708,12.687776335808786,7.541075706262665,1.0727639583177753,3111.9456702756356,349.04771549070114,47.01027267687933,0
21.750217706765184,23.806409624845514,15.327104843939367,7.225795522946599,13.295688916554504,7.080521679567823,1.024608649571533,2911.5851621433576,344.90081258268816,45.63108556445838,0
25.006049645736873,26.89269963589872,14.632322928239763,6.471482381491338,11.401086176132598,7.0351341631256155,2.557765969494949,3330.1941111835017,340.16188887505666,51.329248242541425,0
22.424785083272194,23.861682611213425,12.400146354900711,7.283897234501713,12.399985335027775,6.56026116045006,0.19623031136736135,3046.452395468627,333.52070525961227,52.8181716272156,0
21.912672668978132,22.92584478754327,15.321515694606331,6.520602090557521,12.71323920011228,6.835350672870534,1.8571309282053325,3502.580962485388,312.8142447943448,37.7625242882517,0
24.674938269596314,26.582961212952885,13.597549956153845,6.547255122277744,11.918838348000689,6.0088754182448225,1.4670940843623343,2680.710085174793,293.2010090788481,56.154560454410685,0
22.534493787521782,24.99428614525135,15.186319060233075,7.176708736710546,13.128943257467267,4.704014999752358,1.1126421147832577,3431.7499071835423,296.14050691743427,50.070168669409256,0
24.42881469122399,26.376839137331572,15.65552975604407,6.098220685218169,11.587294631471009,6.966008091375989,1.046595368324868,2742.7263965196958,317.87731691161616,43.38864260704412,0
22.460766302287087,24.17354794413014,14.560555952004075,6.593052528862572,12.153806388705334,6.415008217475086,0.8831143924371159,3108.034176575879,306.1642188506195,49.38970152315488,0
22.88780125702174,23.880406111266282,14.58233391241859,6.940596008955137,13.67790041654995,7.497092852482541,2.4632632506273913,3323.1208711861555,339.2695786995314,42.956683661207045,0
23.323512228449417,25.031755930822207,13.790136432915382,6.366038768624423,11.344676334997185,7.116094033086459,3.265716167620861,2743.201015632185,311.2098142929533,46.292036804529715,0
25.91533802820072,29.043945965379727,18.074827423171033,9.199473995609813,11.27927868069599,16.128002640658078,5.284118962917184,2144.223141560321,537.3847546813959,80.4648500655763,1
22.567979909876527,24.569077832872853,14.15290122961665,7.455302956406731,14.557206030950157,7.885046037750305,1.2207161811852263,3131.501881709239,299.82279850656045,61.379279409384324,0
24.471207543907155,25.632058690109222,14.293563587511072,7.131798934280381,11.708674369614771,4.858485963029628,1.8933525244444458,3242.006400439883,354.3572728393344,49.24327132675359,0
21.597636801913417,23.40901983438668,14.38043544546801,7.247898109117964,13.147965806890483,7.226927636837102,5.734449375300871,3018.890059974181,306.1496116688325,42.490867405429405,0
21.773142092395993,23.083984084573768,16.178577179637397,7.744639397751998,13.715955595838778,6.802804120274444,3.707347674401519,3622.61316739646,370.198902396558,55.3762065348066,0
22.962380855674603,24.18252276779519,14.626471380258547,7.4996139750355795,13.160592007155634,8.134609260977317,2.2841222277468676,3101.4604758684814,343.56909312880776,48.383688703062546,0
22.4802925247127,24.373902306453957,13.879300141466812,7.759303166938103,13.529649802179932,7.529119742697786,0.6891837480393941,3398.2404013613686,275.3258108612257,47.93603077823854,0
26.0226061009296,29.45887839494869,19.988944225414304,10.195469717733424,14.190270270372643,13.737316480985378,8.311746797006906,1585.1603376344933,519.2231257794494,79.00419787712543,1
23.156080281841653,25.354527567806105,14.102116502868725,7.196355508866832,13.36593340789202,5.415447325376858,2.733132659381323,3356.2348725789698,300.8082461423798,45.23237637081681,0
23.475030986873037,25.547117429053216,14.035986933877052,6.44000523338903,12.322839991048024,8.598133109374254,1.795545333773564,3352.5333862719835,335.9482990013822,50.9080760739721,0
21.656188289848934,23.352646529701,15.278897799542278,7.182106601669427,12.844135799396684,7.997960709873543,1.928237405928574,3328.71529498379,300.7667211412399,52.53649992814876,0
20.987802281792902,22.949487427903836,14.275598357270706,6.4719513819971795,11.669625485147169,5.331704374759724,0.881510440668089,3180.7515839654156,294.2296180637483,48.188327708625685,0
23.36274397279808,25.163017100381072,15.955118825760259,7.15736586375885,12.790468246481728,7.951756140916034,1.133768705076348,2722.2585161019488,288.4838971002836,54.69504939260919,0
22.47255832524134,23.981173676569203,14.28165334381959,6.702282576738618,11.877015655105719,6.501164093416169,2.421067178395946,3305.769990081088,324.0658617475044,49.885931529760384,0
25.82187283947584,28.959830995692215,19.709809279891882,9.762011424548213,12.856475265971543,12.732162159142627,4.557874144292579,1979.4434131562416,513.1540084631242,67.15832505754875,1
23.032583313775476,25.03245735789665,14.696866892253126,6.4909197756581865,11.2015809214518,6.694434171366772,3.6530124271762086,3104.014094484135,301.99077862758367,50.21592088108386,0
21.33406315378722,23.536916488376484,14.293459889574853,6.382437748013882,12.600701019395956,7.018033542599918,2.485159901589168,2920.700583564889,306.671568306506,46.44470821699754,0
21.067289992321133,22.787148961203467,14.445242805866867,6.499830670496756,11.99027974344929,7.913401422396298,1.6024495523625018,3540.0737482374775,305.6825962235422,42.471451688103464,0
22.533817388842955,24.46300719029002,15.278980984681894,6.842797351972263,12.780543748143312,7.95019262917956,1.52747128912256,2831.679956776577,303.9975087070773,46.143853527744916,0
22.905123194490244,24.675544168246887,14.76148432048835,6.60725337954382,10.910471047762403,7.673157271746908,1.1813991083890645,2964.0995710201673,344.0015218675381,40.52496553201113,0
21.72086694592079,23.79902793574091,15.108404895667315,7.596482048013691,12.69950579180465,8.918491621720577,1.3505731829928305,3640.1570086561233,297.5156699664526,43.77116917943189,0
21.544768971835815,23.21664985002116,14.11875695885318,6.8843256838050975,13.01499114623414,6.502996147498365,0.3152444713973037,2844.1658012796534,361.56031494555646,48.59428136992734,0
22.824548190935808,24.29717672455901,14.085397888911038,6.310349884858682,13.064457977420755,8.30925756693729,0.5329835963159638,3033.7583721700007,346.07606317090955,58.073646515034426,0
22.149826477301346,23.552281407367406,14.453023658316297,7.111472015206654,12.713227595214317,7.440425777761088,3.2565273037500577,2783.8027496418094,325.21143042630916,49.49061822481474,0
21.85684386586314,24.04096578437573,15.437448114619077,6.719962756695847,11.982114110464423,8.09620379378385,0.7390361198960624,3235.9343594552142,296.12589910892495,51.14463701351377,0
21.515181217977947,23.76025656797392,14.675441869760348,7.633628420874767,13.096544894589043,9.795575685010114,2.2815352572992222,3300.7925416585977,312.77496953496956,48.03620038957903,0
24.062089547278557,25.58381159639973,14.414422824113215,6.910315402153581,11.744064664754909,6.83840270573708,0.3494045676290727,3412.0793049261515,284.50356163537566,57.03605510739198,0
26.14303668019102,29.580789028685885,18.19018552585637,9.071777984344527,11.098240125911936,13.26927755244537,5.172305843349967,1719.5784851012188,566.3416710160457,76.94745329595038,1
22.756775892881066,24.177436691191385,13.419555228525613,6.858562108074925,11.998682249463052,5.539007512362872,0.682081211302979,3461.9622642224376,334.2325416972345,51.272703231997696,0
20.717327552355634,22.93267909276336,14.903430282707419,5.918381650548257,11.762490231632126,7.974361144473657,0.2995931547215176,3052.4095770486674,356.1783699611211,41.28108176627303,0
22.686228820630774,24.46322171942859,14.768774538752462,6.237401086131138,11.458882979721093,6.71762304383452,0.8623094506156023,3418.542467974125,328.46435475204123,52.87361470537631,0
22.75159129832955,24.66222390056597,15.58224042791738,7.123452261628283,12.391777711101174,6.554331915377491,0.5838260584548064,3721.257419065173,323.33238876285935,54.28345935162619,0
21.018781353744092,23.490251223093118,15.235897212763543,7.756344067178397,13.248565843543087,6.070618459036208,0.32902319450289363,2913.0843430130626,340.8282582099586,54.81342458526285,0
21.41482004987471,23.02069771572756,14.385392867708646,7.454932584716767,13.418989874840612,6.154884973939786,0.9198511851927113,3163.6928385402703,300.1936476806311,51.26224277476832,0
27.426491966117123,30.296582170869943,17.961036090763688,10.42038125816164,13.362067161229737,12.642303315669965,4.86172151826263,1851.2541859097378,467.8039795946818,67.36011790085011,1
22.196918218328207,24.344580644083916,15.074733938777312,6.794242455961677,12.668056039841295,7.547901158285685,1.4234282398944602,3508.2597833627365,331.9575098063672,49.58044550607998,0
22.646411777574432,24.20297588827855,12.840287969962905,7.131823173516421,12.249762609013665,8.09979130918307,0.20534242467477762,3271.2099238388623,268.1101233780541,52.37020978280829,0
21.686741556297473,23.72838991213288,12.494742743570626,6.787856752164987,12.228359732776791,9.622467600710205,0.8351491396075268,3157.526699583101,355.1774822290278,42.511860669652464,0
22.82589460463445,24.654709349147947,14.944817677473832,6.1461117174261695,12.497519534804974,8.933292495411141,0.5882124934759451,3413.579334793446,283.3664904138758,50.879986260636976,0
22.755835953885228,23.729802735382698,12.329909948951649,6.3813096051587666,12.182954852661975,9.953561585576438,2.933840309705319,2951.641600216721,322.9765519560769,54.05025698362508,0
23.791208566318318,26.248559828640133,14.260943928776637,7.138178523837454,12.911068548761607,4.717602384181639,1.6803878299553259,3232.6859647545625,351.5797280754508,45.90697047796055,0
23.34037185529079,24.697854450326137,13.595857016412253,7.771764440561098,13.170297269916844,7.4666951986994015,0.3749356014580798,3092.264049878693,291.01794001922894,48.72945644200821,0
24.55405017617081,26.87884367160039,14.368606411974374,7.1223449016421165,13.268322426158452,6.984702523007729,0.3652273174982721,3233.726779084532,322.2077253321089,39.950353677657134,0
24.722733821410724,26.83898406107583,12.715625584700433,7.028606531846257,12.26495623251446,7.8309147205651675,4.31354226929693,2918.123938228376,291.53548165664046,47.28942106658559,0
28.1150243267507,31.502306978593733,18.699569944535817,10.023271647577051,12.989047731597854,15.187701700968894,5.897477801436104,1322.5095886799354,478.438466039115,83.16396678916037,1
21.71807958287302,23.448337879711886,15.17021137723727,6.854541485174916,11.746675435550209,7.041600024528173,2.052033317569705,3117.8583709367604,369.6850220631791,45.382921875048226,0
27.925343760477357,31.084542369448283,19.275550813974874,8.966704182296105,12.355111960421409,14.86253299315874,5.760573982178544,1210.9962892756214,451.5362536511674,81.09685597326296,1
23.767268170879262,25.307337416680287,12.914428411409029,6.753048215643476,12.597905850785443,8.330307985042673,1.0943938904008181,3218.7129530539046,312.27349353557577,46.505485589878475,0
22.71172986633267,24.63827319494713,13.862309147020015,7.078704278425593,11.941007183800739,8.761828936110359,2.85494886917052,2930.4089590512835,318.33072955723134,49.554997316957646,0
22.35390298994006,24.090641452191132,13.785187925984577,6.720125751004207,12.869367533295168,7.1351810100246436,0.8696493126010412,3386.7966475312733,289.55491736693534,57.75039411980546,0
26.79341880634818,30.451378922411646,17.59310080662052,10.907061872082345,12.931103052436844,12.398599469684799,4.531842271862366,1210.2551493781637,524.4220338820719,76.98828414273092,1
28.27227038979081,31.895072854100665,20.663034790129828,9.149108553203664,12.750767068870339,14.163959261229149,6.9478365719633555,1438.7450103379163,568.0957563839772,78.733988720076,1
20.255049694768974,21.848477837213945,14.264435393929572,7.342611131830815,13.527731456841675,7.826864013577476,1.4025041954099078,3244.324303286827,291.6152169031692,39.94986188627559,0
26.47967345450193,29.933539745951986,19.100112596437665,10.307388426913988,13.387337173222868,13.231298853219855,6.206596882284214,1790.603489523981,538.1370533349773,79.41428475298694,1
25.20292296641317,26.151429328647243,15.33909131350029,7.958818394336939,12.938059618572947,7.978570775570519,0.17204831827692313,3319.0027000164064,326.66115189046604,50.11716063573703,0
23.0089991356823,25.097590865185236,13.556713428509722,6.996987612932201,13.262054373965936,7.433998733310964,2.3042628337413844,3276.9903880200736,294.91319778392347,43.29138878321843,0
23.92736458670957,25.181034924543393,13.655488408161123,8.155165822167447,13.942403101203489,7.152858127573628,1.5227743412971741,3172.8539595549023,358.84379714324086,47.45035377317129,0
20.72569650506419,22.500990825120137,14.811683619273591,6.592684745592985,11.95282243872715,8.537607192802625,1.0271796645544484,3292.2287822072985,336.0572998400825,43.174727784647914,0
20.505009614357192,22.051857504403277,14.61172295165228,6.609431151663291,12.204826713452588,7.5205119018624424,0.4243133727700501,3328.66005999529,320.44053277442134,49.50190025109763,0
21.4605901821426,24.38645195993162,15.01384098800894,7.904802788021189,13.70589912794226,5.912578042085226,0.797416591220228,3246.5631149753167,307.517735229861,54.097106036026354,0
23.05460719929833,25.182577300352424,13.557790833606914,6.588049463833702,12.65531404862037,6.354919147569053,0.44905833461957584,3895.8087855618323,316.0873837849786,51.87810615851521,0
23.01830705360873,24.79305784836423,15.103967012913571,6.695312193344043,12.02217984481442,7.700693236855707,2.131968370663388,3500.9897412525584,312.2290212931251,48.58262004222844,0
23.52026609053619,25.541889198982553,15.379186685953572,6.3620925876768535,12.989719434442616,7.998639599152267,1.4180897003067012,3405.403938059291,316.41325674239005,52.65153091124801,0
21.97232273007099,24.302641389087864,13.637189806908323,6.848717055148652,12.830152971012982,5.823649293084557,1.640865978516924,3457.853976608502,307.2076532022072,39.422192929406606,0
23.335447637776102,24.91979855651651,14.350656830149244,6.064436797313241,12.108512195776388,8.284543221646194,0.7853103105180996,3269.730774291861,323.6912960134363,42.564110927249835,0
27.16202956318244,29.900142756648524,20.3355362346366,11.401263729334342,14.835298532063874,13.960967915591505,6.314101368193202,1729.1186810529796,465.5705106049812,66.16631328685003,1
20.771938940886848,23.208171769933987,14.875182462518774,6.946676018161492,12.178253121231844,8.096152881023476,1.5165329400139917,3077.0301362963833,302.1273538237605,48.64919946693913,0
24.194664666498515,25.7107490696051,15.47478417189735,6.794823855046132,12.069851397060619,6.978857350946702,3.366379608596745,3271.775159350315,352.26277494069984,39.70659656897354,0
25.728458680132807,29.29690026148254,20.18235012528895,10.678529876716757,14.605996969973344,14.145017232718239,6.764590365363057,1426.483649483897,515.5341606009481,75.53010650764293,1
22.349055695880423,24.12425409213401,14.14779263649088,6.774599605690233,12.007145871149712,6.510269362986566,0.7360653942070792,3281.954678953996,318.21214976817544,56.59389842573395,0
27.966827674570297,31.69764229173526,20.537976979428635,11.06357693279979,14.902128448302193,12.354651521465527,6.923379043583523,1446.2983670855235,554.4756680500025,66.94219709804334,1
21.41312123896486,23.24756558626845,13.416996260232192,7.063490695681876,11.314392774982082,9.529503003309422,5.1693651876413,3471.72890444725,313.6390818078584,52.049043998247974,0
22.883009412503018,25.452387730433,14.481559555131627,6.505373134602466,12.344600815676671,6.125931906295242,0.6625066664615971,3257.212302023977,350.9079544926601,52.775424622869366,0
21.719996903011847,23.83343276893129,16.003899639536808,6.365616227713545,12.777271646082403,7.906506082338135,1.730933673179491,3134.459019968715,279.43233573140327,47.351849436491484,0
20.44779792881205,22.545800053962964,14.151075646794013,6.741166348903573,13.530648619004928,6.096367985926953,2.5566359240082024,3419.553499538749,308.5941498847876,45.475110040495956,0
23.772251888998657,24.947038166370156,14.608152272789908,6.24383626516471,12.831049236527157,9.476942512976647,3.828631512042754,3337.6698306562594,339.8757948446259,41.729269847133516,0
24.43466475390651,25.840667503579706,14.118758861424606,6.271081690694882,12.700963078761774,7.387487298593499,0.5785152422650189,3266.2767736280607,367.87261262446015,51.68880159967655,0
21.45944374114692,23.343711127228165,15.276140066054287,7.080736314913066,13.09640177673801,8.937787653141704,0.4581223181776218,3289.0081167817852,305.9298917175527,43.830817068729026,0
22.03853334692421,23.97546848072006,15.483992294750946,6.4944114239903366,11.967064838086378,7.405708493622193,1.1509984968915385,3624.614675593891,338.667121402367,53.13686335093711,0
22.740683036677133,24.480554852568385,13.701247317698625,5.17924308733544,12.18870822215046,7.582904820966079,0.7531894758590709,2937.521613657618,342.4430392114856,53.166506181278244,0
22.299453943456307,24.268072376870933,14.647447251262482,6.636693109669394,11.342544595689965,6.345451691516469,0.2844568464297813,2514.627642630656,298.28307711297566,56.874918181059115,0
22.28352998188511,23.816790495104485,14.284038482539868,7.391774551290802,12.748157058643173,6.8855405195229675,0.8752392733333256,3232.4797261028198,321.4615114208506,48.96800471279729,0
22.79035472587924,24.943287950808603,13.653247493086678,6.1869103210936585,11.837829596110321,7.053009497300552,0.3524896137614796,3267.445982349984,338.18868434476553,52.02373752657752,0
23.26053225711852,25.230869720570453,13.748025736679947,6.552904988466543,12.969509011328407,8.237512633825574,0.7594621842031577,3473.131353669605,318.14126212980193,54.954014280614246,0
24.273036097266314,26.088814916562608,13.77889945608226,7.007392231039621,13.035718697493703,7.8073370432028275,0.8748468882312279,3407.185113421394,323.93793743332,48.83613311653414,0
21.73471201889842,23.704907992194514,15.155498614511526,7.418590400144504,13.207573523077702,4.688437501923456,4.183025831031833,2892.03282796673,316.59660377832563,52.11123749379177,0
22.135528765468003,23.49887869660436,14.004701641400054,6.731129469806036,12.099232535612362,9.583655193971662,0.9391799057695235,3373.3794160563516,316.6959561911169,55.94695689306465,0
22.344215160319887,24.56979155534423,14.421979693003502,7.382797447572064,13.869429624753309,8.668623934584508,3.638790306929137,2858.4383426507225,308.01667390087795,38.73121792319641,0
21.808187519127937,22.872156421325634,14.343371783225136,7.476019682987163,13.122266849816057,8.216793104828607,2.8665762341605427,3052.4858316179857,342.71477737968877,55.90948226385968,0
27.39538686241432,30.55551220675289,19.257066055669686,10.353184998240987,13.691082749273143,13.341165873586942,7.017402364110181,2004.7054282081353,574.926874657832,83.58864447639291,1
21.04678056028505,22.494854818884228,15.397899374962527,6.849656907475675,12.972678458834963,5.472477450095233,0.27372941462433564,3601.8511374558575,334.90833959663684,53.03456855143524,0
23.803074678997895,25.803170866772522,13.881235324773256,7.186423919271862,12.740304675069664,7.806848255481567,2.748431378699353,3417.9262827653442,268.74652393611615,54.07493727398132,0
22.741391587047406,24.476541996855463,13.261758754952774,6.288122026146074,12.465448373294732,7.045804277192122,0.7453408777860164,3515.237921370232,350.3026678179451,50.30273910182105,0
18.99437941980647,20.629413892519878,14.745111585658732,6.594985294230544,12.92501938972931,8.747488281606262,2.337383463562952,2935.3873776447404,283.1404282670463,52.29516952453352,0
21.823530536635232,23.64550418103517,15.061195825539771,6.149445366804327,12.227249378653626,7.76729158108715,1.0759789653812073,3450.6449535678985,332.4175403060598,45.85266132709856,0
23.79605767885758,26.064744844744045,14.593262809609971,6.560140551616932,12.464289983698718,7.671943524324304,0.7609320006213609,3096.9869325537693,332.6483576455188,58.332946716877714,0
20.915972986535152,22.79260394501279,14.289353754497666,6.697080070039328,12.556918438084118,7.550709747937484,1.9644667765665056,2780.0911255733427,297.6007508190824,39.32539054619494,0
26.13725532607362,30.090093363364634,17.996755917905784,10.125191288001824,13.894593227191237,13.724718780822993,6.388720179223972,1858.1987988093224,476.51919929021,82.63915337055465,1
23.11047002787592,24.658516206930397,14.603349978665369,5.947020452554632,11.4815045958543,6.8468126275948284,2.0227267381025786,3188.1006887203735,284.2203308538278,50.030593320709016,0
20.899169406098153,22.378039628517815,14.296838634882212,6.403270135058264,12.118140564632675,8.380429829479313,2.9215328827017766,3531.315900781847,305.9621994638877,57.7239867319213,0
23.54926701685527,25.91906534535405,15.296778943077157,7.6239388028918365,12.434675843359479,6.006344302521434,1.1446068839961918,3135.0631541504226,335.52188539766865,53.695593263866,0
20.57080676745833,21.42214302311477,14.013204877015038,6.628332412073775,12.679822438318306,6.979720790505947,0.8723180607264234,3159.638216707533,345.85566685011906,44.285164006772746,0
23.221448098714937,24.416694730889652,12.87785818266332,6.8512707199087615,12.013996602082331,6.791829568209063,0.055810397880274365,3213.583914866348,295.2604899067714,43.343900057464346,0
22.522619547533818,24.643470930981067,13.994678780389085,6.533497959086833,13.219811446139428,5.98984334210186,1.5358584616208755,2908.150754983097,327.21524128246233,56.0841839571222,0
21.930065626606854,23.84775527821225,13.385811622266402,6.8460275686559955,13.212996137131686,7.435909594214307,0.9013508138408632,2957.64188917792,313.3265078215093,46.880428990775435,0
22.552322935646945,24.19344480918855,13.792800914602847,6.606988601064651,11.098122533631528,8.627734212888646,2.149873910668879,3481.6294734214257,309.11477573454783,43.43751824187491,0
28.17107251036473,30.703433174974204,18.472941299758663,10.387403818992912,12.780496347429064,15.004590085964306,7.7414514901897995,1236.061892279167,475.26233476289246,66.47105207729608,1
21.311356409843174,22.674676059387448,13.389705159635358,6.3962043299508515,11.18543008833179,6.079920708440499,0.7872421965213701,3540.8864866599033,337.07656453770664,47.30029042640329,0
22.678400948642533,25.316738349366197,14.040733938330185,6.705153253273796,11.67375557151188,4.608489182574445,1.3607239491160783,2931.035359540533,338.27777099223687,47.9170297717392,0
24.49376419887362,26.31276158617428,15.42546702482959,7.07029477090612,13.285947235482123,7.47743430369915,2.9977665847280344,3198.190671637616,303.1030408911922,52.07835987048288,0
22.36255218569686,24.642583768267606,12.85971403417264,6.797446683986387,10.90497262876271,7.158051974292896,1.2853196246537821,2996.960717366483,350.7116622605886,52.790620065416974,0
23.20598064778149,24.987816160608595,13.739949202027098,7.702787216343408,14.498043860841879,5.697624479143961,3.01297969239333,3846.8178639613275,346.85683243550307,59.362243304043616,0
24.35053194308145,26.49941074311064,14.860770107821182,6.820947960577138,12.48281851004452,7.317155941561105,0.9580372782793536,3108.0661041810085,366.046950052281,42.29321172494261,0
22.617211318258597,24.760591764921262,15.32353048076426,6.7707849405012555,12.534365049092903,5.7813562922428385,0.5863767888116368,3298.2268397535977,307.6129079725173,53.124602320511784,0
22.517625833675037,24.64568910837723,13.771483930254009,6.402553176499155,12.566394465547418,7.370770657264107,0.39672380475598146,2735.468746566602,322.21258684544705,46.57659553743673,0
22.60337265965565,24.924683874582076,14.184810655005503,7.273288501786693,13.220734282311994,7.755927912905351,1.3533233383871872,3442.186155291813,326.50136288651953,47.92225864278678,0
27.015673650968985,30.63082778863543,17.961668876394057,10.695097569864163,13.331645620736863,15.301053851929222,7.154058971173341,2089.3560065283345,532.7770012156276,81.2913413066853,1
21.914506310225157,24.24704193502052,13.952406615509762,6.547935663174168,12.282332644514796,9.811912911612392,0.07305872819498509,3320.373830141781,305.79845964076,52.49284845502113,0
23.18471840231179,25.57738376329683,15.631349830664872,6.777696733908499,11.4088468165337,6.192804474005694,4.508521968377464,3371.5721354329535,274.08777903573935,51.871565447732486,0
28.04981793226724,31.01477918956449,18.55081322282281,10.562670223206409,14.17296496941524,13.927478139302885,4.710273835158198,1805.3350704632533,550.1538182927632,82.70491486021125,1
27.840618774218864,30.801659646162715,18.74574348367288,9.911669923055276,12.195380974935581,15.873464571276354,5.330379915345836,1243.7650822581945,541.36331856824,78.08128856844961,1
21.966848087908666,23.622996218927682,15.146428951521656,7.687745424620024,12.96794919296445,6.550763926579462,1.0656248767703207,3271.3204877918733,292.3843756476502,47.57711728247469,0
22.604456481885805,24.676205795068405,14.131064214372305,6.815238206960315,12.24970077409621,6.591783582140143,0.8899510009918026,3582.2752516683117,298.0466231731839,42.46343209259069,0
20.750938200642082,21.718098719366488,13.900960163183957,6.0708934430906245,10.910527430066985,8.240535056703381,1.1003153213688044,3071.091491479918,331.96024208359444,48.04554289894798,0
21.57603212272963,23.054045530388606,15.75454594362186,6.83485213471464,12.560663772859332,6.4705986087920735,1.0770310622762138,2993.7470253984534,330.4099064685974,46.97161393621411,0
27.815341056854887,30.3401450241447,18.521527441899046,9.804753640375584,13.223288049817853,12.875019135255751,6.577692871581762,1669.4218020554783,568.9449666613984,76.4715514809489,1
23.552834748690806,25.71031382444645,13.2899768277609,7.20899077222693,13.814863749375728,8.178189767234874,3.6703579529848818,3104.0617547717475,321.6544707966276,59.95073886909138,0
22.21581767191199,24.152053358472187,12.229994846882096,6.059427137689142,11.218581209605517,7.0601255434376275,1.5133574351950934,3365.1222455864245,320.41102321548453,44.30034364032052,0
21.603345985022614,23.398909183443173,16.18423794356665,7.238913015619563,12.40042514025431,6.943615088744096,1.7644704738429167,3481.820280858017,354.70220591600753,56.88788667922709,0
21.51309608114136,23.323180428157393,15.1273171330828,6.926097427117143,12.297355054753417,5.724756964078718,2.16192186654199,3000.2752754767175,298.4744223377935,53.35925153587597,0
24.161127382212623,25.750775511854542,15.370168340926293,8.099411450037291,13.40743273712373,6.440612947261082,0.13500583510753958,2912.9481770070724,314.17612466378665,53.59456918601674,0
22.18241180011445,23.81702573566514,14.046884327028222,7.212051448427853,13.187402204632853,6.802111313401009,3.136469381645867,3105.253981485452,304.4558578102792,48.323214647270035,0
21.005113465545616,22.54510389178286,12.762742876191641,6.496369292956958,11.008393209746663,6.5223697019102485,1.5162752524715146,2655.6909827758163,299.75888850740887,44.771413630188356,0
25.643938983634964,28.538852722159817,20.274579479942325,11.267938724148753,14.680272810599124,14.787954030547011,6.928241071693417,2157.314437407936,452.4453316111113,79.63963218547215,1
24.454075947754244,26.371162140610984,14.685285979334473,6.619138081953307,13.410543928562209,6.767918881430744,3.6259408561515722,3036.9003848843804,299.2724986970973,44.33510952654366,0
21.61849010784234,22.588254904210928,14.691886196679437,7.178516032526988,12.675429754245384,5.828967151606921,0.23567474564611574,3076.272031675038,317.30041333136825,52.598666529975006,0
22.531309260253,24.255108017853875,14.174031914166719,6.345159780343762,11.603833595225339,7.072322108867469,3.216299366466735,3176.594670232347,364.3559904510045,48.11469591408978,0
23.24588626782726,24.438321937791233,14.52540756526516,6.830392686250652,13.437300639525574,5.895562437837244,1.0391923115831267,3367.718048625483,339.3992040224101,51.8330612214701,0
21.81167787252372,23.353449043709563,15.156238699607172,6.481558805530521,11.43936647633942,7.730984036611752,1.10339947980366,3088.0462490320583,318.20323035473064,50.324119493777204,0
22.749225224595733,24.790072552752726,14.466965850394173,6.839003709239429,12.251932365285814,8.855715598766944,1.5674017578271546,3467.7143994781204,296.01698086952575,53.37202400528474,0
23.915328144865544,26.054700497747657,14.379906438996954,6.484577224604571,11.479517412285883,6.282227994759071,1.6962876024896367,3232.6355731070894,323.76710572129787,47.450427490808636,0
22.188490378363674,24.579264148810985,14.363691387689443,6.373088456247811,11.389791125481816,8.86047639196874,0.8192755326367891,2853.9054639465776,309.49402312837555,46.49136326702057,0
23.229475811659846,24.95176815886844,13.291967030411797,7.691452800032572,13.446785309460195,8.051264890787104,0.48125841857079465,3438.6667040073467,329.8867360011396,51.00746161566637,0
23.986735623527323,25.95461786687023,15.700674424224303,7.280466089304131,13.049000765264832,7.1599079477161585,1.7224358321840059,3100.415344327812,297.35761022489226,47.136958621974465,0
22.906180612154028,24.55997823735992,14.772972673993626,6.857470885879565,11.864147477298214,7.376754047938219,2.0419921282717817,3564.74495420796,306.1594171468589,46.45482944235649,0
23.135631305228078,23.938322977096046,15.877724078246557,7.385550985834779,12.695160382074448,8.10569251242489,1.3640987725568232,3097.745538046265,311.6644072929397,54.14909883745844,0
21.91487253111301,23.79288252472426,14.343441175082479,7.383870962763889,13.380076795501498,7.664891478911823,0.9670408759865392,3513.265931732228,363.52145192536085,50.550537928781644,0
22.034187817750524,23.81457608141531,13.997485008664658,7.547729122621479,13.758503354079094,7.738157414905039,0.3452942495154079,2806.747864337625,349.04752824891267,53.798854295629226,0
25.954409670781075,28.592737384299358,18.443226041318674,9.562540200394283,12.499985898276748,15.817720367948954,7.862861834833774,1945.6486835123112,536.3919763143329,79.27391318646193,1
23.546948793936174,24.496057825795575,14.842251516122323,6.780036768313318,11.680915568334145,8.0697395505598,0.37519739313649114,3418.292323095397,290.4242333670537,47.15953224204487,0
26.862896366762918,29.438164532137463,20.484723630999326,11.113805568461267,13.620103734626074,15.978742967310556,5.137776624829837,1417.7387196844113,495.6167498582047,69.15157461708746,1
20.803542603714025,22.068852428163652,13.350996908057505,6.291207611393312,11.859723297755483,7.360836276015315,0.8988925165441812,3561.408761664522,325.9409100752686,51.2291116333765,0
22.275754027006368,24.0382995515107,14.585735932207678,7.326105577978529,13.002861899403277,6.309290985871208,2.60069385308238,2912.6738556524597,261.3756932619699,47.77458357188368,0
23.023588403608837,24.428439067248537,15.024713710230067,7.222227936035833,11.901753119966521,7.740401422798911,2.724455088647284,3314.192694425115,287.26515136416805,50.09747011638428,0
21.829293783274093,22.865551348271175,14.085794042222224,7.307968611781778,12.909278766284,9.883861913684052,1.0966791006172385,3404.37124519258,334.8616620388307,52.73252476804207,0
21.988370884553348,23.629299007107505,14.382127818702795,6.689635621520816,12.802577975102658,7.640405118408817,1.496389879745477,3606.7795130399395,343.7656968281628,57.01181326725113,0
19.84663762919054,21.53268743184267,13.400932140081071,6.97984042384316,11.964406386858396,7.561550584446131,0.5195254327511333,3573.152486866009,301.7867780944629,48.76456751648356,0
20.6149486175178,22.297251615263217,13.851577096142698,7.324101983837638,12.943460870300388,7.1292585048688295,1.423576554182005,3598.213016092997,325.5715999052573,55.782088857487196,0
21.92017624524075,23.207994016839763,15.050346377641143,7.726020022406835,14.625332893730768,8.636140987391576,1.7216504043633678,3403.963377519629,331.9769263874363,43.85340989593748,0
26.502619325493797,30.189663343266055,19.399056258539133,9.0680673656152,12.082002490335293,16.34271554884511,5.111975103913611,1257.2184877053157,450.79246764764304,78.08423078033213,1
27.955941106802385,31.849913996123586,17.834135552779166,10.792315721714818,13.976030069095229,14.44669618512465,6.147297410135776,1889.0075108450792,548.6168892927899,77.84920668936589,1
21.01462140140778,22.50795876629444,13.940403823865886,6.705492851158763,12.486886591367728,6.818575119890933,2.341482991137585,3247.110020105189,296.5738828702059,48.086524294585985,0
21.0245404866571,22.72731600710475,15.55455765378722,6.359019617866413,11.016824129314603,6.408580377228269,0.6158618751096682,2904.6396846056723,317.4784769230244,50.140380905580855,0
22.310390521705212,24.73554602910849,15.084800501428385,6.922557142186308,12.353450232548049,9.868795804225954,1.8895278037042442,3133.040141857922,375.3319479502826,40.60571543128425,0
22.871784852272434,24.640896434183215,13.076480855594223,7.226674488670073,13.189132944483413,7.010111011690674,0.4404996086471902,3225.236742572395,270.81157286577195,49.542898190154396,0
22.401418585928916,23.786001057591328,14.068327023410294,7.227600753874131,12.552990016866683,6.285583314969921,1.275821369123018,3645.9796516518713,343.36870323853367,43.455780789985006,0
24.242961041364893,26.28520353441742,15.556796631632569,6.8735384137229865,12.861584774974173,9.336834896713695,2.2694931561945824,2984.107910072527,314.0869871148566,51.17156994305777,0
20.60257115756144,22.20726162058082,14.449380832082467,6.486453587613852,12.767237407506485,6.772747634912347,2.224458696899657,3267.615877182639,277.7994538850781,51.59750383207759,0
22.25025329957127,24.044718201133573,14.433827980882805,7.305419867510157,13.323762695344344,8.009220658005505,2.256168528319468,3303.070149535875,320.7803647417391,50.44855284559658,0
22.210516730572404,24.347310208753257,14.991016684631926,6.9710530198252085,12.280275881065158,8.601469941867764,2.2736301421135425,2949.7156105287127,367.700271274478,52.49863136492325,0
21.705856242277935,23.33115054738265,12.88612896150207,6.510943270642178,12.575356935084809,7.379792521279225,0.2077094950456612,3138.920740340088,280.06364454177196,48.019326398172176,0
25.843686130188143,29.587669715181928,17.64439306127035,10.14252894343737,12.402128545064048,13.698111380543827,7.151739905864547,1883.3188388805288,554.0063591876951,69.27653227824982,1
27.532623948067233,30.842015928669774,20.61029516833164,9.94745884389156,13.43347766164539,13.7574569236797,7.0887886891764555,1951.1755937060525,512.0359415608905,83.68014282590207,1
21.00266018164218,23.15757651654888,14.373802413414811,7.315329904120779,12.695085116509869,8.702836263726367,0.23711272846894973,2996.4821943769543,320.8400426838389,49.84893636607858,0
23.17294143164188,25.04366978049764,15.24998199400554,6.3465485626389695,12.590596184085236,5.602981780314721,0.7619184963986401,3555.4732721760856,314.64027670058056,52.64130380332219,0
23.11912706124492,25.440530234018823,15.479084734834075,7.161337412444149,13.084264375739503,6.815032911613582,0.8417728028763277,2786.4911249348243,334.98157063502,44.18591498669501,0
23.350804509106215,24.872964361440957,13.757957335350618,7.236393707234805,13.031549406172553,6.110984914706547,1.0546611904400904,3328.5331749982797,331.3975658291912,46.50009549898314,0
23.008318878712153,24.960225933128513,13.14402124918671,6.306476910531842,11.696919779323064,8.139881526254612,1.1296364311056728,2959.8467058967935,319.7802619469306,51.58629290639491,0
23.469669357937374,25.454662807564116,15.698478106790228,6.678294848716046,11.710356137599357,6.863804739735752,0.5682104419177544,3095.544120297655,273.61873651118344,42.68156394916242,0
22.93396323005716,24.53229129765409,14.585955499472714,6.9928749840908475,12.619606283433537,8.82193020811608,3.5883816686905003,2978.4901529035233,299.21303317746276,48.40798212972953,0
22.81507359480231,24.57839118514426,13.941390520998887,6.8341610649699085,13.031082281242671,7.0316078936893796,1.1856536576109966,2978.9909064487797,356.23534422492173,49.070322919310314,0
26.695109942481324,29.545713240194143,20.16749124095664,8.528450065205126,11.776216375453215,14.396385175788883,8.164890368119107,1654.219206784912,570.3707557524217,80.78684903193852,1
25.813233644261825,28.612708661520934,19.506051291011314,10.889389926869347,14.431448288030385,16.20642562720252,5.29572048850013,1263.6713330657885,498.2671296131022,84.43242399375056,1
22.056467596747638,22.80417554201601,14.560538832490709,7.763142927427697,13.31936126829893,8.115301220211341,0.5961583829355015,2717.291599818979,266.88887142266606,53.85697217445158,0
23.601979927202777,25.487009539455663,15.814833207296424,6.853991960362614,12.769554328515405,7.084993472574621,0.828002107972639,2886.3997350681248,342.01177763570985,57.54997162215965,0
24.23251752488791,25.88258870223919,15.429807678004533,6.222918307610229,12.024868134885649,3.906922737073315,0.695966802434898,3066.6136656539866,327.4321773689993,47.51127428859414,0
24.92917154794422,26.858907631950167,15.675827407029997,6.8316160732565505,12.07481228095925,6.63023597086184,0.664036438808083,3462.4858998812533,306.3290688559884,48.92835966927543,0
21.46321107638422,23.272772293698203,13.577206059212173,6.725319252175179,12.549024601368675,6.813173797782364,1.6525158477198834,3020.625349478895,292.1538905649746,58.09053391523844,0
21.71026021310969,23.59407390521481,13.621272625629958,7.081427240228565,12.558602900115192,7.462422738756284,3.426039734208455,3415.412215580788,304.31306289047114,51.380395027740775,0
21.84706319746297,23.66480671646921,15.740996213142184,6.744076447956843,12.299320841751996,8.597930183183102,1.8814401951629045,3343.6732484269,344.04597081068493,49.57378535430271,0
22.299458303619776,24.516148169243316,14.563658827953732,6.541941679064283,12.216285768976924,6.835636760233766,0.8268840823986502,3307.181998323517,377.79023438251585,50.557571121269405,0
25.61756817911141,28.638054880489467,18.046993854783693,10.798563050360212,13.807535428023888,13.724829798679087,5.733133649426046,1498.1914449960948,559.7340672983315,69.91986268331226,1
24.193118855695523,25.889198799388517,14.815098574531795,6.347101393314426,11.518676347047952,5.585290004597319,1.7840829920434034,3323.179836641756,342.84566640363875,42.88419861425717,0
21.067635801892223,23.051744451885146,16.61030540180816,6.357143100100155,11.724594565346813,6.3396026006521025,0.31125535694722434,3517.1951471034604,307.1795297635914,55.68955087402292,0
21.09758635485656,22.65068508023779,14.775243137250774,6.759466447282291,12.054836385792463,7.117470299563519,0.3047204097640265,3414.226317626275,309.5497717841645,47.01367313363247,0
23.764562462441884,25.45590041831146,15.54935475941813,7.6364341009492644,12.070935486372203,7.0668170243703905,0.6274406377534804,3482.541173066529,295.98957698976926,56.69338987116527,0
24.542657933562285,26.56297696247175,14.123837328971751,6.2112917473753555,12.407918985970582,8.7499505630533,4.823751679283229,3684.346060294846,315.12045817713556,47.8711506361232,0
22.89705627865735,24.505998045615748,14.35911005283211,7.801213733822398,12.338075724474532,8.218562742837452,1.627566988969061,3259.949208435497,296.95353300181057,63.30659325878918,0
22.37156356805453,23.734790007896404,15.196597315670722,6.6648166516194145,11.763294498248431,9.30901676546633,0.8637430011112143,3254.9675355934864,303.4252509682238,42.99738804484644,0
20.377108914133057,22.14581665050965,14.92227147993247,6.4919643923318375,11.735265758875805,8.6723714594394,0.35535425539849697,2926.557899943623,300.3889520314688,50.955038171477334,0
20.38951261629226,21.997715429332565,13.659501342537759,6.961252330144952,12.572979837023862,7.820041019697172,1.2618780873057074,3434.7572893747865,333.45087097886153,39.495093947502006,0
25.787536160054497,29.42272317417244,18.131368156403198,11.248251956744125,14.899978827031557,12.863680440995255,7.4505559040780955,1378.663205331204,550.3547102558991,68.23451784950797,1
23.349964616641277,24.179407788427195,13.96827912199835,6.867927950783145,12.732779806718916,4.664657110144082,2.6838814820096077,2814.741732724884,280.644758859947,45.625793613833906,0
23.08544674184529,25.26256214750132,15.892753189277592,7.393856692069227,12.822979358080767,7.847715146696142,0.7334695281612984,3206.9916359946565,317.51179180880615,55.34459207619017,0
22.906195688993296,25.056002518646306,13.541626856626191,6.957222295437426,12.555879425552916,7.056366996975312,1.4672590321808814,2866.9677613422746,352.5968536482845,50.13999772597281,0
22.713241201119903,24.61884923365337,14.674927445405839,7.265832983434048,13.745698418147196,7.112165931163425,2.0488749516025893,2898.978262457201,321.46096737208967,51.61696927532844,0
22.736233483042948,24.81076086582563,14.900114426491108,6.779264111000426,12.734532451171376,6.383074917650384,3.253817893005957,3260.905005372456,322.4359071744665,45.04697831462086,0
22.238782556127337,24.231528980814733,14.01331938825653,5.745080879687179,12.453946342150509,7.061598713296834,4.41764158766838,3253.915696871516,311.5962499320562,57.81122105319146,0
21.6971127136081,23.164330746610318,14.861654270607737,6.3060670449301135,11.859313403523004,7.3905174069796225,0.7723148603528838,3363.660498206126,337.2297399674537,50.07039899232292,0
22.130446164433152,23.542548676579283,14.903416598430708,7.00952536737673,12.635865687250764,6.188112012509231,1.6998436939058508,3649.3862111714966,350.3831492619114,43.5770558429116,0
21.760366310352627,23.84671540822901,13.377707074233717,7.4346278359493105,12.943789340784464,8.062713228590127,0.21632044859453725,3516.2289737430756,311.53142470571476,57.71975302380572,0
21.890231762823227,23.50717846308818,14.317595418552227,6.239432993621039,11.33673915692037,8.529102214717353,3.1255977064199723,3298.0320313719208,275.7306394352236,51.693125788183,0
20.33414147920258,22.135619747941718,14.09901271376783,5.8329561272702115,11.650104689708527,7.569889246304485,2.7519365665735123,2942.00052715869,287.5031398157887,47.345201764228705,0
22.358317767610707,23.842582365322837,15.077957588176783,7.659181997881937,12.665391418183319,7.139388405294447,2.8715094781397905,3137.520378790118,290.9906755583134,44.96484567573737,0
20.817778724649262,23.287575697988277,16.160052031478834,5.553594750302323,11.079259332361202,7.5456941639813015,0.5128757501419698,3764.9005069356194,290.05365636685224,51.78927200552327,0
22.917098046434006,24.802983319702218,14.48858371764049,7.004067956389178,12.869124346178864,8.691717385631359,1.349964602212545,3428.0059177470766,314.67215614768025,49.63797426341051,0
23.752993052482886,25.106118467800083,14.979662032996284,6.643964033973633,11.778600217111071,7.288398558559333,2.8247000925909562,3106.5697823773917,312.77198932082933,49.51017133951622,0
22.769621670902264,24.810859544881797,13.31697830092297,6.070620803734653,11.743507951332088,6.031535650922388,0.5626138972170678,3504.652043583624,335.9730755593638,44.14365894920692,0
22.870599615118756,24.83382075385346,14.69450772411079,6.259796335360749,11.524916379566278,6.984847439465852,0.8294329601972964,3179.5143794020423,298.5716322391365,45.5135340928789,0
21.715480393621416,23.21671107959335,15.087581396000974,6.803780090197066,11.72872229398325,5.852987365752401,2.882509695997058,2967.2105374608495,354.1217343463768,49.142771282716126,0
21.92070777338156,23.36359276718481,14.328679751431048,6.600777362505316,11.94782797564114,8.144210555169341,0.49807610681683356,3583.203283080855,329.41792119673397,53.73087026850024,0
22.928535085814097,24.457509224879836,14.728642629435786,6.934025213794876,12.31127079139264,9.103569747010754,1.3179778031133915,3253.399143641079,333.3533985566496,46.93632912492622,0
23.412497587373156,25.41874882275074,14.054295541942215,6.085547696744136,11.906646248847558,9.660668184767793,1.1807278587659986,3315.2396604643254,359.1912589946876,63.7139830218501,0
23.19851724416234,25.679786288129556,14.629039634130157,6.2098841328998144,12.169334644076708,6.622654593643122,2.8779587487814995,3393.282965950806,331.9452961567346,55.512634782280074,0
24.158590789245032,25.613037605009126,15.558195573508108,6.270394145813549,11.731922454551915,6.773762470403341,1.3823376751723186,3089.7440448690977,326.4615043579767,45.369070617879935,0
23.161782451248563,25.47804023561758,14.850730159597315,6.918021531912185,13.495612642377152,7.32676385366922,2.0943663688318486,3096.3709456330876,306.87683698049,54.628334739539305,0
28.162665902839066,31.480919842419304,17.775081691905985,8.692154670569678,12.612359280370725,14.897655065142146,5.872047065135028,1904.803651234076,477.9796251639891,79.85014913355455,1
21.869093973983087,24.158521526950537,13.717200363306715,6.464139605370961,12.264518695176674,5.637016616254213,0.5065022593395526,3067.7438373403056,305.477070570147,45.201963438940794,0
23.62892542558586,25.20334643036256,13.92082821562577,6.829845940289868,12.194210197234376,9.314447016296398,0.5793007449658444,2761.282287114437,319.2149245768874,49.31387411720732,0
26.075414374903765,29.708928208511914,20.366419962218522,10.882539894635894,13.156273610403481,13.768627162273562,6.860887235228036,1717.912942707882,462.0731368846625,71.37062937259664,1
22.733528946284693,24.568208026050453,13.443605245275975,5.579647992612458,11.426898071535334,7.995377356549136,1.7329843013686448,2848.8086945832497,315.46440347204754,41.509619260402175,0
22.512423143812057,24.486331169634813,14.815663988387376,6.6310611122630965,12.062338955021435,6.7738800804838135,0.7210664901827502,2809.939505611571,276.60922810362456,45.586157608305435,0
22.87709679911433,24.650643753264003,12.940350625796507,7.982703885999987,13.631478741025475,6.377827821425875,0.2678143501704499,3168.98069347424,271.76294343434796,52.75151837004545,0
22.421099686712413,24.05650242888754,13.102483446923555,5.77526275716516,11.607870684584867,6.284371610533613,3.1594489843436317,3310.843995525594,349.8796350600774,50.17330716028593,0
22.653725297892947,24.075426873614234,13.506202773160616,6.2571261446092254,9.50368599363822,7.48890618665886,2.897004284445736,3431.451160399015,337.80958362166143,52.64144166237334,0
22.21160952221024,23.80111037960327,14.486395140412935,7.337610770590958,12.840373509368863,8.425248637780443,0.7557316958528126,2567.9988527448777,309.36879135676236,49.2516231299337,0
19.435294638117654,21.510120956461222,14.192900206935374,7.360483511807189,12.258894352755307,7.428638561951411,2.985990156520148,3176.511908591929,347.6217488674677,44.137941960831284,0
22.455555843541905,24.834478123298627,13.531871245268674,6.335867080672002,11.648254715078352,8.595688421948653,1.3667778339678565,3391.6259417513947,290.4095584200901,48.39149844033201,0
23.20403256177033,25.281175595465303,15.0962885792623,6.755813356236802,11.750949452180546,6.754487821404233,0.5295908798264776,3373.5527607363065,357.80315355941633,58.37987935534002,0
23.1850686128318,25.312579670333744,14.55427081113355,7.02083128209303,12.825883634521153,8.295079360841527,3.269223359422303,2943.00148169564,340.8027554305282,53.93776703402524,0
22.97962554210317,24.455225196651632,15.076797562324508,7.276588127164676,13.849712375835708,6.26068767272721,0.7877219841906811,3225.0121569444364,314.97034574622705,45.192777780128104,0
21.93011561205297,23.963144139576492,14.574818797150888,7.9053448630078815,13.556328640589378,7.34236384449683,1.2243005898571564,2837.867264491575,296.34616047175797,49.35248143186331,0
22.766560525960454,24.76097504172751,15.427871973110676,6.612249979962215,10.53110303826948,5.635735653115276,2.048474609406186,2872.805423878511,363.04231530337853,53.21200211273557,0
21.549096094800046,22.954880254511675,14.207458333975584,8.092987587841948,13.867040327623208,5.427896955326316,1.7076747381458457,3396.5301368995615,346.93541247130435,49.51577169524108,0
23.294556809425256,25.782307971908175,14.038864338932125,6.777863340077675,13.341270114927148,6.829800586669978,0.44988272027083753,3417.5445436866926,298.8182513945093,50.408213672105795,0
24.2878361263225,26.098761478263075,14.204544983873449,6.453097791049089,12.779197448268281,7.673813927380036,1.955131751103277,3036.062184840215,278.34526904933483,50.278948143082765,0
21.60611682623226,23.634588588719943,13.35295534085727,6.972707090821927,13.30639184410197,5.845923653514214,0.6551094196088554,3575.3192208779324,354.60779382576965,49.8008971194245,0
21.48437201401095,23.07305319534576,14.16013492197949,5.875870734960793,12.092501984228512,7.08695579236364,1.74836463872448,3000.4535265257587,346.7720573042867,42.20885075716065,0
23.787008804771762,25.727600764912644,14.714874864835439,6.517370630394798,11.998229118266222,5.505166410853102,1.8475959200297731,3213.664030228175,373.21169421254,49.03170859853105,0
23.700698781651575,25.092820653768033,14.190942019642259,6.249356755080086,11.339017521378025,5.914120998766251,3.472260250689153,2995.848453215104,327.67568794823404,54.67674909637366,0
23.145955294859558,24.39681151426713,14.526975243920843,5.607443150653482,11.997148799571494,6.149644010257516,0.31598874502199137,3521.3751241211035,336.5586579938322,51.983528457569584,0
22.458345876353707,24.593922076541553,14.166055694408454,7.324199943906771,13.981987735429211,7.684543945779672,0.6844570606091764,3478.0372657016496,291.4082174615235,59.07462955043256,0
20.76229879020321,22.011251789901515,14.610916146968068,5.880740688363964,11.331968163967229,6.899532528828108,1.5848485236120453,2928.882344105304,349.72931957762506,53.25305448053068,0
21.41092360555008,22.651201135629304,14.626379449801162,6.325625652366,11.87389539356153,5.666018718347976,0.07455354606277699,3226.608854107822,306.1333281352983,46.9924424261507,0
21.733245902772598,23.704572579722694,14.361896692567333,7.205013619253058,12.271106756688372,8.495896105418392,0.010836835866792436,3222.9297374370913,331.0220252848619,48.0801989898258,0
22.137036376214247,23.61207543663928,15.629621502834599,8.009388889656732,12.509486618637496,7.82939044414121,1.384231738746677,2916.7792966614315,344.7761761731863,45.65435378751035,0
22.474359246781876,24.40319217108867,13.849963383902411,6.729145639149087,12.381560094305245,7.1036910989012165,1.178689997271739,3373.8168750630593,309.51921552752714,43.92978063713303,0
24.006907350688223,26.239983772243054,13.679305515224419,5.862496306264031,10.606506779777822,8.38070324068947,0.8424828017892733,3004.172810818734,324.3176104144238,47.72495627139431,0
24.047703304899294,25.911899154488687,14.259215750085422,6.891506464155741,12.230079964724897,5.227531147300434,0.43218802991729083,3172.400023975239,350.6245352013971,47.461052545966965,0
27.79359608957243,31.234409452237806,17.587840744239493,9.909051560102798,11.949739433331288,13.813456797465394,6.539967311185132,1862.698537539429,529.4626154583207,74.03414784012918,1
21.837770224929063,23.851113922811244,14.317824308131398,6.274781185622016,11.275638953732553,7.9706549370048405,2.9642633110405487,3124.6952139867044,280.9780573379798,44.02686198401906,0
23.256974021465734,25.98014052171218,13.001246956836306,6.96948794683413,11.568259629426452,9.517634200489505,1.658260782986888,3529.3459794849555,303.6577328250936,45.432000871984684,0
23.481319559040344,24.930610046555607,13.671085142419843,7.082394552953824,13.800914268486233,7.685139418335839,3.4412688974199983,3178.4037539121255,329.0627752836043,54.76257379297949,0
25.09590566796655,26.147979132153687,13.717007330952187,6.550506372010444,11.50544454314039,7.141466320099719,2.489078109790195,2917.2275637077896,371.78138635387154,46.00101031139846,0
26.630966089727465,30.152034270647537,17.8842273451036,10.156410363538066,13.97918388196392,13.269918722483137,8.310382687786246,1676.14700892484,503.17014834047444,83.9265801987759,1
22.097058360851847,24.015308156350684,14.8992766529102,7.144102653226441,11.68917732723318,7.603919778652927,3.7998677039125512,3421.905740845099,317.92904053938497,53.812552903819984,0
27.218233158048434,30.412295602200878,19.83219373812176,10.795187193134497,14.171153001149598,15.698140737992627,5.707172971741361,1469.7697171889695,556.4518671056253,78.6730856892715,1
26.43377076866009,30.28167686354395,19.201745368185346,8.634275067350949,10.70018945708181,15.580134105519543,4.870545850893663,1486.6583187925391,560.9137729967996,79.56380601961584,1
22.950837622014806,24.510668195719322,13.824540770253543,7.527717241957662,13.329225600789703,5.641494119255891,0.8573725439897264,3498.119350626893,326.9686438532516,46.48729185224187,0
22.616395157991263,24.48647972555467,15.305725760477335,6.928686553208674,11.213499359440746,7.618572335847933,0.9513486633472467,3269.596423830221,324.662655422085,52.37291909846972,0
21.556812647390462,22.952573359418896,14.048643056111612,6.870797893369941,12.830251748928227,7.046445360172673,1.6810624773786635,2700.3486083611233,306.5375028251415,52.43504483904078,0
23.315517298721613,24.981886406329636,14.840257046664089,6.58211775151469,11.77445076056404,7.210368996620151,1.743125331809845,3255.5969535336744,293.2649403191126,52.06110346782724,0
22.715872981384173,25.381895408506814,16.02021473944877,6.606943611956929,11.93946642366084,7.200593298891767,0.2649158063431471,3068.8658152499756,285.29238729216263,45.53127358941173,0
23.2362215672765,25.34796116883863,13.883039760360568,5.99687160579902,11.910384065664454,5.656022167821009,0.0710779476293732,2943.391472341029,332.9970732941987,59.03966419476235,0
22.055986764141448,23.443204667303675,15.042982455423536,7.170659908453957,12.12448718392719,8.293403067205732,0.8587264474898441,3173.7496242739694,293.0652759025266,55.57562157747484,0
24.618545088337317,26.10503882210276,13.206629300041588,8.064963874625976,13.5489593048182,8.56110677291996,2.0675153201267644,3974.1738784430136,319.25113384683675,48.0605308753289,0
27.371000724769875,30.171123935367,19.91414516538631,11.21673550291786,15.010991174078669,13.615324115854293,7.141213787876491,1882.4047106754465,463.37670542210435,79.71550384035058,1
24.436453522870377,26.87238911414265,15.552406632752083,6.597921420260349,12.592060644052136,6.052778912010389,3.4062256592105813,3243.885560958787,300.69588282838373,52.43492353829431,0
22.288937025081196,23.333077308242736,14.376801867841735,6.991460855028631,12.985304794322614,7.409232055277126,3.514310647295449,3092.894567499991,337.2633115537796,65.68343024161136,0
23.802943589927217,25.95946506467512,14.611222949562501,6.966040730708405,12.31858868879846,4.979942477425684,0.94760598962178,3234.7921154331552,311.6179131370666,56.795688416510096,0
22.606088263550216,24.575715008157598,15.837078060349981,7.353387259312164,12.860573060631431,5.521823576950231,2.094509952966491,3111.824801249098,282.9538624729676,50.16213058911215,0
20.812006683782133,21.959817386296077,14.760462253429656,7.509727840398919,11.877635911205385,5.37879670381291,1.118263820589395,3340.427756979611,359.0687196263253,50.31756630640229,0
22.280524270674192,23.52510724914171,13.60873491341353,4.881672225770315,10.443690292101513,8.577374940662722,3.2394402376210283,3514.761251015976,308.09753826392887,48.65885032330107,0
24.301600382346585,26.53439430604656,14.211192621397945,7.549005885152214,12.24447411837216,6.283850397330012,1.2049244047778682,3295.4804175007525,300.7982411133908,43.705647218148734,0
23.83044429669949,25.687879471301553,15.228334799748456,7.204285503445059,12.980256160847969,6.413869471474908,1.3019858781215392,3399.4629563695753,303.21256215131285,41.93815940954758,0
20.84679675845149,23.316177594570902,13.626286725257014,6.368010075461961,11.874756615945305,8.702116407475396,1.0520491688232196,3297.8212392802184,359.1275851393561,48.471749524554596,0
23.152320185513318,25.42701403358425,13.670952602100984,7.179893618476538,13.113338925302273,7.186495813147607,1.6749479130672282,2974.608626174121,285.6169829485245,41.49963917510847,0
23.738213447362362,25.30477371682396,14.788314716014463,7.944395330440145,13.274174415686144,7.9101578868555,1.7432694586519142,3372.839095270131,315.66283523215117,54.346985875393955,0
22.86936212267047,24.38182916762698,13.395521035280279,7.117664597608103,13.33542721445992,6.964852727131416,3.2421774459382493,3376.084650286899,351.2894845670674,47.93066137513146,0
25.607476370422336,26.834215644612453,13.81116026226754,7.138253738219987,12.602820159252705,8.72413275733563,0.47231565493977473,3580.0694972207084,316.0438406889596,45.58660588919702,0
21.432582684449372,23.170223413274705,14.022870873624896,6.783976252918143,12.149361452798797,8.183904727415642,2.469982664564387,3377.6061335228624,257.7429572905918,58.62209180304953,0
22.304319643267483,22.90126670738998,15.204052770365873,6.2657396229587805,11.89196586115397,8.89717691609303,1.4700573553885086,3116.955551517315,329.8974526735842,51.027063486093304,0
21.61736406889228,23.235544981394902,13.115789815612525,6.22227410309117,11.95167536565134,6.226140924560133,0.5889398817540842,3724.8123798137726,311.58911055969986,51.05285376166971,0
21.502859860306756,23.9282252038396,13.84117202349932,6.976885315445695,13.196318954321534,8.367660072893429,3.2875583981554692,3173.218195707331,316.79678963950545,49.85260942489031,0
22.80723568117665,24.365643430788957,14.883606038401286,6.781709980061577,11.902786334246684,6.826017905413329,0.8937345488465186,2893.3598550245088,346.9298126066947,50.98054646065918,0
20.57092816275723,22.268391891408232,14.85158883840681,6.5704841634105495,11.742568780790869,8.38626881392024,1.0534669848207858,3320.5099493049124,374.2523747969065,51.036629170968205,0
21.941124295715692,23.982930426257838,14.4511394629181,7.281251442900051,13.079721726822992,7.057772797260942,1.2127123520045269,3207.293606692024,318.04575159660516,43.352532139035404,0
21.716004920911544,23.422241800785017,14.472359500836829,7.038120176693833,12.601610464692076,7.0939769000536135,0.38275346911882824,3132.4269205938763,361.90053646899827,45.88998739942546,0
23.524098670536368,25.376524745022706,13.701430193190875,7.383264168110501,12.546229980165474,7.288351529887733,1.1190681606543051,2981.1691081022386,327.8305997751641,54.104910462084554,0
22.322663617419035,24.196939049586533,13.374418030316809,7.490069469434257,12.583247670212467,6.677144240549592,0.8080781936099085,2676.5756374674747,345.2188017921011,44.570318397980785,0
22.780543094148896,24.425463127585473,15.658237134766292,6.4746716893319025,12.34919684973477,7.698161759474381,1.8257240477873051,3246.775384305568,351.51073498058145,53.44753414164529,0
21.584730265720545,23.16951116232449,14.421352122036499,7.090861682485253,12.826644207132333,6.10246643907471,2.153326743479259,3381.0235506265235,335.4422347065835,48.49077052923622,0
21.441750418526738,22.6154912058845,13.471527199395178,7.324058379634577,12.634331748059896,6.619900328507881,1.570001168771396,3430.29725945614,332.6878218020582,53.48396480248036,0
22.56233506296876,24.497544455409443,16.166128257687838,6.719934930201031,12.190083703218008,6.857121648286064,3.942103392762944,3193.5576610306857,299.59839528770596,43.875129964850956,0
22.199000380253942,23.832914873091834,14.315470666688233,7.315459669183453,12.502243009116313,5.146907031960177,2.279042969505125,3050.069538517155,331.68327824114124,54.15327845647704,0
23.935957783974782,26.147740776614125,13.991567120947554,7.273755954287783,12.653542385454799,8.826365266430898,2.700452819015511,3326.064311121038,315.66803379266435,47.93921722404092,0
20.615399275652187,22.82619378098008,14.812902301546181,8.103429581574884,13.849764146547155,5.66627247477514,2.6009935666701667,3033.6165332478304,309.1826384847932,51.314930620523576,0
24.992097580273008,27.14267983847418,14.529426266539387,7.571138313830651,13.439756073667658,7.136347224864225,0.9619694206711614,3759.991298057862,311.970765023908,41.815860789235686,0
22.737701712921425,25.00959179626571,14.38919020431422,6.507799511701984,12.735075655991334,7.774689732019364,0.6315600892933433,3044.864781138585,302.328916342135,58.88933570139404,0
26.478625839821234,29.319110738342875,19.81061634220538,10.595683075405741,14.430989667235474,14.655033314865838,8.3360280427471,1383.9095358755853,533.2444798775296,75.98018964524567,1
20.742750143748214,22.040781076547297,15.447189954557512,6.619185945313727,12.920334163877754,4.63032343447661,0.39714241660509475,2927.3115710444386,378.4705735382061,46.655768535656115,0
22.89135962669054,23.857714450891105,15.211323059830244,6.3876939951174885,12.733390131113584,6.507446344949822,0.6295267643632259,3284.6486082789656,364.8672236790637,44.96603720336698,0
26.03692884814538,28.671657258336303,19.965616665287705,10.497398229926985,12.595340998498028,12.449518871419,6.767889775867166,1245.7674531502694,529.2421632139379,73.58275181910558,1
21.65398577308991,23.46151339298615,15.602773884363046,5.374984945341408,11.261807634456778,5.800538610044841,3.893442428887243,3428.320154510071,327.46069748707043,46.95212780113436,0
22.47077448928682,24.818988946885508,15.240780080571694,6.398444583023343,11.514538805607994,7.801248698257503,2.7927240276916176,2578.458358069661,344.29315774401255,50.00285832822888,0
24.244061372541243,25.888653062468038,13.641337574221684,7.069882256414171,12.261938718366071,8.10411363065749,1.848667010534766,3066.3122988522714,310.7855773314966,45.26607968126902,0
27.35534541075867,30.607737910695633,19.97717177328895,11.419305647893259,13.504024133181044,16.293639319886573,4.877450671263692,1749.0421808222618,514.2039554043931,67.78960279667304,1
23.203636822506112,25.088732732849177,13.7045159474953,6.446646615813497,12.42549777957694,5.887283306311798,0.3148593745007186,3072.200550359654,318.13486527203116,58.59992265164702,0
23.175563084028685,25.385046902471476,14.201385403246949,6.65110192188802,11.190052666505176,8.585212082579785,0.03896923984551326,3185.9785684303315,264.8516205021405,49.9547186818851,0
20.63920388272064,22.321617103654965,14.634412272426022,7.640746228709007,13.020941222426352,5.46606010355163,0.7627446463288448,3459.663571829934,290.1232359121236,44.98337271272984,0
24.291226282751428,26.202169667537298,14.143479757576005,7.017973814857736,12.401235699109112,5.966189139813486,0.38343802775565805,3274.145959287701,354.04058645772045,50.27876551746387,0
26.20152976678839,29.480908846239075,20.943335895515986,10.540761019438236,13.140945237825845,12.27203519541548,7.9509252503669785,1340.8866095240887,504.95492160417876,73.67558008174089,1
23.50283053447817,25.468776734622935,14.96980993077134,5.1894918220071435,10.22873548506806,6.4944426309742225,1.1578283176595556,3210.3464405767786,332.7373715413882,48.981062152916245,0
21.878866441156596,23.98892863877051,13.323608359015,5.677207051217419,10.661394877783481,6.985731416588441,0.6013168421818738,3446.1639495344025,293.65172880361945,60.11433059183396,0
28.1724161211037,31.668332480624535,18.996769506804778,9.423483367778001,13.40368895600227,15.68958059281744,5.301988282740272,1746.8708875016046,520.879174505633,83.74232691886972,1
21.820442724476674,23.465602843486913,15.111088281306738,6.68826374738153,12.10818647528461,6.005440512184123,1.0672586515546987,3275.4826587507555,329.8630901290469,50.13632253817237,0
23.18277969502233,24.467456648036915,14.22819279388198,6.662024274151931,12.633158088338686,8.305423323474672,1.4812473474014256,3209.8741903005475,271.23081681571244,48.68885931383084,0
21.93875855842573,23.831336927435956,14.238661401992765,6.797963581439283,12.62578338788955,7.7458734228699715,0.39580229637983433,3159.3680088309357,307.46927481391367,54.90574759700392,0
20.8848243837039,21.921623528854578,13.803045575993895,7.895208500594212,13.084663192285065,7.233934442032633,1.1634352014859564,2934.3249311180252,314.3721859828721,48.79020894226092,0
23.258889286866626,24.5115632713335,14.168298479542509,6.603281051862725,11.909632511166073,7.836967729964138,3.1743707726666397,3507.0819276361153,328.65367359881003,49.631739868711215,0
23.574045976891338,25.627376707319833,13.972201086996828,6.779541232402465,11.97639084612347,7.444987668861061,0.6002962959172313,3205.495388160901,326.01156862004257,52.4224211956487,0
28.016796220687997,30.94966150006704,19.133470597225593,11.33730788703609,14.786151257382173,14.349727632984466,6.260723097401428,1812.9929808815666,496.15590682598724,71.71317700556388,1
19.53402659984725,20.32220256876953,15.898509655296667,6.9548633895680005,12.57350144540736,7.404702322963529,2.8536730157115286,3249.068084610216,306.87745092827504,54.62148466154056,0
23.82981938008502,26.070147939454063,14.11310628835565,6.419119814658677,12.601412890426705,7.710095363312826,3.907109207894825,3371.794368774662,262.4470487232737,53.12919328767855,0
22.63880956115143,24.471607783716856,13.800451481328066,6.373033545769972,12.134465161579396,6.6376145963435205,1.3748618787562439,3159.2609222985398,311.93480567995886,47.03942939332498,0
23.30781762152395,25.992830037282847,13.994850378013453,6.304236479447684,11.884511788356223,7.146848353392222,1.8049066117468255,3255.594437232639,295.2321619652976,44.56644052161495,0
22.43166525153472,24.750013964279926,15.153469609144786,5.895366142705871,11.252548628587874,9.118513502912577,1.7934326906108997,3253.503597425209,332.85352476901807,42.969287790085495,0
20.571020118526526,22.567827657723647,13.043131144564402,6.016005867219866,11.528796213831534,5.742190490852315,0.6343955880238996,3231.3477429516847,309.20586277516566,51.27409609173499,0
22.957390061859332,23.9227989985109,14.085544784419955,6.655921984744441,12.098581843114726,6.861037607601549,1.4276273329108213,3394.387441381032,339.8816803120551,53.08842806405649,0
19.591344808045253,21.190783949291,12.700454036639389,6.784606748793292,12.484122164872495,5.648117486399945,3.199603837948776,3404.1561858155574,316.0390838968192,48.13416880748929,0
22.329144617974446,23.246918195134818,15.021864270541343,7.476726823810601,11.970964680061996,8.87270410561875,0.8627584553048898,2802.752599380556,338.9028794043795,55.50195912027733,0
22.218495439949823,23.417263319245897,13.544648479126169,6.388081565179423,12.36208694558432,6.981463952794807,0.9368495987176653,3012.5832622635216,321.0199554555953,52.694193517685484,0
23.639464962529587,25.990063542537403,13.08475975700848,7.0057828595821405,12.741525712782593,6.187462333486464,2.262139254785804,3521.3717374272464,310.9950522878766,54.87522027361433,0
24.857670159499666,26.187432317249726,14.11936364479608,7.5680305908547645,12.012690174655038,7.8472797982643385,0.6263168374425218,3511.541249469486,319.70580405440916,50.878768258440424,0
27.6624704686998,31.31951359328174,20.82239629640375,9.77146016461668,12.106901470357254,14.554289195545213,6.158105370642049,2069.8595487071684,524.9213594674285,77.74233149529226,1
22.606389109153724,23.862959503050735,14.603494405363055,6.766276720722408,12.77950436745527,7.96826764782281,0.9069528643891286,2915.2358334650726,317.38359838052247,49.14308662863163,0
23.037260310972332,24.93450969437749,15.28276624453324,6.647183778796602,11.823298478337124,5.253538740012281,2.1025097901576304,2614.4382823981755,329.90669791413757,50.58325325007804,0
22.1337303547744,24.103487929918806,14.290593367823124,6.5713907303404016,12.431691874393728,7.65919173785188,2.1213288313845076,2851.8718582153806,276.71732975818117,53.43883365005613,0
23.995302230997154,25.540379132185638,13.55686120696134,5.9411639258183015,11.78857750726987,5.425294940174567,0.9283106403644208,3414.6658597693936,351.02835800037,42.524301707580584,0
24.467957435245673,25.97530473968226,14.614741253485995,7.12761681425688,12.464560393927716,8.476090763638474,1.369566196541407,3030.6594428195576,358.3133272652319,46.907728048102925,0
22.82231073463591,24.50864869546439,14.640920361510153,6.429883873725646,10.385628020504686,7.390374413427609,1.120936440204633,3142.7274741542114,336.2983350257507,37.40584522540908,0
24.96899456365404,26.85383190488371,13.526076965202439,7.838671719784976,14.337799536186889,8.02900870979681,0.4994468634094584,3552.886676373109,322.0950589902835,43.84903941651763,0
26.71443947738765,29.83169748037055,18.18322832278158,11.08374688930217,14.388888453177096,13.863106238201423,6.146489186726715,1980.9821368740725,570.1284080142987,69.21433748649007,1
21.43937107655864,22.870627151308515,14.277964594947559,7.569571172905325,13.86990181288795,5.095863511317388,0.2131348422954742,2795.712071389989,389.6477978498514,53.42246512348448,0
22.393055952584653,23.93222039714743,14.386681131191898,6.038832840859127,10.974793048221457,7.6701136500178775,4.420124091260993,3754.6858393827124,327.15946207502736,57.99785061035295,0
21.865659981900293,23.76912444104245,16.841816073978663,6.485389663576319,11.285919794977396,6.328796068495231,4.264021750141949,2900.0011049765894,327.31496114352075,43.87104129609136,0
21.548552601285188,23.690362692111833,16.374923242250098,5.936994690666617,11.251759345337891,7.870460885833684,1.9217062369577655,3555.564627144082,272.22554053636856,49.42878042948937,0
23.143983303032744,24.65633952245307,14.309413059955506,6.548174869812201,12.276641459183882,7.9589343045856955,1.8338332271858375,3233.077255172134,314.5064062994546,46.43540794878567,0
21.865136787184447,23.443968452237527,14.026207324149748,6.743203919149018,13.402099449424059,6.680038494504071,0.3520618477639119,2915.204468934063,359.1003504552953,53.305904952963594,0
21.891668189554643,23.568275074172316,14.831818312631032,7.280152584043334,12.645458760691628,7.233154727446696,3.9195644393805313,3402.2635722719447,320.5173145713565,61.04814326095431,0
23.495286697420187,25.098825198563347,13.322370341578567,7.487305633788277,12.601697622911349,6.549738487081829,2.331088965138342,3381.4809029121006,248.09919294883957,55.772951238045955,0
23.183720736278644,25.515177067577937,13.054366884054547,6.366012288735834,11.890013872327236,6.283544324338137,1.437701159344063,3344.0481875821056,289.13386456295336,51.38776985079931,0
21.42190239438197,23.716877648255625,14.287516351771115,7.094038337583916,12.13029923723154,5.681282612878847,1.4310384112161376,2933.988518188607,309.9226927561498,48.40417758390916,0
21.21270836911223,23.395825014901394,14.189699374510024,6.552517724554649,12.168228814066127,6.628358073976001,3.729448016582255,3177.1546848930143,283.7911020510424,49.16539333205359,0
22.095496834658352,24.53327379135803,14.27509961208953,7.224792265523308,12.539471597482095,5.754286392411068,1.5376204235485855,3097.1358725583796,304.02151955537397,50.56747173112871,0
20.96450763991716,22.57790948822588,14.929131119913075,7.005976499530904,12.261684551184832,7.070848669620644,0.570182038720713,3080.3259047480137,345.31588136004854,49.15432519664017,0
24.229527946879337,26.45871916598574,15.021844921288185,7.004532469167028,13.158319008251286,9.257152562103435,2.8060436951180154,3256.5789882246195,260.3747800507255,44.118090727422434,0
23.27663512764329,25.84120276249918,14.223882495089578,7.152168104927039,12.539852727234976,7.113371825130896,1.5469054629703884,3423.210138579824,330.03664918961323,49.98951341308528,0
22.94240797064748,24.45965094345254,14.333065303023627,7.662846896407385,13.115249693393963,7.895841079606417,1.3171044989548522,3203.413228018764,298.4837717021318,46.028590764324825,0
22.129060242957,24.483600001862136,14.101092883369239,6.999522070323263,11.975646135606322,5.875237190103144,1.4380248367963646,3093.3033822691436,346.52829392371996,51.033298492472454,0
24.334162111695036,26.612067256445812,13.500143728328508,7.860496782922555,14.172953073931755,8.612488304196516,0.6972297552470093,3779.3384414037155,324.3203069942821,49.986322219544434,0
20.67217571425947,22.76803697494934,14.492654117291888,6.404614540457323,11.824884893737806,7.28127562973701,0.8794440606699988,3549.235864058205,317.1007186809634,50.44289064708368,0
22.72180334843385,24.42718123354627,16.834538844048073,6.68447023157955,12.724840518598093,9.101162318622967,2.9482288928203904,2913.2336000702308,355.9386687733162,58.35359148088791,0
21.521027658041476,23.101712739445237,14.260654582058052,6.816762351194294,13.304451408310818,7.5678122215606285,1.1743572312256443,2936.03884064154,303.33800182591295,50.99888110917547,0
26.42595743020474,30.05802089817009,20.51145814053471,11.006788719404273,14.04621730117685,14.82700004530944,6.914452399227814,2177.333782884695,457.8238316831505,76.68973650769054,1
24.39294393571617,25.709153161548645,14.650780608814483,6.567616388044136,11.969001787519286,6.410596948628405,2.0534772121641955,3018.6649897963107,338.88762266163974,55.38936538282401,0
18.610479191917115,20.603378772989377,14.047538905700808,7.7666798738571785,13.60706485686108,7.147215625664361,2.442431351282435,3190.4576032583927,336.080885463814,50.43442569938906,0
22.85534433247749,24.822703620832964,13.855862598605698,7.298529678226821,13.216735419229169,5.762191821160954,0.7846131675777073,3406.0216451360657,341.3797263348207,49.34202958918337,0
22.48380333031448,23.495761803229744,14.681347398795678,6.603308851127672,11.911303057398714,5.3655682071900515,1.7633536092153528,3526.4441445718803,288.3915674559411,68.05675031407834,0
22.23028151772878,24.015951286246196,13.718879961068962,6.804428851834447,12.168508249625134,5.708903952719461,0.1636163004484836,3457.940476124906,289.1950383421724,48.61275745324512,0
22.27765480934675,23.36725010772739,15.872726104906155,7.281251295976649,13.340513792601659,6.532340209540101,3.876357732899329,3474.7682656384914,305.7378828589731,46.2673963032375,0
23.071629323227462,24.627286267305436,13.314735382758906,7.557706907674104,12.821076396460743,7.382972752545721,1.1196457819171506,3335.395732999853,326.24267903056347,47.61148142012786,0
22.922466475817156,24.574783595638177,14.800364686101803,7.758629574213061,13.444680152621945,4.392205832777176,1.176414490708347,3600.0993247223237,326.48460833607004,54.18873112777576,0
22.270766684879796,23.936145648928527,14.771484650204977,6.399704828825947,11.828292899970588,7.73113362032292,0.5625942624855198,3460.716352389902,335.0270684526941,47.35959679948327,0
21.765075150431475,23.241322821998374,14.322574877027092,6.655924868788742,12.442248651537264,7.74601981118173,1.5804473573646787,3152.555425108005,308.18969639729147,46.17701064722293,0
24.23637346122448,25.52150803379078,14.35976437607679,6.686528766931038,11.986980198234244,6.887393329629743,0.683740169660114,3280.4587975056925,310.3220681605049,56.39587888674096,0
22.46723455258808,24.358864427870362,15.001147737963155,7.315124846984784,13.82672665763917,6.922411169810021,0.597243195549694,3672.863778817305,256.7104217874689,47.85362888563411,0
22.574015819817564,23.90512231844291,14.814330808438573,6.869991048160677,12.529983946420007,8.974058255966744,5.876314978797302,3199.3285685341893,313.1944457056826,54.03709591191214,0
24.271848419671073,26.16344697665481,14.755972152916131,6.3013858562806115,11.404477517956506,8.31928456632369,0.7625476700055653,2819.639476983629,305.7207495890701,47.277294095224754,0
23.516906012580506,24.97892943714311,13.801608826488518,6.3745124596592175,11.12726709586984,8.153872578010205,0.2592622944550195,3292.625502707023,313.44911945396404,43.14119292356065,0
22.071065492627486,23.941541421628564,14.696030931452325,7.277967911165381,13.057771097568136,5.965835068055643,0.959198720961428,2863.0788000131292,277.7774582859068,44.11489805988653,0
21.02687062183561,22.76728289792869,14.217051392346395,7.0599355090509555,13.174897767160079,7.281701059209159,1.5974496049550586,3349.5230681943635,286.5711947289702,40.5068932715609,0
20.469042444342218,21.58749380961153,13.51109136317563,6.28044441581613,12.398097170987743,8.843320958006418,1.3783708750943768,3325.50047226664,296.0324067714104,49.74560174178009,0
20.872101834451914,22.3682205874598,12.777015540966831,6.407918070820084,11.668708099319428,5.375347912405366,0.944132609476889,3284.882487065915,312.96233596448076,46.748834568853574,0
24.03319787494611,27.0128356450696,15.6255477967134,6.217974683797087,12.273363701073155,6.928212619511509,0.944089695299901,3063.856767044052,303.51432781959215,41.97414778779233,0
20.856236424505106,23.194726726986204,15.19185955079281,7.172293199236565,13.339673255777143,7.797673556698953,1.8185694407000246,3083.097616645693,336.3220092868072,44.71185534882597,0
22.738871634688163,24.446525085150256,15.054215225479089,7.07550853011315,12.4740369667253,9.278210699675277,1.8343609531529603,3373.37395515115,344.9334806439769,51.38921404735924,0
22.414078488703122,24.78149102676234,14.171180050797462,7.004842671873274,13.356011144581167,7.846951746476925,0.1111361005108284,2885.1093177825646,269.50375368090397,44.92789188358208,0
21.984713350649695,24.012617493529156,14.417130517275375,6.460055730131907,11.876756052299715,9.046662188125541,1.3517522533595647,3241.2601591344346,332.49481688697495,50.982266897840674,0
23.983311810252523,25.69585049927851,15.567108596400459,7.162540522223754,12.551012776581782,6.350099421381589,0.9694876103531958,3023.4441614829807,359.99260502620257,50.262390285852256,0
27.467481701780528,30.632049963317726,17.7341627015436,11.152621770684926,14.956238045569673,13.226477396944334,7.163587267369014,1279.515934030833,479.83219957248286,80.31618322979914,1
22.735865731813888,23.977018457768693,14.819454081375305,7.000000002806783,11.47605593571529,8.924570660775231,0.9980127191994669,3004.6605760957636,311.59224886373386,53.674484712691665,0
27.066387880754355,30.21235100401509,17.779464386503275,9.014825049242429,12.768722282847422,15.08691611681959,4.582754731368357,1420.8498165087537,572.655468412129,71.05445848931902,1
25.9947202315401,28.602691629016192,20.890300822260716,10.768124181142317,14.007330821976888,14.366204578190292,7.698378483316814,2122.323846585075,533.3721773387305,83.8236083981781,1
