air_temperature,process_temperature,rotational_speed,torque,tool_wear,vibration_index,acoustic_emission,oil_pressure,failure_label,failure_mode
297.7707864060113,308.1441420236036,1511.6725530381877,35.497451484361704,68.99234787111037,0.5583948244135667,70.45267941561099,4.496559799948986,0,None
300.11785520118406,309.96297117985597,1646.0047549542833,46.57243318228139,128.13807300925072,1.1556766734091197,68.71379723745072,5.420656513858676,0,None
298.1256915221056,308.12276807804597,1569.0484316993054,37.384465874533646,56.0162940882215,1.4871190786800093,60.211515074220735,5.358843906640021,0,None
298.7883375431313,309.5431543469704,1534.519836224432,40.83482966241353,173.56261217538773,1.2434397096182215,61.601927993664376,5.034940652336111,0,None
297.2374863718785,307.0481239156735,1711.8183350913769,37.440732767617504,153.88213732776913,1.1191933527094609,65.70426954751348,3.822697282920874,0,None
295.8814580334167,305.7141101544306,1602.7309677418048,19.543959806317474,126.22195135994801,1.270329953764094,65.8508454960057,4.284128671348248,0,None
299.61093050448636,310.82882866596555,1199.7570353070296,64.8475527740615,113.00552138893956,8.013837721851132,87.79284937146699,3.18886702765347,1,PWF
293.24560404270517,304.00122377933155,1559.3309771784566,40.32489981212712,12.326997544795562,2.405018649731071,63.33717462151435,4.191664544298982,0,None
296.11394010888705,307.14015064980737,1592.1707461072076,33.77858318816051,80.82628032502969,4.184882323224998,65.799979767138,4.118580967487253,0,None
299.2043323509148,310.09872151772635,1481.010046912138,50.49713378087566,1.2477535386760608,0.2931575771078517,57.11120051029272,3.992836055678891,0,None
298.5861032451046,310.1089633794561,1729.81274752041,28.014706654793756,59.07104229255692,0.9014793913770984,55.77642797573742,4.043895049097891,0,None
301.8794992204997,312.65295939166367,1549.5650981915744,42.74319801175562,20.442155442121468,1.656164693835442,62.63693549378103,4.8140491317737215,0,None
299.39556429586673,310.63634437643844,1700.0706142288159,45.49750512142995,81.09211002660595,1.6959913766893335,63.252168643830686,4.809917019439046,0,None
298.61455770330485,309.8022256011797,1683.028929935865,35.413810845054826,131.3881931159889,0.33100196752458577,57.32161217584924,4.792064160729598,0,None
298.2765215711701,308.81158461073846,1484.6934406962605,29.605655262417123,30.33763778699197,0.20976986914195714,61.30038542748367,3.6566672156485813,0,None
300.2235053750493,309.65425057479735,1558.1997516122233,47.75179890804772,151.43989026268517,0.5310291443728317,60.514387841206904,4.581335303322143,0,None
296.13383702358936,306.16237123844746,1505.3729650545015,30.289219421716084,74.06690226078263,2.114550374105354,52.83163855990854,4.730071942883349,0,None
302.3549704903149,311.45779710985164,1425.1540154414545,42.862554396395744,14.95655401890081,1.0519842494135736,58.77932825275324,4.1607580895110665,0,None
295.3726560880426,306.84721185744604,1443.8845745584724,32.928397084632564,58.1131673817338,0.593336390814969,59.9351497631529,3.7893125946824067,0,None
296.44642649632846,307.0914274264101,1573.0599373830742,40.92227018240453,125.97173073633576,1.799207018871402,63.37775644444006,4.632154901065094,0,None
295.8346911607844,306.7480067175332,1731.6732415867991,54.46966236278827,125.40609822388376,1.4110605143495618,59.83590498065265,3.879788741267874,0,None
298.3607980995744,309.39870956966354,1505.2864109740954,38.054995403077434,25.995401514246662,2.5221187681224815,62.820226741508954,4.053646842307285,0,None
302.70475871420285,313.67878296005705,1728.430901097364,36.72077817601318,40.92685513654085,0.9927141341744292,53.59362313233987,4.555101824673152,0,None
301.1128531925176,311.36944384647313,1388.928637527204,50.83001904966424,139.63971722403517,9.687569277163664,91.50386463540067,2.6682006972600854,1,RNF
297.7442711808122,308.65115784306005,1405.2204460807015,44.7240385116665,219.3610698442436,7.478048856250979,79.52852250437807,3.907889529788063,1,TWF
295.28335501154834,306.6485662805881,1642.0931729035053,45.06347161381844,156.8765512507789,4.05880151569269,54.821979249346136,3.9928909114802416,0,None
298.20787873447944,308.6262829611707,1434.9425821143482,31.779440341256475,56.49661110297922,4.813354300204516,60.926188412517874,4.780553874367149,0,None
300.32890952858054,310.1439736560511,1621.8333672572408,38.561148257887,68.62242571962265,0.8907334468354348,59.66469312810435,4.2513295461987815,0,None
296.07411971486295,305.4357397746536,1585.4521529703525,48.18775159485039,35.3647551210518,1.428727460367005,63.16419572251157,4.763402770630997,0,None
296.5549559956738,307.50943855977675,1788.5687188936067,47.466683342409425,110.72430424408373,0.31381171134774727,65.56716327344405,5.1622849090965195,0,None
302.6569933639576,309.3770287349762,1321.376810433739,59.42440012745548,131.99505636662798,4.0732374709799934,61.76168031485395,3.2227287034807435,1,HDF
295.9623228457469,305.37677438998725,1732.1179843251189,32.9683466366607,127.66316962514213,3.4343530863211833,65.31489367984683,4.405626083743313,0,None
299.64885227904756,310.18530338396107,1941.1296832320347,39.67490347070024,145.9573968871673,0.7502198722277826,60.018109425915455,4.320922037013794,0,None
298.46102455501574,309.36664077272405,1206.084082182975,38.36543857879269,64.3456664438618,1.592622007770329,69.03387406103612,5.056763547521224,0,None
298.8277305589311,309.6882209984762,1457.7166842952142,42.82696272388645,110.72514675267354,1.7306678851961277,72.88759557008245,4.688574919312644,0,None
301.09785400003267,312.4913210204566,1481.9517287660358,37.89029466110748,18.031497920642582,0.845533581857697,63.95305497329935,4.946919405481702,0,None
296.6116153627283,307.1271203528867,1667.1231727550667,45.1088941141613,152.61932153877976,2.6533683770851226,56.79968244868027,4.286895549870464,0,None
296.80428042488955,308.8572543740606,1889.7802677210093,33.3238069101307,3.0782353371918036,4.666218618174162,61.256920336245926,3.420334457522075,0,None
298.4456884096821,307.2099464755015,1498.0678947433532,19.01468796154393,166.09199056247462,3.32463374031076,71.20751388950794,3.840388952689492,0,None
296.3569799812455,307.55791531499847,1595.294115845263,34.837660159191024,158.59651370028365,1.673453866116891,62.38653175542268,3.9640605045853143,0,None
303.3223172389677,311.1305549106773,1224.9808448809958,58.64724502934078,149.0305745365631,4.6098113330340755,63.449529804509815,3.206767544025819,1,HDF
298.35809924121605,309.0128028027554,1665.671808030964,34.016641639853496,148.22475495752198,3.2289712433822895,65.09142659031382,3.5038826042326914,0,None
299.98919488757485,310.7104600920477,1713.2053120404612,40.75916986053537,114.77101783304593,2.6176802455169326,59.020760500141726,4.6325557504006225,0,None
299.58892984826485,308.9801394943457,1539.760018486331,49.164275342142204,19.521233785700034,0.4824716535996968,59.0668157819765,4.308726592431493,0,None
297.78149499051074,307.4025986503685,1476.964525711042,53.29639520039257,121.55890030208339,0.7503793629265603,64.69564076114793,4.788546953968665,0,None
300.82950929945645,312.11659117434135,1660.7856428733762,51.75477439746133,120.46180991953996,0.831078325840929,70.83198844059113,4.46335592083201,0,None
296.6494338803069,307.2038916957058,1470.9914415071046,51.84387989857625,149.20892655832046,3.2149474744187088,62.197944612352764,4.17368811828057,0,None
300.5711272544178,311.1440021394225,1706.6664979270874,35.72567764655924,33.41955710786865,1.3140967272853752,67.51575440857489,5.551324934525924,0,None
299.18573737594824,308.2882208228718,1496.3653759928673,30.995855504619087,10.925999704901884,2.143920978354522,57.96501808488596,5.09625999001996,0,None
299.51079872031795,310.49700221843943,1601.215519105527,55.29241498895376,205.5610143033675,6.337049727444157,79.26243353014864,4.376099784430144,1,TWF
300.63967828354333,311.12205039233993,1390.5188392146038,30.83872365545747,161.82942390990613,0.811647814193051,64.05047423432352,5.2972363073687525,0,None
300.0009022563189,310.40099274803885,1634.6899866744873,42.04852460562091,29.878113319783687,0.8148293286196084,62.580475642556124,5.015698900959937,0,None
300.1028390749819,310.91574137652805,1628.9140016237095,50.038916649384646,142.91877937328658,0.34350072886352623,58.703625260845406,4.7533698463537775,0,None
296.430764358457,306.4062141828878,1547.545628584649,43.43057324487758,65.17468145579444,2.2207997137290234,63.492519953863685,4.682002441269427,0,None
299.30263440389075,310.6672039324629,1398.2968781457919,52.82442297585519,207.22264075695864,6.6575680428282675,78.89708490376886,4.502416348296965,1,TWF
298.0155429580175,308.9224296566042,1784.280596927289,26.852230578849362,13.399512318520342,1.3508473476357918,58.675055766399744,5.105348420021527,0,None
298.34576359594894,308.43586420340756,1502.1625353890556,40.20475993488741,78.95847409692193,0.7038288133420826,64.16573504592374,4.232374635694392,0,None
297.2616864435736,306.1410401450845,1675.8245115595003,43.50160921625881,172.02787537357597,1.2475632626429078,61.588773992015454,4.027142037385294,0,None
298.19888139979975,309.381442635841,1508.7419776193367,40.348146100143865,58.131368733079825,0.43312832950774033,58.204961767712,3.962990607507968,0,None
298.1383609676095,308.95687877970755,1404.9149379739063,36.95494482827064,53.32185951510065,5.365726965994896,53.80950361484304,3.715951640930582,0,None
296.5513069805969,307.02548546531483,1504.8435031500583,39.73163767727527,113.77861819058765,1.3476463011148052,63.88501944117841,5.0411945291616025,0,None
298.93170960785346,310.10513422768065,1487.160723841754,40.573220565955836,127.13147191386797,0.687926063841963,65.98380731940729,4.426560414452366,0,None
298.0440939208324,308.6018165102898,1521.845772715996,34.22317007082559,109.55778233150039,1.6872452844561294,63.47303681132173,4.9979994821932365,0,None
297.9393785224014,310.66334942178025,1487.3622988907387,44.01601310464048,55.8775560571825,3.9143893553607962,66.50500386381282,4.293373653023128,0,None
298.8861293931203,310.9539991969161,1762.8834858006517,46.273672972439805,56.90080309045129,1.0495974742040857,59.00942053782504,4.99433739978741,0,None
298.6290711373646,309.9029745210851,1419.6454383866096,64.65546902162569,177.316204575905,8.12128272125755,89.88653669121284,2.840585237971455,1,OSF
296.15409822726514,306.5908443537735,1452.05908403421,31.79458504509754,140.25031688651288,0.8624399320439352,65.48912225999264,4.154549152322796,0,None
298.435617766585,308.634577186645,1414.384579137424,37.902701874765825,95.01565230007223,0.4386272130793368,58.82913711818165,5.125638512480713,0,None
297.99964130252164,310.920998005152,1383.765633805193,64.50944531865946,214.77549123801322,7.860219546025799,86.78630678047205,3.1991955537159478,1,OSF
297.4468905912086,308.1866087414785,1730.3016639110729,45.40345875825797,170.0849727719948,0.7748235582499039,61.360638864698956,5.317330512123119,0,None
295.58518726679665,304.09492962074677,1572.1894083585112,38.734662051621534,156.95369232024083,1.9617801088453446,68.51033781658035,5.017058365453003,0,None
300.1686919873142,310.86299759783446,1295.885835664485,32.08727167652681,127.84310367593838,1.8659919175874824,65.5088114496738,3.560432912834095,0,None
296.2715207258389,305.65516192203484,1286.3214927413123,37.193953283506815,29.14909376477106,0.7973716813692447,61.14208019158612,4.590364764071161,0,None
298.63457241181976,309.23942456079243,1577.6853288357224,38.45807396894634,55.358434107996636,1.3506078369557377,65.66258202847851,4.813403200209418,0,None
298.01198506974663,310.2735962094743,1625.5499267154798,32.37695176139114,3.778234449968193,2.9034704269964045,58.298128020164675,4.737742133856916,0,None
298.5055542596737,308.3048803344776,1604.8622114327923,45.824761202824064,140.79567112494328,2.577899098560929,64.13803079002282,4.402249262033753,0,None
295.9394664672996,306.57969589044677,1542.2574703060661,48.44915190671373,7.58548348728201,1.1845030590720014,60.14284891235019,4.5714954785920545,0,None
294.7389226533349,304.74762460132825,1451.765098699379,38.13804419153676,158.97808599582027,1.5169186517985618,60.980803009868694,4.372024103706666,0,None
299.38629762314594,309.40598906884907,1331.105717599649,44.540747171799865,72.75701784323033,1.8604329983804233,62.60769508833669,4.787120249191206,0,None
295.93613085306305,305.4687718840714,1549.2248252043137,56.67380664484169,99.8498740978179,2.342855392556116,60.485274934851034,4.343891290457014,0,None
296.97721587074756,308.8367646571545,1643.5921671931042,46.955447441011444,94.64211238966323,0.9967858259146251,60.26533613076421,4.487590188876936,0,None
300.68500067916625,311.67418771451605,1614.5690020396737,57.919161219514756,205.59436884180428,4.7733967542579,79.0232192689839,4.658998316356751,1,TWF
296.50251407995626,307.1035654395428,1443.5243483189493,35.62747628616831,118.4341447169371,2.2579788140688137,63.083269742555515,5.418871807650196,0,None
296.108253364265,305.4267134222395,1706.7764954284567,47.092767067233424,115.70840745308915,0.8832208407575091,59.48376043334618,4.412613434940704,0,None
298.6901831434869,308.9652827555764,1687.1084006660958,37.396714815110364,75.0616488545279,1.0620868022182581,63.62507346487766,4.76604119633282,0,None
297.2200710407847,307.02546227150606,1483.3286468811589,47.21602408149622,166.75216606266466,4.9667834132667785,68.14880436279246,3.667096302029406,0,None
298.79357128351194,309.17595094476724,1484.8943785153785,45.22917842239162,142.40595172432083,4.787598514591815,60.6394013690931,4.749547703962172,0,None
299.062110167265,309.4187093469795,1266.3569793723414,43.4729689274716,167.38903059108037,2.7060590731200755,52.42450312395354,4.560294130084114,0,None
298.05396623805444,307.252362301361,1850.0061919579234,43.84489503368055,168.2574047918311,1.2063364864309245,64.44101531024583,5.542835476512191,0,None
300.84145374153445,311.89761606160164,1666.2420175996383,42.12974531330604,2.80637000536301,0.8952290258608107,67.58329389773154,5.143276560459915,0,None
297.13639684337085,307.87796556350827,1585.469423175416,31.10365306019169,25.70303976954471,2.788960165280725,64.52009681902864,4.9984521656984295,0,None
297.6787642536075,307.11420014854275,1188.7459950106895,33.24698142969516,157.63685003297445,1.6538007176258445,63.341437255961246,4.819487195888811,0,None
297.69233799457726,306.3360855159929,1440.9584637262938,44.50599520942684,90.41558676533955,1.7405772159433008,64.57295718337404,3.7769486359907205,0,None
294.1186485596069,303.93741657578346,1683.0747887349398,40.807077076939294,90.82420487562887,0.5276781941677473,62.11374655916811,4.786628185789358,0,None
299.81055366555245,310.26933532273273,1645.9844891075568,39.87585616499056,119.30247648464851,1.2231485017181416,62.691156153551404,4.930364933355378,0,None
300.43459018381003,311.44055355712385,1377.9617893698394,44.10691720363594,101.23956367165295,1.882596695712623,62.77312020822202,4.923235816963709,0,None
297.6653045974326,307.19138156263506,1577.667377022199,38.391880706087186,5.728509605738264,2.614676599336962,64.94266169090402,4.580521920381832,0,None
298.8633098800354,309.4001732573419,1505.9225576404929,27.586177994526953,103.25218194789679,1.1419929618320304,60.208835274190065,3.999656671115607,0,None
300.47130931814183,309.7146041524411,1475.876474377962,46.8274175485257,46.89937853918864,1.4431615223500194,71.9419775950883,5.043296354686424,0,None
297.6119775181234,305.5706144675666,1830.8888619277823,36.943693170141756,3.6720243501030563,1.6952813606912747,63.368371907147164,4.638958397959492,0,None
301.6174833807505,311.06078069644866,1464.1937790889963,39.54307548153649,8.492041525921282,5.287774880921852,58.38509429754868,4.44426949620911,0,None
299.17532012572974,310.14847384713124,1461.3297840598902,40.57153837443187,122.5059571688497,1.4869730218340165,58.195144737865796,4.973459236867655,0,None
301.49513462217897,311.99321154944386,1318.8789181795362,48.13106614862838,148.17262658632018,2.6100274192580795,61.74114420431129,4.653875278103117,0,None
299.005647316178,310.7452908338025,1199.7570353070296,70.01016473517191,58.31065447705642,6.609717446971241,79.28638391406403,2.6288083498302104,1,PWF
299.7493898144645,310.3729847469407,1436.951088514408,43.66881649784453,156.8849227124369,2.0985732812680857,59.109791789101116,3.9049508224564695,0,None
295.9342384602996,305.6805903134402,1671.4540049528791,34.85180334075225,162.6185601675488,1.6009645723702002,64.69199365889853,4.007746155637151,0,None
295.29815258241246,304.9540810878711,1789.6067840091202,53.020641364354184,161.32878883963608,0.2966212949865511,63.31113402192697,3.989420122183233,0,None
297.0615734198077,307.2294024054835,1478.9929704241133,43.88685467946255,111.7120033549586,0.6704416853297324,67.71761272364897,5.023607190106011,0,None
300.4478124371807,311.71284843885377,1656.4098413704328,33.23242230562719,96.30888710833976,2.133036723116162,62.42175595847032,4.562247547715318,0,None
298.0375188145306,307.4448594901982,1524.8605413452017,43.599970700020656,7.563489019617512,2.7368945863895857,62.390414986231605,4.446235096095957,0,None
298.2073346658563,308.70288643093784,1552.7635405333015,48.27195273824054,76.95948818042513,1.6942965679770792,59.06741784278827,4.275719989129313,0,None
296.11972238065096,307.3816919570799,1744.6403822759967,59.21425415502385,92.46982209526016,2.9249701625731803,65.42809475278659,4.200549032177791,0,None
300.625029759685,310.30393439355225,1512.9374082972843,30.76712391294967,84.261393746144,1.1544114457919297,67.30130708126569,4.23650936583808,0,None
298.844972997578,310.6126743408049,1204.070578186453,63.518061749579886,219.8697248270084,8.793916488860482,94.40255531381257,2.8933523695702688,1,OSF
299.2727395844111,309.58358051502245,1599.1254716429823,23.021480272551933,45.324312827435726,1.9035832673514956,68.1315958718993,4.709501886933224,0,None
296.17384742061296,307.308902194328,1583.9781295030932,24.443275949637453,95.74448095419918,1.6447117018273714,65.49647968968989,4.000140258895031,0,None
298.58682228640373,309.77323364264544,1353.4572312947607,55.244261075072544,123.5899297426454,1.5042900207135221,62.943422225625135,4.806576251811851,0,None
299.3264471187973,309.9336138232615,1292.4218404106698,35.50161830993626,172.45819482577565,2.571861966102821,68.32023775142571,4.800637590564878,0,None
297.39483533172114,307.43927551212744,1294.0383820837897,44.51470049501761,92.01304761872063,2.6544681148896245,56.81459459635189,4.6856534592838655,0,None
297.36329161139645,307.2400760741805,1535.4526549821067,45.53866892365212,133.35673109308811,1.5541659226395712,62.37132277737618,3.8842956085803486,0,None
299.3202665684107,309.64749815213054,1623.859487835797,35.89824102486895,129.81208290569808,2.1884248906180748,68.39647178683627,4.786552458090405,0,None
299.8611598016505,310.62525083402727,1590.7429834232337,33.03363041036562,129.14090144958107,4.665332596368438,62.258252816092636,4.662632602088087,0,None
297.98164953006864,308.67647369341773,1469.2314342377686,37.054809040383425,63.430473507548086,1.7322246298795034,53.692147814943176,4.865014765603104,0,None
298.3403736286081,308.0733508636587,1515.914209702834,30.70600248512991,84.72874329360032,2.7081073743310373,56.015752262946165,4.636647096840015,0,None
298.50012174044156,310.0421940578705,1577.0274358931924,44.73582461094005,106.83321448689378,0.6959745835977382,59.040351272698565,4.354912230301046,0,None
299.5010499371,310.80677569757734,1263.9075362698654,51.46253956703793,173.31961431609383,2.008829904403826,62.21423224000771,4.514792713364536,0,None
296.8061017023043,306.9186950207596,1739.3535383757635,43.15880998019244,160.13475271082703,3.765360939643599,66.1523939825967,5.259177158772862,0,None
298.49078984067216,309.01697564190897,2498.1833113601797,68.64989098189847,77.2250352091245,6.590039188533025,80.41790447151706,3.1560486591302257,1,PWF
296.2927017256844,306.57260458308036,1385.057381717877,38.82414949445929,155.777363450344,0.953300928399483,69.61571395307897,4.122179548461578,0,None
296.7635529457435,306.7376549025478,1469.0711232696913,25.924226260236075,126.73367816447711,1.7217177617257415,64.7560147634747,4.595385965296266,0,None
298.6714158702503,309.26218070229555,1502.5128273785217,28.639799601359947,136.0756297318338,2.7617109903617187,69.6585249683688,5.285025448735056,0,None
299.51444028557154,310.2093660645337,1480.0354439083142,42.525723939908495,88.22598570245535,1.9372834237383214,65.5331968607738,4.905379679877835,0,None
300.1994687123785,310.1019037682572,1642.0256171394394,48.790633376049975,172.25979840032699,9.474933557800089,94.67725308972645,2.7572587751445203,1,RNF
299.02565856083214,308.13130053644284,1718.065936359352,53.44550713256581,147.63665224801403,6.268323576900988,57.80591781436238,5.489393046208192,0,None
299.5545040369061,308.9868155513779,1641.174475484362,46.63708590208535,164.23163095810855,3.490359773081211,59.45384095272142,4.215920702498144,0,None
298.04114945343065,307.9586877751464,1533.8017352217491,41.906277596446316,102.97766983709155,1.9395393744514384,56.47940456327143,4.812808715867902,0,None
298.23578055002287,308.9651998399289,1464.3473125418125,38.22911769368079,19.571965847282165,2.3443378479621253,64.64517904005969,4.780463882871858,0,None
301.74375732191635,311.63240789260607,1752.1579341487493,50.673736018018246,28.062843480682538,1.997171594454161,61.09963253176058,4.2476526133888814,0,None
296.5391656117204,309.10949279054495,1404.0513159249174,40.57454939675997,105.57440590385298,3.4324151831987413,63.74611789104084,4.3842680837405235,0,None
298.67886778041066,308.6859530139715,1678.699518527372,48.6600746544984,59.87473052698184,2.7285751931020688,67.3900367207626,4.823082435944085,0,None
298.5044325063534,309.4663233264387,1495.45780977349,50.2738857672344,62.70651250314206,2.951050725222625,66.32111052109435,5.45257853008804,0,None
296.7161937938249,307.7393122809772,1595.968966328899,49.858744637190235,169.68937619925518,9.074073712091998,85.03713453662337,2.6745596708887525,1,RNF
297.76363104050955,308.9534098500191,1587.0789044946587,44.65399112246679,137.62784405902408,1.2949002859108585,63.60420631302582,4.687123959316635,0,None
297.6576624846453,307.86017617882237,1496.745597956293,42.22927236497653,155.74380631265907,2.844199199758775,59.21608566232718,3.836447072174758,0,None
299.09265729543114,311.26042763241594,1569.1004701493912,40.10701805833927,3.0804416477353684,0.460652462228389,62.764457413104914,4.737830280709124,0,None
300.2604711495299,310.58725259150094,1593.3742517226938,44.268790035532966,59.44335924549204,2.21736803727968,63.94067617013016,4.7583645095629015,0,None
298.5437086011776,308.5478908985745,1433.3013172080264,28.177064403386275,134.72515099380635,2.961242147308145,57.5534979040164,4.453552743041409,0,None
297.9259163986333,309.6483414861436,1643.75032929552,38.29883413967073,14.793207676375165,2.163939094714373,64.53923844792065,4.551574089110713,0,None
297.52279827399707,309.0564465414583,1663.3487062332931,42.43245689690937,137.73716297668804,0.8681420487118531,57.2125194642439,4.250667758318851,0,None
300.78201107025257,310.7786712227579,1199.7570353070296,64.72700825828476,128.30068839836144,7.58880889818452,84.55426306356262,2.518598619940959,1,PWF
297.63406207933434,307.5350222425183,1792.7583584987692,43.846836324324165,104.20470947387292,1.0757012256456604,58.39024915267163,4.277713006981463,0,None
296.5346064537056,307.9019650489404,1444.2611539300592,25.429667314914585,57.577207412188216,2.345173991287965,62.62028838296598,4.331806771798877,0,None
299.893826919043,310.508568172529,1539.6866636936147,50.843351814211935,124.8192804689724,0.3415845158901774,60.33375992427904,4.448355908284422,0,None
296.47888267763386,306.5646767198561,1551.3788034627496,38.60453635007069,27.50349402355625,1.758594146767052,54.34337852579958,5.372458731387357,0,None
295.95860001363735,307.41612877264646,1284.407880606955,35.51211629412467,125.62021082465597,1.73165998550632,55.0188835059654,4.880302253829519,0,None
298.9337326314817,309.05756996045346,1467.1117150812781,29.11597298838858,154.20476548298052,1.608698239070182,65.69236793774283,4.234632322833594,0,None
297.9370400918525,308.87175275414995,1485.9596394090786,25.908296420420257,77.50020417639834,3.000357928956969,66.77604967288774,4.658804817272536,0,None
298.0011907988907,308.67611824429656,1572.7411141412945,37.527227782470156,73.44661161242949,1.7684395095203413,61.96804945002919,4.2564381846355674,0,None
299.22551785080697,310.9123726749713,1326.0481278633497,68.56902402392971,165.0501901496449,6.58895397210695,84.8140530857741,3.070427670049129,1,OSF
299.30357864856427,309.34663146929694,1644.6564576101043,39.78540175174476,174.4727076559008,0.582846415586583,74.12339390902073,4.387018271150358,0,None
298.2205832910048,309.3053504721058,1554.2412491860478,63.27594398563373,29.505295966571673,0.7075478440828984,60.67082386007977,3.834802383456018,0,None
298.79538197206085,309.56574641537685,1527.5115383231664,33.09112243978156,24.141426831962477,0.8601794420094727,65.33291671461095,4.588581880431198,0,None
298.8793276856493,309.1242506012535,1773.3328562918532,46.65020600962977,16.29179974502799,0.512673974627575,64.52933302810243,4.495842893766,0,None
301.8357214375618,312.0743644670127,1291.1246652681718,38.51216191151184,169.12609176475593,1.0766681579892337,61.22295198336802,4.462662644947978,0,None
300.0643582170697,310.8806950053801,1586.5807061419264,36.740364919642445,125.15509170667661,1.0396160503310103,56.94061667155391,5.182676362298373,0,None
300.1770213216604,311.42016693248615,1576.2502599515965,26.793548092876964,11.165830217138629,0.9397223199093668,64.67787211680502,5.057340240602403,0,None
297.3138243729712,308.9165982573343,1619.3157381914318,46.22747231188291,17.451630011562028,5.486978062016022,58.025678437332886,3.5057034463618315,0,None
298.3825513297432,309.5011433190758,1479.0652524192765,44.49708045367727,154.4789468218928,3.0524212865162053,60.06076726492786,4.84449177334078,0,None
298.1736545157123,308.87859100026776,1613.7773947909254,45.1220233679047,39.43842443105667,2.8408275559129312,66.69771276690223,4.1218732594365015,0,None
299.7477024960083,308.6752577828271,1726.1712111287106,53.17283564976837,19.29278516909914,3.506286056422395,63.546871782377394,4.153246087328949,0,None
298.7345089430424,309.5679502026289,1372.2858852723073,39.16523334283919,144.36342158713907,1.341757072087971,57.130011171452054,3.8154793303478485,0,None
298.4484618404616,309.0116330769961,1688.9838983277461,55.024877067960816,103.15256360574358,1.6001177648570744,57.89500174431744,4.419168282740583,0,None
296.64154561337415,307.7328900091354,1676.8986590516065,41.29522178152527,115.28609373534829,1.255247477839553,61.980281254910544,4.979715954854628,0,None
297.9284680417035,308.33981799348027,1723.5627215245063,30.738955139908995,141.72927749849939,0.7486319410114449,65.49493509436599,4.173377388151675,0,None
299.09009377824424,310.022820593093,1315.1240496237258,37.80193798332925,81.93110850403505,0.6682038367957515,55.76396004617664,4.416557046575159,0,None
297.6570875213661,308.6089614082462,1484.2176615014887,30.39539848744653,73.10811753429489,2.0532359645308604,64.93661819400168,5.137037578243851,0,None
297.5242744581413,308.1065613204872,1570.6205572598083,43.882064571808115,125.52735154531851,2.138019124930092,65.77649783499913,5.527707870322566,0,None
296.48285359157296,307.01007552043075,1601.924361543028,25.138878200905232,150.35683076936832,2.9097561272839445,67.21478970649426,4.368323866401798,0,None
296.325693116596,305.91127766693705,1365.7718970155588,34.49388547334577,25.098257141348114,0.5892558148365753,70.56635421755058,4.984422832083437,0,None
297.6068124527073,308.7903340536039,1684.6465810108407,28.006062682313036,9.33288822175307,2.2647842483704275,61.518765373813864,5.352113747246481,0,None
298.95744398484123,309.0840369352801,1447.8264194883377,52.81306630702598,145.4173310723898,0.6270539996154796,56.740076087564745,5.109515835915879,0,None
300.3118163483937,311.34509882497196,1199.7570353070296,66.26040863882346,135.19121747217602,7.451912956143717,90.6445772038555,3.0824581597574774,1,PWF
300.05441538489083,310.40709873234425,1653.3520542207539,35.18317579629584,15.346924103404131,2.1373665202475163,62.71461769086598,5.46144084735652,0,None
301.53694995284627,313.3994880407807,1675.0677852023423,38.765329731964435,118.75972587294409,1.8634297783754288,58.21029030780341,4.096078449005118,0,None
299.07660807845474,309.5453924629527,1587.0355442816808,42.48459420776346,167.82647763152707,5.045028499031438,66.66886179077956,4.135317324682027,0,None
300.8061169431809,311.70136807836127,1494.28498064516,56.89019908512244,128.28056166553228,0.6076977492563128,62.2771749871266,4.0369639861547615,0,None
297.6742004830059,307.2060717282746,1473.4824610177557,44.96647077804737,126.15453803892171,5.556136174743122,60.173757002056696,4.3615180729398695,0,None
299.71471915439685,310.34319070093426,1512.9322670448528,32.674725326146486,156.79981654415985,1.1579747391602055,65.65250313332,3.7875633397467894,0,None
297.5378008259099,308.6556579124511,1477.1952044492136,59.41738015368041,232.45284763258104,6.077800544018432,91.95686600099111,3.8135053690674603,1,TWF
295.6732662402097,305.69568681083285,1616.729369459004,32.364498921278184,95.5659819268687,0.8527814686586983,57.68337411304426,5.155606364379041,0,None
298.29061001560746,308.7613380361331,1382.6229397594918,45.576953796958676,133.17627578253493,1.4928955317535462,66.31872280024011,4.7155927100177255,0,None
297.3673346367318,307.0382872388328,1599.2911023630852,25.66351163816975,19.905028397401757,2.649947428251798,61.65684666657832,4.158134401976645,0,None
295.7906139964606,306.12383942802825,1474.9325886523582,35.6249843943643,69.42984497097945,1.8280663451921366,68.6429743311338,4.582442983401803,0,None
296.93616880836345,307.0165151973498,1542.9529846990822,30.260820246765018,103.49629725730992,1.477218595788403,65.56586090878224,4.444445666861254,0,None
296.36313777095586,307.07006668924015,1693.2717903118255,31.967889000823888,149.79577556915012,1.6718011726228041,54.774272698457224,4.3904873160758315,0,None
301.6250254175971,312.38548767102674,1573.0460289354119,31.974105113849653,136.8900750826216,2.686366695353524,61.475554673181435,4.4322555293242525,0,None
297.06159463485835,307.54377145151136,1266.7755921963958,42.80952601004558,103.42499284004192,0.40700003881811336,54.54467695634973,4.13259169027679,0,None
299.01570504181393,309.1634976783048,1484.0242571998863,41.16334294319507,156.99783160441388,2.686174518496418,60.65922867710092,4.520895684313001,0,None
295.09507049398155,305.0233259523892,1696.3353785094532,28.135232975733658,66.28150347711791,0.7555646091010684,59.70789378744478,4.274588294461434,0,None
296.2329569222124,309.3274312978882,1742.5188607751916,30.874277106951062,158.59679452572027,2.2207438597515434,66.27493437824413,3.9760663963728753,0,None
297.1798117824239,308.3423955345716,1408.5182202321046,42.869192121131974,82.85162687169803,0.6092816979740265,49.54059507962415,5.253915671901879,0,None
298.8079721109099,310.16945062663603,1704.978704458921,36.814220390506165,106.39250716675791,0.8796498223224707,64.81769171220432,4.248238906350025,0,None
298.563590703301,308.1898597971265,1594.7693058132352,46.17765753881555,3.787314056441243,1.27627457720597,58.60405264899953,4.120126864470701,0,None
296.97914086432297,307.05226061917165,1789.7491633282477,51.25531590897565,16.795746921819767,0.5818130396882554,53.98720870784112,4.33982918092152,0,None
299.3797279427663,310.348451303698,1567.0828004988514,46.839990358444595,59.30433009351799,0.6642735326771544,64.05460919511329,4.798310258190889,0,None
297.04424371478495,307.41797370691273,1342.7454954491145,31.63188760304924,77.86916492864049,3.8982093099052717,53.1394299673041,4.508405071785947,0,None
298.4153805540353,309.1860665075841,1604.4581909779954,40.20458458234547,130.51459809827674,2.600010452069592,58.72325794937766,4.262264839490408,0,None
298.72581767036905,308.89699772116654,1524.3414054279162,36.01998379242228,135.4888834523023,1.2166392348754862,62.04819234247738,4.190777031139355,0,None
300.077798333577,312.0639602084072,1432.7148465306004,46.16181409738075,89.50249593558402,0.3337229726090394,66.97553744553774,4.034326506582663,0,None
293.3556540697696,304.2173083403774,1703.4104826626121,37.04844992838567,62.33970531064073,1.5111980771584401,61.94715581590296,5.150424769898805,0,None
295.371660593005,305.31310085331614,1467.908581099342,41.43774447302858,91.67473123249395,4.950909411250307,66.51187339533294,4.1976096069841144,0,None
298.78608509278905,310.1707515458248,1523.1177936137142,39.56227049662719,165.09978909379956,1.458724944126114,63.62417925345565,3.6847829368362817,0,None
293.3282543448926,303.9426933607958,1208.5531285277411,44.587385694874996,106.62705187599751,1.28278386683419,60.22523104024589,4.7122472552734935,0,None
299.07848027827,309.5239815381356,1151.6659084092516,52.90020612676801,11.510923096950307,2.969317178949521,56.98563386915811,4.795538117710057,0,None
297.2123789196804,308.39776885685677,1543.1290776952912,50.21374263277849,7.029367441351714,1.0683599484730832,64.61921186259838,4.147079345229153,0,None
299.3111502247403,309.9452063093811,1597.4536587501648,53.593623828177,99.08344029454621,1.360679209125226,58.010710670581496,4.959046459608862,0,None
305.1672278715854,314.84240765146757,1513.7737566250178,27.490820507923182,162.52673464860777,0.37533200706938985,62.373347308843265,4.251522259215256,0,None
297.25052264157904,308.3068446212193,1439.2014653489284,44.82790889098343,174.39136258681765,0.39981194878681336,63.06326042278872,3.7627114722822577,0,None
295.4259913285335,306.69135387764203,1794.7680502237636,30.22414166335222,51.52538614115451,4.004698493442743,63.36594641151319,5.08099763379075,0,None
297.00945052263404,307.4890552197659,1775.664040629854,30.37291737921623,118.53127789325801,1.3177560857886266,58.17153586246469,3.466802871638058,0,None
296.48887428390213,308.1028390370886,1683.0748417084005,47.198533050555966,77.84052343141077,0.5361860567306441,70.96161022947112,4.240437000139753,0,None
295.43854475759633,305.14385779793076,1720.664503792689,27.40114369520459,128.50659643824181,0.44471056736238607,61.71648852069528,3.9476769915891694,0,None
295.52574551967086,306.55768724951224,1544.535469915701,38.206078248236906,92.03126950132497,1.861545163333999,67.71709787338911,4.09555136439458,0,None
295.50106133095966,306.68738039119273,1470.7049628753018,39.27675843302409,104.73809745904398,0.15979136844333827,64.89640081697851,4.81052970515368,0,None
296.6901440737948,307.2530056975701,1454.8108534776318,39.762171853091616,65.17414683062623,4.344752528150764,58.93993354301503,4.824228247979385,0,None
296.338929000293,306.1715035522653,1505.4585806239784,50.54214968623255,41.41469140894992,2.6225629141393147,61.81850805380978,4.4183999212065155,0,None
298.26712082205404,307.6942690514128,1127.9601808339573,50.903911547207436,132.23134986281468,1.1651602966170755,61.71165657196993,4.975421799670118,0,None
295.12125799064165,305.50021861445566,1715.6326183333665,37.89397921324506,114.82831612785351,3.7840517762268786,67.83994861651067,4.456141746770798,0,None
295.56647894950794,305.7520367438588,1688.5758761916966,41.90028719215479,123.82183728588096,1.9474459573130287,66.53322857581004,4.52932102658752,0,None
296.2155602311725,306.35265112109914,1531.19485863402,30.15979002823452,62.059741527545754,1.652268938056351,56.66946340805423,4.29004283884238,0,None
296.7867155543467,306.89346600313155,1737.2067290824286,41.75936092501398,33.61708791023671,0.6189867529311465,56.177365501703136,4.958404447941941,0,None
298.8709527749738,308.02321871319265,1572.9189419112663,35.53147144684311,5.75938946711437,4.7838940581878004,56.9105277215333,4.2110452541740795,0,None
298.9963969242418,309.9796936359126,1339.277796526568,48.23788413432486,162.23709530895738,0.2935723682661827,61.246417917810305,4.821726655950032,0,None
297.9142008447215,308.89386287771777,1503.1574219116242,29.146173054163736,147.2124754644343,0.9492206193852893,67.0824712250843,4.4332051665498176,0,None
298.9743290084374,310.054880333059,1152.9397179320358,67.7981655797108,195.07364001648244,6.395869644283942,89.07472803645017,2.4171372516136103,1,OSF
298.07570499547177,309.08663313038625,1558.1115209385346,61.70814218345436,27.068178047384716,3.018256703622666,64.54031499122333,4.787542655219816,0,None
301.4860827249931,312.8883069255002,1548.1497817919078,37.04708561933482,71.5182962886345,2.718588433399808,64.45419014050405,4.152425914986467,0,None
296.0282115606399,306.8812572819993,1421.0390709931226,24.194640703290325,102.9162385149425,4.357901814901382,64.5950615625992,3.3851416925829216,0,None
302.4261480534289,311.5972813209752,1723.929504720053,26.836040375335898,25.5047057779461,1.7864422513879727,61.83416110626075,4.3124074689273355,0,None
298.73113417869246,310.56212044440724,1451.7932196112322,51.50104107374946,147.79736574962806,4.158269487668769,60.1546542262284,4.5230280214119025,0,None
294.93054413843464,305.0432493427668,1559.8771879423607,43.11083247300367,32.14076928683,1.8469698083302828,52.29941408173079,5.001977341695474,0,None
297.96601982761996,309.7807223522636,1383.9654758988713,53.940434063366865,29.718560531753553,3.8762607742513464,54.356783382403044,4.257427867285929,0,None
297.9790790779112,307.9661876697315,1408.9836278293208,36.3225690464195,121.08799844279112,1.3940141494436202,55.74904109036386,4.035677922267412,0,None
298.75051208991516,310.3853371660336,1757.1743372998822,29.34178886731459,98.68678013616857,1.668856217593513,68.38578130576617,4.196201242847823,0,None
295.98392970987527,304.56099482899486,1492.2469895001748,45.49353756443418,133.00826104317105,1.565635387523511,51.312071273974134,3.6786552589023196,0,None
296.54481661457635,307.9006337785634,1665.7364253771286,41.19162488494078,2.9963650145033327,2.139488244552091,66.11722201194607,4.625344288936275,0,None
298.43618017605877,309.1850681689733,1250.8576114943146,41.22671697625944,15.68604534364486,4.91021997395532,64.03781261190419,4.428794819920318,0,None
296.8584900066845,306.52957514910435,1564.746694455037,37.96585575456966,158.574077824266,2.0097666314562033,65.63765343526066,4.3078156626858535,0,None
299.0999227634161,310.71270064981724,1447.7366642676461,42.4173624851368,18.373315646898643,3.69768188979887,50.887007773231375,4.3289972042176705,0,None
299.1271033949952,309.2800046246118,1738.1286337382553,36.67172363783471,113.21440358911174,3.25557252229796,55.766944741919275,4.97105273518453,0,None
298.55265249609295,309.1199280066931,1821.1862215374379,42.91002987042601,16.028605975282023,0.738970766749212,64.4381037229265,5.317792999488139,0,None
299.55421958416935,311.2674370420636,1199.7570353070296,63.402579462824924,74.81231557703569,8.05855603428013,89.50349728181003,2.2794205093265933,1,PWF
296.3484759064132,307.4756781298618,1566.8645363030307,48.04108994698143,2.7124854208061793,0.8631010807245957,58.315083561973694,4.595101050162395,0,None
298.25423689052604,308.2066435060358,1690.2777783374622,38.73267599942794,76.79642916472291,0.8614804750242404,66.67741247866407,3.7128564846748673,0,None
298.2508879302729,307.55608010767037,1596.089829367577,45.776987715812304,3.8528202417457527,2.1425912701339422,63.4355878312933,3.7089837112159225,0,None
299.56431734480117,309.07307518277986,1591.2063980530081,45.33214249120015,1.0383619305598835,3.6450013360615183,62.589076955699156,4.220826995854726,0,None
297.98096129367354,309.4281512482311,1770.7028648097144,37.6048721950922,112.6732604920207,1.503396469689923,64.89341205800746,3.6319937119615897,0,None
295.8577087223965,305.94277534669953,1627.5818431145,32.98878866700183,110.2167474985706,2.0530208988346743,60.20381125011028,4.089629068149393,0,None
295.308805824081,305.3932887266201,1521.3795570497912,47.192800625880224,142.73380993206766,0.9932917430249825,62.69199281099312,4.376540581912969,0,None
298.36408463558,307.35207649863366,1296.7073537814902,37.93964435038432,93.71891861450909,3.5309908258052256,59.80037598526811,4.74535269008006,0,None
295.2164615385851,305.5986973156366,1427.792250943659,37.29285256065941,54.83237062648022,0.8465780543106306,54.79429343081496,4.090312459687406,0,None
298.0124257671732,309.2886787286038,1449.140207133758,47.08382687140244,16.4688945290729,0.95338975617359,67.35272180547572,3.4392413353550877,0,None
299.5072811691992,311.5698884792204,1554.4953415528846,29.05187628868549,52.89364410980956,1.0268981671115125,70.57827177257214,4.32769302624017,0,None
297.04003971187035,306.87148850785434,1599.9694079280027,40.15715260310001,124.73177536048802,2.687970329560571,61.666191620704765,4.387082070146359,0,None
300.5412320514275,312.24396791417075,1503.8736278144374,37.65383000480687,157.54847974734605,1.612566898078299,57.181932758629785,3.845130249005527,0,None
298.44289942360234,309.92689171835326,1394.9653299950705,48.49461357880246,156.10447458024535,0.22186719890190387,73.10863202148201,5.453551706672442,0,None
302.9510378498325,314.2323585863468,1480.0100450304626,52.18039832587115,213.72541568735264,4.996082511541078,90.1889885238095,3.757960867653837,1,TWF
297.2731503808276,307.8009213798296,1583.466185585305,28.87417686151526,108.80789256669452,2.225444086045806,53.956850412200986,3.863407627112744,0,None
300.0440865182864,310.96886704785766,1552.643371888901,33.999785084794986,25.931102807657894,3.0028763231188265,56.66250375022338,5.632574268130838,0,None
300.8553514982187,312.4698965045666,1664.7881462247346,39.37255926441178,99.79190242801512,2.1078912133483714,58.49131650846136,4.258060399646318,0,None
296.8527706439674,305.56839622866784,1486.1715230541874,42.59630317638393,44.0438956755543,0.6495638542679991,73.14382804123369,4.186692345463529,0,None
297.70561904814406,308.0130869085199,1642.491333200623,30.815782115484726,58.011147819604496,1.8763745954534894,59.112777720245234,4.6719660543681565,0,None
299.42278001488967,309.28095599317805,1595.8661796905137,38.51131236250533,3.082888749693777,3.4173466787346443,62.82768196822219,3.7100095380028106,0,None
296.4696818584473,306.6379803379898,1760.3805500445371,44.259504966200545,10.36847916995232,1.656558587918379,62.103180374461544,4.05334338400679,0,None
297.8874766514161,309.4866081595852,1444.9427514951615,46.070957559463416,47.63829014696074,0.8205368726656055,60.24327155265369,4.429356343955031,0,None
299.01309325599317,308.89119606811647,1641.4287484534418,28.211026960491417,116.10276888681905,2.0027882744142635,63.75873148189717,3.5595805995097822,0,None
299.9851718719186,311.1142968415153,1581.4306536484532,50.90053274881399,154.72986523940506,1.2314910625661888,61.26564790357586,4.487290857689626,0,None
298.05495147425876,308.68936374668476,1543.0644349630768,43.40921522912224,33.69080256846465,5.2422686795863855,66.89889594484464,4.413039593700741,0,None
296.5571163984507,307.5129246842096,1566.9712145707235,51.543302133371625,110.5882684990028,2.390798892007905,60.63351076533513,3.9801984666365677,0,None
298.6039435273757,309.9328136482127,1687.0068658174798,56.934437130188655,28.481093861916605,1.7801202465782937,62.30501880727187,4.629665485673442,0,None
298.6408538472995,310.1278332699685,1338.0199299596202,52.733227624349375,1.702918027216524,0.40824251597054206,58.02883385728769,4.4988824249442665,0,None
298.66035561219724,308.3774849002063,1748.6192530939777,53.816937564214015,124.78187317026055,2.6198118413524925,68.73289259672374,4.773875294649457,0,None
300.00788549128396,310.50565660275043,1243.9428961296771,35.00211568267399,81.25860288181747,2.2064356768405826,71.31018660389506,4.316849767553686,0,None
300.9394159035743,312.4569298411252,1705.0412311851715,43.702709451407415,169.64501969908267,1.1858879693776463,64.16424637223992,4.197783719420966,0,None
296.43194304407484,307.807286682092,1521.4354290463305,35.69506008052046,8.920112043305739,1.3152158385693535,59.17414823843617,3.877994207913255,0,None
299.1594411279571,310.1917362759834,1530.0431592837529,47.846271702275615,46.768220637434155,1.4107009800580375,60.99256361968385,3.9466363709134553,0,None
298.49984078894073,308.3749156864358,1523.528309575697,33.23559646175613,88.50895240859096,2.6475153110580183,67.78161664942061,4.539957552253941,0,None
302.9963044998613,313.1727865613141,1508.4632300512105,29.809900772608472,95.40839509080189,3.2142812637093345,61.55597629975813,5.386539002964338,0,None
301.9612684299921,312.8613828564832,1422.466141877528,32.67182043594546,15.479754619968892,3.250733796078215,58.214821043985715,4.604736948921514,0,None
296.27498728587346,305.7889550368972,1647.156301841869,44.94497290846558,2.4466385719145722,0.9521133962430814,59.27666625111289,3.921335865466922,0,None
298.96299473255493,308.5267701674375,1482.1171815139487,45.9202467512713,171.4511126044169,0.22499595656211355,63.59253752001402,4.562722259638129,0,None
300.2402297559936,310.62430609272843,1403.0443086715331,28.197357346317144,93.28257538050205,1.5037976248852787,59.99364890525081,3.7855041312436155,0,None
300.6718415086956,311.2866077975618,2498.1833113601797,68.77076366754544,43.456840584106644,6.787513972695027,89.85459753522571,2.4765734918030615,1,PWF
295.7184383718665,306.32670905018034,1525.7218683568851,42.026870700602004,105.8242139302936,7.292132690358572,59.91477781378522,5.233772563839603,0,None
298.9997554227327,309.5820893351513,1679.3581266629265,44.77279574352516,117.88950788689257,1.261861227314332,64.26940171164401,4.291847362710723,0,None
300.70729861380727,309.81308103470246,1549.2032724066203,34.136857347618204,161.30716787970627,0.9457753941081345,56.36705576023734,4.176782678612393,0,None
295.2062101511875,305.89791216577873,1330.3874647722157,40.010377419244335,12.418810824968709,0.743870359571265,59.23886379969356,4.337819733297207,0,None
294.94670814784695,306.46107653752944,1753.4494035075859,44.293717688348806,125.87249238711271,1.1994666792834108,64.18624916116657,5.056175538711609,0,None
298.1682881038057,308.2701500850625,1324.7209068057996,46.88093890797662,167.94729009642577,0.514797641695419,66.9804858136712,3.9690384166815775,0,None
300.29232647415,312.1581903217974,1813.4283573755856,38.86349066775731,94.82916691021919,4.36644462017279,59.07279862437904,4.773028868781912,0,None
299.05344695784214,311.1096030172637,1639.857275111516,42.74721180737237,22.24587607498349,0.3833180350955239,60.70371249558424,4.119370379433754,0,None
297.27722673814475,308.08458839574945,1804.4990313705594,39.170858824680295,92.1223818191037,0.6578656055494141,64.56495007309346,4.334980108493356,0,None
297.75739037944953,310.10372337994244,1475.6197032758803,34.90728998430475,148.82914783839524,1.5024385780836762,69.62123018166457,4.913780517154937,0,None
294.3199522862271,305.1733496753291,1475.2001199999868,40.724744749912524,160.3193976771866,3.4647366643387785,57.74362007285585,5.482306124945769,0,None
297.76717615440265,308.21964400938464,1729.429682423297,41.24117286568287,125.77319116284528,1.8144460049363993,64.19072432649996,4.473094565497336,0,None
296.8682435179363,307.8673465322822,1590.1460858297628,39.77443641952007,151.96552815607245,7.212470194878777,89.46338570619422,2.746220421474976,1,RNF
297.0675168087856,308.2834452536071,1596.815372134334,35.51076132660324,100.78433179804436,2.371719104692437,51.58050053498249,4.45669032093255,0,None
298.86247831806827,310.1215287952456,1699.066792449956,36.207296729838426,26.02238070207094,3.85118207296161,71.39059011995862,4.527581930872343,0,None
297.5690905790744,307.6266187255431,1691.7016344353995,52.26204751353893,120.87650649006954,4.061326462452876,61.583593877621624,4.6831022691184865,0,None
298.7020222219767,309.26586340922364,1741.0915247941255,32.15420159251357,25.17650499119767,1.1688423448332186,64.81873714895131,4.896032274963054,0,None
299.3927343062743,309.9199579753516,1298.8840292459472,45.974741670601205,75.83485531445653,0.7455370308509709,57.54246042809425,3.7906040023556917,0,None
296.25646371620746,305.6644462798662,1552.784062005589,37.125405603553254,51.165202257794554,1.2636569728959304,67.92286026642392,4.88850148125864,0,None
294.4293820800318,305.37002013785076,1633.3279036839647,30.517977185261017,67.27502828679201,1.1030264901465925,62.49802224333842,4.695896205486867,0,None
295.36517706414173,305.3600550196885,1649.390136772912,45.704650851820105,10.17677989822377,1.5536011085128512,65.95198372985833,4.593946011437139,0,None
297.92163025956575,308.01155922198296,1325.4362471563134,38.2629835487538,170.07323449913798,1.8984239761972568,53.89665624750735,4.031101687822286,0,None
296.2522724610601,308.06296024687686,1632.9104885845977,64.01167041189731,31.01391707863219,3.0141031158920675,52.51715767368323,4.729730649910205,0,None
299.1238315220262,309.2526381432095,2498.1833113601797,69.70740406204406,64.48152961575714,5.525783741326592,84.21279830934368,3.4226616746494782,1,PWF
298.60223874638666,308.79164430356946,1660.9697974994526,43.88104354730122,131.45189813797623,1.8897718772830416,65.23095113588732,4.383929073385942,0,None
297.23049010696985,306.7415814701455,1482.6923194693925,51.13905193198957,55.81200020058065,2.721162899903323,61.43472089258258,3.484570927412605,0,None
295.12120261478907,304.69154995858406,1661.6317673627768,42.82981876090847,13.230278056568833,3.929973648166978,62.72441252169795,4.655996214345448,0,None
300.79689842476216,312.1058518509885,1264.1667733978506,76.77903618665349,182.01222827816392,9.121592216803528,95.4612202113163,2.43034696581032,1,OSF
298.64474383743027,309.1068472753947,1489.8234994281956,49.18813194047016,136.2510077133217,1.3971308841047623,52.87504434575756,4.504042298923184,0,None
298.8542342168589,309.9594859567894,1342.7513256233265,35.719937994961924,115.18454643733916,3.6927272008729397,51.726339699671485,2.8675842599899046,0,None
296.37191666849697,308.13761006953985,1543.2346084401024,53.90464798718016,50.119401224826234,1.3058392658547644,62.88018842915494,4.544971936624421,0,None
297.5688381543718,307.235020883934,1412.1157988514888,44.5055423267803,14.717792448031059,2.2034319182907613,62.48626212857655,4.225654795100042,0,None
300.2302886004019,310.22735240277717,1697.2798201934065,41.877667146237116,163.0260892782509,0.9726475574979987,65.38618949215359,4.85000315493601,0,None
299.56832698257074,310.5696178923812,1806.3581487321385,43.00349601738234,125.53236273215217,1.8262194254969548,55.94026117899767,3.7619386975436546,0,None
299.46273914875195,309.2362752380165,2498.1833113601797,72.91921629805736,61.330741623544995,7.215181202291774,94.9767552250947,3.015258995289263,1,PWF
299.9847769447019,309.77456133547105,1490.5430210386578,22.4831812185862,87.67444640713424,1.928238001035893,58.74418386043192,4.577474280413417,0,None
298.5487554721551,307.6468537960423,1479.9347852670269,46.57447634003113,71.54199716865519,0.38806064685698916,62.459713839273874,5.062066193116043,0,None
299.26167670925327,309.11287601835016,1538.3878876692697,45.29226295374238,132.94662461498456,2.1716428298888735,60.256598299461814,4.713378495182548,0,None
300.9775649069085,311.0060029869575,1350.5987755450346,23.082489571610843,62.72039177141791,5.9562622309073765,71.45778539446408,4.334818148372695,0,None
299.97510439530595,312.3348635267647,1428.2511493098584,43.78673498218439,89.93332469619274,3.2170490416484476,54.61426307061941,4.855154164971892,0,None
298.9864122752147,308.98010805530686,1392.0904101124636,46.69229806508771,34.51103201542514,2.7498489754018496,69.12778475002163,4.399834061698493,0,None
295.14226013992254,306.9134124026778,1510.687414136332,47.59136640855408,113.21899470372902,1.3085027831580336,56.64891139298551,4.025928911456038,0,None
294.34859670890256,305.50647708561917,1734.8041153738318,40.26856745499466,119.59965332315065,0.9164157101609552,60.08968364969936,4.360643213282797,0,None
296.79115308351527,305.62890362763034,1457.2047378226735,27.308368356569673,38.71618588563287,0.9863668966037571,58.95292440131957,4.278071530251525,0,None
297.7017434775456,306.9083727775872,1378.2367488655277,15.15131413608588,49.99026717700448,2.6881463553260248,60.41100881404951,5.093408011711025,0,None
296.96316008750244,307.777490895941,1500.4136941318884,47.547327727956656,5.059569071647524,2.1445853987220143,63.003666730188954,5.140861769797432,0,None
297.2451734180795,308.80539429042915,1621.9029865202917,44.77727683143187,166.30679431927283,1.9924495336080887,58.2132460780731,4.765161440718444,0,None
299.5238575046775,310.5887206357296,1497.596065868141,36.30974555959832,39.28408771572746,2.8309182210132287,60.74387252849457,4.657637035474666,0,None
297.6785534774915,307.3882548047709,1414.2761883145758,51.031314199242146,21.65811656470193,3.60608696573002,63.8928976006011,4.5969462580509735,0,None
301.39331636308896,312.0389082691872,1825.6187440395686,30.679276373532957,153.05141536778493,0.589158281843541,57.212676660532416,3.885269607638537,0,None
297.76280776686855,307.6883559399739,1386.2539062710591,33.96617334723,168.3450772104624,2.241064180338739,61.71299646367356,3.7004289474464804,0,None
297.3436637292275,307.76018949483796,1565.6192229503365,31.821269215866472,0.7345031453489109,1.118850475418499,66.73966007598617,4.566530982690247,0,None
297.21457559448885,307.5023855621127,1538.9526884562954,46.260719728680066,164.8756555365842,2.3523549244158675,59.20485254454769,4.271281560900765,0,None
297.3566039201418,308.016292254864,1549.646858636936,44.86757674224611,48.25559560238136,3.7644568139874637,66.31518809856254,5.3529854891388915,0,None
299.63499261522,310.51848137796355,1489.2501395965105,56.76618644730476,128.42027089875478,1.9930472377291881,60.936313292557216,4.406440804680667,0,None
298.2878406875418,308.7708448641208,1585.8038774028905,62.13248113887159,33.06249720352153,1.296468011767461,63.90803342780141,5.2343655991604505,0,None
299.8172031742878,310.735003683102,1435.0817618260237,37.480788136975235,111.95584960659392,0.9083323338676418,61.96039329092895,3.515630464747762,0,None
298.57025095622095,307.50438008491375,1285.8091433769655,35.7693341417229,130.08021138967248,4.326406464486029,68.45160604326854,4.113895668516205,0,None
297.28997685560756,307.1370528643851,1625.2934363245654,25.988233989763312,55.94215746605321,2.030709322422227,61.45969462880002,4.211344269647608,0,None
297.8918330917012,307.66814159170616,1415.9543654230272,45.189989044053554,7.135323009740005,2.8592956876049325,66.63837237358656,4.258392954708576,0,None
294.9265277203471,305.9437193505277,1724.9394105356994,31.06162409100758,30.202513958622617,3.239381011277485,49.05142084960932,4.80987806203318,0,None
297.2789825105465,308.69103678774263,1292.4720593155844,42.919386825680576,66.17694439131307,0.29711627313191774,63.867116850722915,4.792180415810295,0,None
300.8242095378359,310.69150410448026,1534.2252619429116,42.42714088204705,164.95110308125527,0.8367362794360579,58.548275388378784,4.873573562421484,0,None
298.4333159662939,308.0236896597759,1301.8403336025863,54.13963179554362,174.79456041499344,2.702534637135576,60.24740333571034,4.944407907838807,0,None
298.12804228564664,310.3063937569526,1424.8001737874195,34.58284982760307,163.03131165084068,1.0641949403878834,64.52227803563706,4.212954670204287,0,None
301.42749589993355,311.0097682911242,1607.554719374966,30.746416439132254,21.895327938659968,1.3713992020143222,64.14606541513199,4.844497973122173,0,None
297.1450979343011,308.6654105247003,1419.6541080570164,41.61219521116581,158.52559866369225,2.4767860253396057,70.35777884657499,4.336917295958711,0,None
294.8512122188039,305.20600968909537,1615.2470186449,64.96992833403108,116.7066724023099,1.70670720385935,59.021652075363384,3.7180990724815297,0,None
300.91794325262185,311.00611711269005,1359.97903758084,43.589058815217925,91.55864438152125,3.163412062268854,60.85520193719976,4.645304584730702,0,None
300.21225294347363,310.48567851231746,1506.5746357111193,31.773657666008877,49.838598086674985,0.9442604949848039,59.1770675579613,4.535462515351409,0,None
300.2750592150677,311.72246453122466,1878.6288891038848,38.7607047145221,1.6769703498022341,2.2642434729921628,57.17915508379904,4.521312202211137,0,None
296.5929276241106,307.9707037773957,1594.8560190802543,36.432641114364586,172.4423995468835,1.698949934552529,66.3283827379299,4.492283640157512,0,None
297.82849211918,306.6055076601468,1588.51378256382,45.33329485260869,106.41232834733928,1.9383271416588221,51.23122206478775,5.030301501288784,0,None
300.21091223466686,309.9376419218786,1837.437872176062,46.56595696735038,131.84107041811447,3.4521600230976834,67.69420388443703,4.8063488585120435,0,None
297.78398489810144,309.1559088653741,1632.4480276387753,53.45304946909999,70.5382199725399,1.0094312685574147,64.19963633481507,4.742975835478985,0,None
298.0333337653129,311.02366192614795,1253.358793992095,51.048243896925214,170.2098547443733,0.6384525904463606,62.7914476786361,4.694639365760869,0,None
294.10525932905443,305.73488083188903,1489.961893256102,32.79148099591836,101.38863303214578,1.5404741742388097,65.80610535059151,3.5638353365828297,0,None
295.9556537050353,306.86042614779996,1292.8457378158037,30.940587579447097,107.10823894010723,0.997398862266064,57.21951643291334,4.847683242688262,0,None
300.4924745542384,310.5851038641591,1620.3658703237643,44.00741122857005,10.442539744436916,4.980778468434531,63.3499154124316,5.8335286154152275,0,None
298.52410620459545,308.8926380398871,1535.0864946501567,50.0727759120968,115.77685374072882,2.2446988127809613,58.38059480998002,4.841809875525267,0,None
300.0715671609306,310.73225449619554,1372.8160906022906,47.86163595590014,236.0612239890841,7.288104270006994,78.4433185814769,4.925109316348402,1,TWF
299.1942137174898,309.649477358672,1582.8588374343858,38.61529046551679,133.0677918815881,2.2369463293504976,54.96511668120167,4.300722389174368,0,None
304.24343395707797,311.5018143153885,1188.1068489375086,71.24329821794342,149.27046977635695,4.780242393637835,69.92706461056784,3.791608692041515,1,HDF
295.3678272559746,305.7297239485419,1429.673332747379,36.74771295912267,169.05211682233096,5.500219118545015,60.83589971575292,4.612545164585413,0,None
298.2946225266437,309.8597061881504,1222.119480294728,68.38479580735856,168.34444314778978,9.496789050551818,89.70550130037464,2.791963779823483,1,OSF
296.9559958854721,307.11613080745155,1774.8080713952536,31.303737581205237,46.57624071270299,2.739306855829428,65.29556840212682,4.3494502392652405,0,None
295.369087345991,307.09335499747453,1544.3488796958504,30.82640082252729,166.82336838627774,3.7247011660901292,62.52481043005067,4.390448757901971,0,None
298.5888419069517,308.3008474062981,1574.3159998121664,47.98305733619593,98.57132609110859,1.9609220658130537,64.81233382757114,4.40079850680773,0,None
299.0926736768729,311.5063613850921,1588.0421975876384,44.99122606129633,90.97118925214859,3.9131586913369723,56.72411196797641,4.573643142013002,0,None
296.9158978030662,308.4327500638718,1710.3026342187911,36.90725516737493,67.6710115617879,1.6061752646805196,59.02547571846977,4.904246137214426,0,None
295.7688582102855,306.11254592934387,1518.0931673427579,43.9889587353456,148.87786980255652,2.9743346935249835,69.03439168965666,4.045260193017015,0,None
300.3121649044803,310.7798977763091,1684.5345157376955,40.374264699625186,43.66632507757665,1.3648404670885896,64.50315826044279,4.2423981853211785,0,None
298.18794812658626,307.96747584455744,1672.3436479730212,39.77431490972003,149.97216599949076,4.650553223991834,56.147793182449014,4.306241108545724,0,None
295.1927627313701,306.0817105646197,1437.390354664805,29.03501371399105,9.617628063761622,1.3792073081850336,71.95190934474616,4.8503836630687065,0,None
296.69905149427586,306.1758269053,1545.3977236298044,45.122148557441776,56.277189563431385,0.8474867251766238,59.1645775690276,5.312611372643991,0,None
297.6843178456244,308.2962276318957,1547.4283038105666,38.88513218535629,95.95809974271425,1.9382492219645515,64.00031341695488,4.614238512545934,0,None
296.89288362366204,307.4735164817779,1683.8471080693769,53.230606609118055,78.59784903136092,2.688143450482698,55.50405723126101,4.242705509471779,0,None
297.43289420224505,308.22407070692725,1514.8532390032115,41.911853749079896,133.59811748861756,4.166503942909484,59.77810973662296,4.444785239632118,0,None
302.17871325952046,309.39629354074066,1301.0627465747475,56.802063446266075,85.73807494443867,4.920878987565052,72.26266060442478,3.145109632982021,1,HDF
297.15364096097466,307.65418721614066,1617.9992665764876,41.25727051871557,8.353413193782314,2.8628201830546307,60.74003119036482,4.091808223480423,0,None
296.17210337663175,306.7015296431711,1629.3461798388003,35.00060846553472,29.944483334050194,0.7404253642794357,61.519899267514724,4.301562143583224,0,None
297.4298257047118,308.3229821134273,1454.4480912532595,40.28914785272794,18.320674449639537,2.060459439099442,65.027428284053,4.431336186425815,0,None
298.72964004422226,311.2233872431028,1538.1095457569832,31.991822732298537,50.657195517693836,1.3895720072718525,61.26942994593747,4.839796993515911,0,None
297.9281643552397,308.1739556400258,1498.0429105693954,42.394723244959664,30.269666805538147,2.8795880016052866,67.30301098418894,4.155165649136529,0,None
296.9969803571281,308.5459143553702,1603.8749283939947,42.14209851060463,129.59071381942863,0.22992344996747946,67.32870415695047,4.758310023397196,0,None
296.26178092916473,307.18301027610255,1604.9951733372204,44.44625072011823,66.4394527770178,0.9969223946585959,60.165325536964,4.4277795819608095,0,None
298.1331229354102,309.1921754716346,1641.8039763347529,37.602127534321724,9.356501721984978,2.020489483551453,68.97923584706132,5.289648288281984,0,None
297.6954222765932,308.2067416885658,1697.8903237956304,39.53197823426504,62.970605616197766,0.5142740654739414,62.724893160172314,4.744783684274147,0,None
298.9841737977416,309.3692461738239,1619.9713894330735,43.598129299743235,154.884406780244,1.4181183002747761,69.13720185555226,4.933393887793537,0,None
299.17055781499755,309.78722699116986,1487.4429574922453,35.50127720086597,13.170080228936015,3.7145579086903795,54.915364892043925,3.8583040115208327,0,None
298.3082143417272,309.10426323394233,1499.0240357434611,31.03432193365157,161.3710682145865,1.0580450300780517,62.421464947467314,4.7326070406724865,0,None
299.0833116464067,309.1987932932161,1509.8725147015748,50.850994787073276,18.32340245092377,1.7220776682571173,62.48310792914256,5.192028188663256,0,None
298.4913791717235,308.0684253466516,1808.4162807796572,53.61591275872693,92.31703664305476,2.577762866153413,63.959542810112524,4.778793702837341,0,None
299.44325641884905,311.3822364335301,1359.7352602885715,45.779455806664764,104.0466984131659,1.7188676201529787,55.220884281654904,3.7085326443970503,0,None
298.9709779721385,309.72715123449757,1658.5575923656831,35.73869458724231,133.38513526206444,2.372545823847694,55.88044795146779,4.823503324955653,0,None
298.80325265767067,309.03144545155266,1315.5496414740264,54.449599051674625,75.4198974384245,3.275547405268169,66.54363524114076,4.1151388845640575,0,None
302.75661770464296,309.3904588719945,1192.2417534902195,67.26603460450599,157.1573448236539,4.668606247706628,70.0915486225333,3.628661231782282,1,HDF
297.5749512503721,306.5886300892535,1447.1189379892717,42.69291764654125,73.5407107402555,3.3953218052364007,62.96820389401199,5.216254909911271,0,None
298.58082797182067,308.25525494474294,1542.7993680688987,37.43121940794774,128.40380205211233,0.978570759002254,63.79347846710128,4.5275822592327835,0,None
300.37484783416176,311.39437665444586,1543.57401063737,63.920262493015855,233.6735125273879,6.6920356334547595,80.95255766244735,4.18963995222664,1,TWF
299.4334838217562,309.3160911700788,1672.0114067856127,51.2748915865394,82.03143557602246,2.452182577374138,60.39607985797492,4.968373619720336,0,None
299.9911779128137,310.2372975190197,1510.096946091294,40.83654446715824,11.799176585644295,0.5814878518618576,57.95539608174531,4.822734762474502,0,None
298.20841437789386,309.9802855604384,1595.6355832842928,28.089491943367342,118.08937518027228,2.5098620219166183,74.98847996547885,4.253533421359466,0,None
298.2288192269949,307.933729087127,1349.0251608654298,35.45586729291167,29.180474509538904,1.5845746309136084,69.62293085199894,4.716213640417794,0,None
298.74280262872117,308.492462167492,1529.5102821434173,30.295783000295053,119.5734068239182,0.2980723527298644,56.98338880963784,5.605734976487571,0,None
300.8013676231418,310.513643795264,1206.9405542945487,36.694429406275795,51.721687261163076,4.742922881738158,62.66405282549702,3.8535017433070746,0,None
300.0028200071941,310.2004136879795,1343.0231553054416,48.637338875325156,54.13218548794208,2.04488129360379,58.755127774793294,4.462031181414608,0,None
297.9659973516209,309.1337984126808,1621.4494478879708,25.122911376278594,137.35599406617376,1.5457030711260056,63.3853374849065,4.652268699257979,0,None
297.5927877040511,308.40743334405533,1423.2020119704848,33.62286507942941,32.90853180070901,4.591571675058753,60.293195838862395,4.47980668010982,0,None
299.51228771821644,310.35453923433874,1639.3439271136992,35.00135625726103,141.82173822863027,1.1004604652710128,60.842223625967776,3.830096274669829,0,None
298.8184450058337,309.9271223292829,1632.464393329217,35.3945254037407,163.26538118172522,1.756564806310692,58.86649724886813,4.068592377063693,0,None
298.6917723385463,308.7431636129624,1458.278901301236,36.330625062497006,67.98113745692439,4.6464629165320455,65.03178719723984,4.103531293122545,0,None
297.921998624256,307.6917498888188,1305.9534217340565,38.91312131849803,143.9643553338146,0.25283018162173165,63.34550691297357,4.172814924012813,0,None
301.2095777061813,311.72974640021334,1835.5814867739418,26.793558847184247,113.93394547114067,1.2656391922016814,58.6915352971886,4.906017533447355,0,None
298.04340949332544,308.9266120080396,1704.7800891506472,36.59195470046987,159.6237828365571,2.7563372710622414,64.66736278028525,4.029961719032014,0,None
297.063851912772,308.65390219494196,1559.5512343902255,49.17845211184205,13.441929836986095,1.7000070872531365,61.52579114985279,3.9736464136485803,0,None
299.63438000263324,309.1970565247792,1463.0294896506753,48.24625562080871,143.1279611283327,0.7233094816123551,61.21057198168386,4.46457041828478,0,None
299.40028644409,309.10599364322155,1723.484827793885,30.29374702712102,20.06921741626728,3.558586397391299,52.90827978365789,4.456447397320735,0,None
302.7434768077778,313.4807383586021,1499.4026103788703,44.658969805904725,9.955301712326087,5.572960444185619,64.38087341778392,4.372008037712175,0,None
296.1961203278794,307.5426149879491,1206.6965252267105,38.26291325049041,84.29535951576914,1.3183399336905601,61.39776791743778,4.149578507231868,0,None
297.5153035096845,307.39410419729006,1575.6623592332294,54.695580030361214,13.42941490541984,0.9780108594002165,71.69402333647409,4.642056647675092,0,None
299.0320057059428,310.1808212786031,1199.7570353070296,70.04044899697341,181.7949856672806,5.948423748855467,82.88565428023132,2.326531714986745,1,PWF
297.4021371921153,307.7226820154128,1113.7480845059572,39.4676221151543,145.68827000566205,2.92595890259443,62.566021106178404,4.18097591532841,0,None
296.3075322893776,306.7219551134908,1511.6351917914697,28.654815617958864,81.39051601004539,2.848683471489144,58.946542721862656,3.8669153177466375,0,None
296.9453331285987,306.6246386438231,1290.8785504407197,41.96732057276364,63.67072429696744,0.9373722457862892,60.79086159635228,4.491980269297922,0,None
294.22398274423176,304.74917599404137,1371.4520891447069,40.335223596396865,81.85314744503233,1.2304301004104485,65.04461189062434,4.7286718071092295,0,None
298.80130551926766,308.63243218309196,1286.1389139175978,50.6604893355131,101.11876359753244,1.2144293201983076,64.06315937214957,4.648407113457533,0,None
297.14553628692966,307.5937854029036,1440.942680058825,37.80976943907648,7.975191282418553,3.4848503800352972,66.44380872718008,3.726194701560178,0,None
301.9285098037435,309.3525226398953,1268.9254146566,59.39703358841718,130.86634812410682,5.378261753024485,64.45650317885864,2.7234195035780915,1,HDF
300.694291920319,310.9326780662312,1690.1558519401863,34.20292744813308,100.19895443209555,3.604280256111581,53.60374880392705,4.03239981703809,0,None
303.82659917188954,311.04502022239933,1260.388722572481,65.85661041635475,151.3223954875094,4.58088647591769,66.77640881918036,3.260869259388016,1,HDF
301.0311139216314,312.06075538943816,1417.385924549519,37.01768471774123,128.1420437860306,4.39500947645478,53.582985921606486,5.673224678432357,0,None
301.83334880555,313.0597186564516,1662.856657483199,44.92089031553979,15.693694915391522,0.5449375890999298,61.28485253619792,3.751453700684134,0,None
300.260956985253,310.583677229745,1684.144610598757,27.03177921624338,86.41303479487142,1.3242213070935716,58.08221388101771,3.8848913932607174,0,None
297.57750582046043,308.3527489577112,1612.7819425342677,42.10757032624913,91.46260079795108,2.7831452988385124,71.60118775793364,3.547131397154075,0,None
294.64621181246173,305.8772291095702,1537.7287635365683,6.85959786124409,13.089413399464378,1.7166136047320544,65.64077549434225,4.122703215483299,0,None
296.06563329558696,306.5150141276694,1262.9373829114402,24.941401828731124,103.43737418834851,2.066084348380425,63.818230135153875,4.49966070166483,0,None
296.09845935360653,306.51350408157475,1403.2275964865364,35.51022825942552,174.0707727437919,0.608337886578132,60.89206185424031,4.513055176477593,0,None
296.35109473068087,304.581089577563,1529.1049989408937,34.45339892000432,4.040683969385145,0.3194915014812582,65.23669634359064,4.613927980256013,0,None
298.64322541967505,308.9410148155981,1490.7077153564567,35.18857853454292,121.49849548893685,2.408282861708477,65.29620068632751,4.684274052875649,0,None
303.733903401615,311.72918510747337,1331.1866520888493,65.40090808722002,86.92275088160223,4.08669256002971,71.27931412251182,3.0518841439403555,1,HDF
300.32738864243146,311.70996270007436,1538.3166359521535,48.07071210374396,38.3019861576707,0.8835246334388711,59.12306076593361,4.537914766392894,0,None
297.7818065063916,307.48316108615876,1709.8450863748226,26.514815780273533,48.297030892458395,2.009861183268317,67.38831175129347,4.477529961948442,0,None
298.2110237297264,308.1446949771871,1406.9033029218642,42.132270207997124,8.55956942373523,0.9013788085871043,70.30957242632479,4.034679956512645,0,None
297.939583928877,308.6894864972503,1513.5379983244536,34.47491299287344,107.2938292922282,3.787670551341243,70.00825208180756,3.866620501650698,0,None
297.5257029158001,306.3419033112249,1667.9708029913647,56.496947733148914,59.771465574643386,0.594282924935338,64.29252035334815,4.310431652442709,0,None
296.6052000681982,308.06162517866755,1320.2854566475444,33.134052888403936,144.75627366515224,1.349101856475643,56.37599429415541,4.204749509518069,0,None
296.3209944366501,308.2196058206591,1199.7570353070296,75.68612766297117,188.5012010135347,5.45230255896605,76.575271479735,2.4969005477449207,1,PWF
303.06738807003995,312.6603237845949,1459.18797840052,31.58435033998702,113.54452838760746,1.2113236329886465,60.200881256511515,4.212575377463489,0,None
297.81211064606583,308.46735220095053,1454.9834020279482,36.23941668638757,84.2718444972705,1.1064156724134362,60.79921756180713,5.1749150099563055,0,None
301.65524037578444,311.6728195918177,1542.3582262801804,77.13233419868409,189.2733848249884,7.803154877269699,94.87184979343601,2.734013216109918,1,OSF
300.85826190442066,310.72141059424416,1572.5072306499258,38.536337677786996,174.134056823126,2.9558137002112304,62.83104528155171,4.858828145164824,0,None
300.91072015410833,311.8021237821694,1509.0695585084543,35.201842588185784,104.81916135667821,4.384315338029286,62.76198099798744,4.1613566516234535,0,None
297.53649554505836,307.41953530541895,1574.5668488783256,43.063677743801236,88.6140943733131,6.232090239662977,69.56566441902429,4.646209273717557,0,None
295.97952643872253,304.3850198797687,1634.7791736325075,41.16694030958236,86.71932724948522,1.0728171756162748,66.94652755425656,4.0372288258083815,0,None
298.6808934086086,308.5285929059557,1500.5023912292525,34.124138298572504,26.029764227512057,3.0915296390196265,62.755315262350024,4.94647796858697,0,None
297.9511747654832,308.68393265695477,1729.2855112364057,45.81979989362145,71.17991775847949,2.3562495769080005,56.200525931651924,4.522090246824682,0,None
299.8964181977474,310.3805192894527,1625.3832066066586,48.140202258986406,40.2035644707425,1.5465696653329493,61.27560031910853,5.063079019822241,0,None
299.74772381186375,310.67332877092133,1492.4964338006578,39.19716069583729,50.90395314273839,2.0356387802629796,59.993031239254556,5.024329514106675,0,None
298.90028480279625,309.0139569312278,1649.6423842887816,48.497178865568834,47.107627030045265,0.5748946578573177,67.22969246384987,4.8160723542187895,0,None
298.22481980666527,308.60169562508554,1622.8959460398885,42.613387044640135,174.1304643760562,1.4811556980932739,65.57341192624907,4.0234611058502345,0,None
300.6419969997478,310.48110740637617,1699.3410463354667,40.500010821334335,83.88665061277082,1.3491273108143818,55.47783305214841,4.5427161732903985,0,None
298.8467579006515,308.6967212845539,1526.6792627691752,46.63497601546505,161.67315923372178,1.5661404281824005,71.11024693677088,4.166838109227738,0,None
298.6205035590341,309.27196620486797,1690.5310157654683,36.870799819215726,32.96877192062542,0.6190095806510808,56.069999729316734,4.037839781494646,0,None
296.29287673025334,306.53206673359983,1351.0490461691802,53.75682176873113,57.55061069286851,6.576197358352912,61.338565571202246,5.071331141457871,0,None
300.80718737944886,311.17748819906495,1519.0893906090503,44.433951962978604,139.47058630676727,6.188899469201115,62.70270573903758,4.714687037703128,0,None
298.1456991569764,308.0269344817496,1399.392704318853,37.55472954202371,48.5258998469741,0.2765849569144317,65.15634137603884,4.854813571018429,0,None
300.95483026906163,311.4910084362616,1586.671779176523,57.38847985074272,86.06394651096495,1.5018249959215422,55.83007166193761,4.662823661894974,0,None
297.632815980349,307.9683136974344,1662.8956443734776,39.968679874788215,131.4585363789925,0.4415516309505581,61.05191238033328,4.387507005736017,0,None
299.2407983856778,310.18230716313553,1445.7932535186837,36.10540506704803,115.75843454985024,0.14869737017481044,63.30441182094154,4.6220635104430405,0,None
299.41736726771893,310.76548232265594,1541.9751698754376,46.72965008889971,108.2095555239897,1.3745196227058565,61.885308333249746,3.022487025611535,0,None
297.6923286220703,308.19362384715583,1430.779856605712,46.69317472289298,14.285538723984203,3.52819423377494,58.09545670439675,5.22674653521286,0,None
298.4431440642771,307.1642847299273,1492.989968542835,37.270603885430674,151.44073211786917,0.8292290958612328,58.5164814671665,4.232230114532248,0,None
301.10131888587443,311.8450833916056,1378.8432921344609,44.817533900567256,244.84008878066618,5.514036563141415,85.07934028583854,4.138969546898775,1,TWF
298.9808742102103,308.72682780557676,1533.7550854943797,31.970906918255224,140.4603237800059,5.4890343942256345,63.20924627467369,5.476116109897664,0,None
298.7236067770946,308.2673717662152,1375.11339588121,34.23336296449147,75.71551884587545,1.5162054703864827,71.31196109512739,4.27120554737025,0,None
298.5409398279957,307.28900246401287,1548.1009666397458,35.12226098111629,51.99091953655614,2.3337720196781224,62.55655672037803,3.932684165856622,0,None
300.57627226396096,310.41658246361317,1633.4143206400938,44.55662084139492,52.77020232555144,0.8646415344653734,54.10151011519571,4.34583489002465,0,None
300.9331761739221,312.26153090705566,1782.2450540800037,31.04588640253746,42.38012153327349,3.6245733807731697,63.04539520188044,4.004618313525522,0,None
301.8017784166932,312.2874624350865,1614.717334720867,28.06142900310372,122.32174545688203,0.9136801071437706,66.84005572099998,3.7657866992995372,0,None
297.8934744053596,309.9113053611781,1577.5270598625655,43.34436771053732,148.5170182332742,5.73445279344456,65.37803819525877,4.897582888768279,0,None
295.7954520823924,306.3057149972273,1670.4332353615332,50.30485305014183,56.7270205183803,2.4150182728277425,65.54995811505896,5.122490556407193,0,None
297.5964316967075,307.88702506453063,1853.729717868811,46.21622872031765,166.93293069761873,0.33742007544048735,62.7889957877081,4.902063486726955,0,None
297.0031378682245,308.817760598341,1195.440421033208,61.942234550668395,175.79027921289148,8.23009534813788,81.78093887679344,3.1990966209689846,1,OSF
297.9974978773021,307.87944287829714,1483.5707784748588,38.95362992062938,5.7607526836919085,0.8093370129404209,70.42062013248764,4.664730873911492,0,None
295.84799556250647,306.7866512645501,1454.4351987172943,23.27530873388534,91.55231105021954,0.442596046532445,64.99596977376864,4.344438278010048,0,None
297.5825944650794,308.52416587254487,1544.5883092578094,30.666006989467846,93.98798778308206,2.4682995590145214,65.5664380381715,3.8728552005446466,0,None
297.43485152809995,307.2902118041926,1493.3733330634268,42.139591956168125,143.8753539248153,1.6198596525425517,69.21091315531882,4.443540113912664,0,None
296.80552402536364,306.756151750961,1572.073276430493,41.113962503661796,128.0544953774809,1.285135541096436,71.44329103810935,4.487713521639734,0,None
293.7370172120679,302.98449878678343,1412.3735776984536,30.078660693738293,0.6210735763349795,1.130483952323544,58.93579074972765,5.201311476663719,0,None
296.3458472515929,306.73124011930156,1461.7680599112723,50.856745682867746,124.02341009607552,0.22600167142090635,55.869379847515326,4.568154512810754,0,None
296.06440081641335,305.78328077748233,1749.0133671855358,32.4814307485403,15.768073950514955,1.7753263523783194,61.30674917534775,4.603510254695415,0,None
299.9426771829926,310.50826823405237,1485.238107884602,36.010478244738394,71.4288163577721,3.2533469130773387,60.20485464885041,4.505052275527965,0,None
297.0846584646739,307.6519930488225,1595.586533783536,43.25020861777081,138.8662213120568,0.05882479897538367,57.85868757201139,4.929806469689917,0,None
297.88982135156857,307.08268298432114,1427.0872234560813,52.76736796787512,167.74075643174962,0.6584241450868908,56.05692402030015,4.64335235644299,0,None
296.590545562795,306.84223276969294,1656.2225921284826,31.094843708113622,6.198320324151155,0.42384811318297194,59.271734380178025,4.775489827151756,0,None
296.347616840532,306.4167579018947,1755.2571846648082,55.1810219013917,173.08186730726425,2.9400467494217253,61.717968068709695,3.522357357794299,0,None
298.9058904664585,308.8589830406294,1586.5327566927454,40.16478802797469,37.032682286141764,1.6382277254321174,66.4831613230133,5.13690267764048,0,None
300.61223085942197,310.8354953961842,1647.6790091034047,52.058366205269536,122.80708514523721,3.2513847533564313,55.004284305370156,4.587204374280544,0,None
302.64847836657253,311.94830087741497,1628.946087330269,28.352549993069257,170.0388558084113,4.161351752359878,65.93846738823524,4.517111659845133,0,None
300.63682539233406,311.74952801591854,1541.6632608324908,38.11028930172614,169.92221012845235,3.133385218105754,50.93236370954837,4.879670146401058,0,None
299.6716388685159,310.29217248491506,1566.2638540702271,44.63745547675279,205.85758450563824,5.112973984311083,79.50723769500729,4.622283072818271,1,TWF
297.70751738829375,309.1899415559803,1764.7949141315437,39.54361545141339,114.11940001327743,1.3650519410533821,67.81140853665988,3.9366455208257634,0,None
299.76324863457245,311.022924291664,1466.080836952814,37.129543360227835,37.67203545575047,1.4228219897530694,69.8684288530069,5.054220810041269,0,None
300.1672022765542,310.14425896404424,1401.1862142453515,31.86669986239047,62.819825195226514,1.7017864734481205,60.6587279267861,3.916653230405002,0,None
298.2558616174512,309.55732150039677,1622.3307345234964,37.55674253486839,123.22141199067606,0.8769802082277686,57.42027637777151,5.001080476395999,0,None
296.5821561284309,308.39079437333953,1477.469973445955,37.05468879317033,27.905517112684254,1.4587361813110575,58.69909814908909,4.141627795095158,0,None
299.33526834267417,309.9480545023638,1660.9947738578092,30.006763236687036,91.68454342326952,2.8459033490613317,57.15526240815637,5.064716158906553,0,None
297.0160182913488,306.720475473909,1573.3439828595479,51.80726314867351,136.64452084691243,0.8283100292349086,60.51167186080806,5.202051717602551,0,None
300.00516407632927,311.13146306428814,1466.2822813608618,46.74542592579948,113.52835942794466,0.5024028259132111,63.411697609826355,4.357138177062364,0,None
297.75111295020895,309.9056937834136,1642.5011716476629,33.39850996135512,22.413739072353874,2.0552175101106154,60.3733556080758,4.252194200886365,0,None
298.14302547791294,308.7763501318008,1472.8044595391782,45.16154706850358,0.7653938426714163,0.5767868588975578,60.53944100932039,4.658173852923254,0,None
301.54525643696024,311.7238204154069,1775.164633511014,57.25447342055996,17.30245213438892,1.726024005825623,62.535117798685526,3.966931298934578,0,None
300.44313432091786,310.66700255655803,1531.763400421587,52.57091137067263,84.03035232542817,0.15685711633212554,52.06745957670789,4.343878101101945,0,None
295.6202884986424,306.6214362366056,1445.033151893031,47.28003626401286,53.56819302758295,0.41992783005537804,65.00707373707758,4.306062080835207,0,None
298.33533303911497,307.5572537034386,1499.3364517281095,44.85578131926927,8.33216622481042,0.8700174059682423,62.00285683797807,3.8880423975806435,0,None
298.56989948992384,308.284056625622,1637.430494131719,35.98649945411336,44.59308413776675,3.3418454186089006,64.03476219451214,4.421721496625224,0,None
296.73356120920334,307.85926521042853,1644.8995579631232,33.15950303703861,138.14201812051013,4.359398372600922,59.407772926577266,4.135458026305641,0,None
302.7026873757634,310.8230811647046,1177.5913554998026,63.00998503252835,135.2284863843067,5.109757648589506,64.67407283388734,3.281570355286185,1,HDF
296.5757713074769,306.8977913900543,1457.2574161973196,33.160465207075184,55.35635997665912,1.2796351553601002,59.54504222332892,4.365205180529137,0,None
297.89540799347645,308.92908410052394,1376.331199818771,67.99858706030953,195.43023766660625,8.712431748134774,84.12563555804606,2.535762291849328,1,OSF
301.59007219830494,312.2591894522815,1522.8589614353643,52.290595119929485,115.89332081625905,0.801190566635442,61.50402225234978,4.139060732571209,0,None
295.9474104883367,305.29252707860087,1648.1986973961211,34.239378872565354,11.268765631591368,0.4775966498008871,68.04108697473191,5.736085725681266,0,None
296.39297359239646,305.69259235306606,1732.9399752696659,36.68577017979967,119.40024630864707,1.726716102289625,54.35670536451808,4.694673511403395,0,None
296.99054946552894,308.08228984002324,1512.2716331493532,46.18369975275099,22.80671987302119,2.316263734689854,60.27264705733054,3.994787806788189,0,None
296.92322059043215,306.6270814225128,1491.572980706644,32.40327604149306,167.58076494532992,1.6871236194062533,64.62037721826289,4.887210701802744,0,None
299.83535690291905,310.9080550986718,1344.1080437085516,37.83598115288616,25.44900034170197,0.24202693665997413,59.705974174980334,4.24011136587322,0,None
299.6212843481318,311.0960685200291,1749.1193662607748,39.05931964107365,137.2165726014734,0.3858665993867921,60.93045735076607,4.442228581362388,0,None
295.2730989134783,306.0519750093671,1437.539976821776,45.22835365685133,158.195830078401,4.746215126611481,58.558086192546355,4.118925446246602,0,None
297.09651478698595,307.2005424026915,1644.9643665613687,40.90435115588647,80.34773386070137,0.39729584600069273,60.662045547104384,4.963650096118568,0,None
297.5851924006158,307.91608501676143,1593.6090394080168,32.18641045804097,72.51705463734841,2.909310803316248,65.32077008488301,4.881430242215264,0,None
299.645212009982,308.7474346764098,1582.7211170224962,48.41879790914148,174.97750169797342,2.296932515231771,59.762401372028364,4.1709780381232875,0,None
299.45876555191916,310.22936937098,1466.108465737077,44.23686302760037,211.38960148692033,7.424459205333484,84.7990794550559,3.8291086390309026,1,TWF
296.9980995491213,307.40716619785616,1427.519201616024,28.6071225641506,49.36183429524842,4.692784803462162,61.812609118094684,4.945909089035236,0,None
299.8126086987046,309.23659711156006,1790.2135950446536,40.11027030351275,41.37069281679506,0.8571046346926189,57.04985294910175,4.703828801051909,0,None
301.0267260476517,312.34723173874977,1595.669250248679,46.53978040383791,47.56158770845951,0.7897404167018054,60.352137626081145,5.059112159790545,0,None
299.4789445010925,310.80247498185673,1585.4661535346959,44.33815758622367,164.72574131899847,1.000375089042004,67.86024135985146,4.104312153992994,0,None
297.92607739397323,309.10008851113724,1340.2691104865514,44.10287118581775,174.87740829361223,0.8015655147577484,61.226136478207756,4.818285538835089,0,None
297.7447908434468,307.94963929222166,1827.2902635990708,33.92072083490812,63.592089924386876,2.6917112038000535,64.57302750612016,3.8581127718715047,0,None
297.7678543562195,306.9282787878569,1332.1785304529203,41.44282576920926,87.59444349812195,4.942307715685472,64.23781931959948,4.413591810683327,0,None
295.53687712558974,304.8116488733948,1492.465778066762,48.98028099676927,7.75814389039925,1.9814424886444557,62.3542769766629,5.070975305105055,0,None
295.89362180659583,305.7247720849158,1225.6179743408773,51.91278183836602,126.21946705020443,1.7888732825159932,58.47084266313228,4.609217247528842,0,None
299.39866278276327,310.32093426269574,1558.9246737879737,47.370177475388026,32.50783483608677,0.6612386990992605,64.14638758399107,3.684418005460569,0,None
296.2589733826429,306.71295918023856,1626.9885435956744,35.90369871794502,119.29723226449605,1.5142217916914298,59.827981076261096,4.0934305091282255,0,None
298.0739859124191,308.6388519467398,1522.510976654701,32.14598870173705,55.84941521848383,1.9541157693856757,71.74286997845573,4.650574317023476,0,None
298.45052515049383,308.4774973194523,1576.5073544476288,43.33099203264826,174.81501834659062,2.022367379613089,56.2818352415949,4.37922294977321,0,None
297.03914343750046,308.90877566471477,1560.6217200544718,32.6363194470003,144.70631591947824,2.4493343769176317,63.65037518878518,4.509268695025988,0,None
299.5625464803096,308.81335190235615,1689.1526781163443,33.81967201319758,86.84115542724145,5.392224986003033,61.07739439952871,4.609585106845216,0,None
296.40919629112625,306.8288157146689,1903.8352060104414,54.354643988529915,3.276824914018367,1.4323092527718406,61.60334786466012,3.7160400927384103,0,None
294.7402280875509,305.49620024046703,1593.8952982466687,38.66313671675858,23.96026368345585,1.7515431313998553,62.070823608795436,3.7064985041509226,0,None
298.2061715988613,308.39711361850357,1242.2433117081027,34.3912611895789,50.16144924844562,1.2858759864271727,64.78034936190448,5.261319945836586,0,None
299.75215150469865,310.18744870640626,1441.5923986744606,48.42742156450242,9.237086340245954,0.579399542488193,57.70557691482958,4.574051609713455,0,None
302.3608144892528,313.3855625057163,1358.8454562391425,64.74612465862359,191.31443977489263,8.344497482799182,95.87016859851622,2.343731417707729,1,RNF
301.3868174843845,312.9349710108492,1572.796297023947,33.88739709093479,146.75109161499935,0.7386272122201758,60.751137449870406,4.5525253911328925,0,None
298.61970259308504,310.61367219641414,1556.0783126388853,49.11475273720555,95.54897369902064,1.4120385994512286,69.55206452172476,5.468108642102968,0,None
295.5665652061222,306.9260196162947,1381.499120299759,33.55578738505146,55.39410298361783,1.3771103590706697,73.64239209277446,5.403159296918782,0,None
297.7579297369973,307.30771754506327,1429.397606445871,45.28446327784576,54.84685258843436,0.995789215601889,65.40608474896938,4.52797010899854,0,None
301.1510918727754,312.19767028460643,1629.8158302910417,43.1552251090825,16.690416382154815,5.890048171501516,72.76322473838907,4.78827085818979,0,None
295.8610461762957,304.9361194447232,1694.5208019211634,51.23889297344411,161.22512204401878,1.4618048583695171,60.42366749580199,3.9331115717370917,0,None
299.37620676365935,309.4082806409251,1514.2278386177713,51.69845176022549,139.27071531632726,2.1550893736912666,58.19079981488805,4.703548614799006,0,None
296.2824847315221,306.5842827969303,1817.953255336441,45.474257642342884,153.83059507838243,6.213771868351828,59.26715506351157,4.855796769012256,0,None
298.06237713086455,308.0969515041509,1399.8159484122846,53.70775206390989,24.601347516039404,1.1878779866546296,66.4317829924898,4.072932851608794,0,None
296.8801123344462,305.7641704687213,1644.2420957862382,25.984561530595006,75.72362861852315,0.9601473363948514,56.14186519371344,4.2247563680040825,0,None
300.008377833498,309.8542319162139,1606.939680577813,35.92311008810597,115.91503426934356,2.821628436030295,69.55639849221687,4.286476384834076,0,None
299.7943590453815,309.87990382980144,1378.3511925779617,34.79181690261869,143.92426730146647,0.65993778208085,65.96931048795432,4.318554400640814,0,None
301.008565327357,312.10055332439134,1315.8966934481039,73.2653809096829,174.19592864305548,6.015166607689737,89.06411302700441,3.0675668222672994,1,OSF
299.90188296662086,311.5640874027218,1672.5207805002742,53.20657780227077,61.74105162153351,1.2476642469268697,62.1863372036299,4.747645277693698,0,None
298.66908072292904,308.85870874780306,1549.017053140472,47.425309359111345,0.3641118558500078,0.9821892591984643,60.08399826958484,4.338885913609292,0,None
300.1441162649293,311.91723655913955,1465.3808792803666,43.60313046043177,174.50115195767918,0.4690573448665265,55.95927635842273,4.980666217853384,0,None
300.78683942412715,310.4106230090529,1771.407827172259,45.655972022561045,158.06116688526313,3.2021286437043655,53.35397683266401,5.040563737059975,0,None
295.84926607885455,305.80042627322644,1387.582922533312,54.442908497687284,63.316289406210785,0.8519185291259787,67.6134783291532,4.578463250626972,0,None
298.11271368553076,308.5893405608476,1702.0142366823436,39.344085081054,108.15889145869015,1.5907201822040278,60.110647139985346,4.0246432796627465,0,None
299.99684369366287,310.8314082983732,1446.2788320913114,31.077882670430085,9.558768885581689,3.6145465054169907,61.85964123662283,4.7821866718151025,0,None
298.8733127944387,309.39141747658016,1394.5244364285165,44.07299873575306,172.94325224579293,2.9062426661370226,57.34670751736478,5.035266786778943,0,None
299.39411595919717,310.5115529009857,1484.6603032777348,48.76050149900517,46.14719470393672,0.27162944196714084,54.26983820561905,4.4779419961641045,0,None
297.6868124203514,307.4523971710402,1711.052655896738,46.60597639388444,168.96091422661235,5.614020893296822,73.1813527056317,4.612568771287708,0,None
300.47167556409437,311.3174489167018,1702.7603135462975,43.64972726688964,70.42323649497186,3.8932738168666097,64.40271829126577,4.181371252698704,0,None
301.37251146060413,312.4154939160277,1351.4500073038391,38.62856099384598,119.23897572659794,1.221015934094665,57.34876014375449,5.097431835558218,0,None
295.3915033267442,304.4549887886402,1616.2474404299073,35.57614098633219,120.16547794707651,1.0423017765749982,57.326055139123646,4.618311760907048,0,None
297.07265667125097,307.6631690368934,1481.345117627027,48.412187117318915,138.33896670530234,2.0968516047227777,57.90222711032945,3.835515821774899,0,None
295.5647696665456,304.77551577926334,1304.6781357066632,29.638742886185213,159.9829742233644,1.9993157107381752,59.860958558575035,4.082729935648035,0,None
298.73458773618063,310.2303738564651,1448.0971692446808,57.44265616533188,93.12737258888232,8.912084173527727,86.72337800521456,2.277204185656943,1,RNF
298.4773869474943,309.63288556200587,1370.759758953099,37.61210682024005,111.3003156980681,1.7829718228231048,52.47734192006243,3.7437042667339897,0,None
295.66519348548167,306.98363872968343,1378.481114691749,44.693395930343755,67.473504019306,1.8101411388195177,61.02452084194407,4.877486662235397,0,None
300.0454053059983,311.0194591250762,1383.0925289025251,41.87716400446727,141.43724534038802,0.222428254805854,61.86981931835857,3.981200152221051,0,None
300.1257826119466,310.79402504412417,1538.7177346051483,40.92542362192434,77.35483147532416,2.7369271914901496,63.0836118667959,3.8859398299629047,0,None
298.7680625720684,309.7998247683349,1536.8589527227198,40.28517978979484,1.3471155170747373,1.565694755106873,58.96161498808861,4.607753674823823,0,None
297.5304647905494,307.6635538816685,1586.652274898603,41.072869392362996,98.68111974512156,2.361970240187511,73.33868634819338,4.109542426450969,0,None
299.32287190932175,309.72003487472017,1630.203470015148,46.92983482907414,106.41770769911605,2.213312518665108,61.63960290453415,4.612593948784202,0,None
297.00793946942247,306.85613466716364,1544.6232630070247,47.136688874968485,118.85219547943528,0.5345111296815226,64.1653779461189,4.176700186230356,0,None
301.3416927792395,311.26885803021884,1637.9249945653983,34.13064517789164,104.2037380071269,4.700007843145081,62.184979178360535,4.583412785732148,0,None
300.6228774673036,311.6241081579732,1506.501759398741,43.571337483382386,140.5991245921785,0.4101440632100489,58.62796347296778,5.254067874386077,0,None
297.99628616533954,308.89888781713915,1537.8339702982564,37.58658234987129,40.248182326002926,1.7006278246532631,53.96625903597812,5.003119778379189,0,None
298.74401724862696,308.7581337020572,1386.1345085655398,45.345938290483346,114.00831538758725,0.8625373515399153,57.84572188131638,3.9677036647787185,0,None
295.9468280766548,307.14799259305715,1348.19627216898,40.40383016163254,34.86732875230818,1.2836106674633003,62.538555724396765,3.968981666862257,0,None
299.21720977559124,310.0057280887399,1296.511278695808,34.59574485439408,140.0717610818931,1.9454530050677703,59.60293411888534,4.445629818488031,0,None
300.65528540812454,310.07546695261954,1402.5172703904734,39.17453420989641,26.24493540611201,2.00408446812827,64.76770070889212,4.191777862206246,0,None
297.88229333250604,308.79041930763816,1501.5498750887184,32.045482834490954,143.03560659198814,1.264105491455641,59.27814571702337,5.54281429436779,0,None
296.4625698494327,307.55315963408566,1324.8857033465147,27.166167244190795,27.785850100270896,1.8436710798854938,66.37184794296036,4.441606830066938,0,None
297.37343276616446,309.74835600841453,1561.5644578357023,29.74599352006441,139.92305534239006,1.2815247831330205,56.602355486345495,4.998630131510153,0,None
298.56850491184923,309.43570011318866,1577.4465544457287,31.1010199343294,141.14541430923586,1.8293501773608005,64.3952881448627,4.502271189889993,0,None
299.2383339303,308.1579437133263,1359.2680892709486,42.88194499782215,14.607126656842514,1.7134324502036566,61.58379476819122,4.528701988509655,0,None
296.9988156363705,308.0679440999429,1747.966831698157,38.609092843157185,152.5849480327614,1.5040234665430119,60.77656325640746,3.801343351405502,0,None
299.764340629243,310.9401601298684,1930.9092415073947,42.284504707101014,115.3448662837708,2.0340495916653296,66.94243355129161,4.8447450983706615,0,None
300.34295334649573,311.3972394138857,1402.8979677604311,33.61418148584801,51.009117701342234,0.3453598160962945,64.50718735043353,4.637546626499886,0,None
296.8815403994493,308.08666642258817,1674.1191518072026,29.279813985451533,80.3665434887159,5.224122745869437,57.553809819870686,5.053066497733313,0,None
297.1566408837177,307.8745780010406,1807.7763388099513,26.07976255593666,91.79081496476667,1.8586558208145079,69.39469807959345,4.283375950130992,0,None
295.74412328158564,306.7676681032701,1385.3315456901876,40.86246702074479,56.000855008235916,2.3956010542990325,57.41601066525991,3.600570305616566,0,None
296.08459418967294,306.7471829533418,1226.1317691687523,34.177851137002726,82.52773663035171,1.3501331042885505,69.11793666332666,4.521851596347403,0,None
299.3276937182827,308.77251891964073,1382.752692877447,37.40443927829813,152.96918485067638,4.2680535644033615,64.4436824487765,4.375630317276123,0,None
297.39420532436213,307.60503511100694,1444.0055115373818,36.30968122572784,119.47223833577145,1.4209179867626982,58.73134034275791,3.859190878947162,0,None
296.60870535539556,306.86580449707714,1240.1996767552414,42.02777151501938,25.884448860467536,4.008445629017868,59.848801231022314,4.57582763595079,0,None
299.43577166961677,309.06205839487376,1674.7503628734619,40.16376503002706,94.75014400337442,1.749475827395409,60.68212572676622,3.9572434886626335,0,None
301.16398690034345,310.3589188120098,1688.3930237667328,48.41206526700765,4.381358841552671,0.3279704487522537,63.68789407280231,4.8233208283665405,0,None
296.37712835318894,306.7942588704643,1727.981060589166,39.33803344736416,50.37100955276456,1.9199280530437237,70.26011197035238,4.505762788050928,0,None
297.1300846588531,306.4138552250606,1494.707907450176,45.90084095117298,40.2627086931481,2.435913433008431,61.13552949552547,3.7771000488768287,0,None
298.2221399189493,308.272666239468,1544.806674399637,33.52479767776248,11.276584471721149,3.5576812574582886,62.98994135726679,4.289233692987516,0,None
296.89107793771154,307.3100533627503,1469.9634576778653,27.2934665599562,171.57855726136873,0.3013747965525076,57.39072822756844,5.148942226978654,0,None
298.17438613808713,307.01269025506804,1596.7049540197997,61.47752134309066,51.170786373089854,2.848736652354,68.56133927768478,3.8074946319980887,0,None
298.19350259445315,309.0002506195761,1478.3615508408875,30.636681220304254,106.08102851180934,1.255748909680512,56.09526141565072,4.451585126517536,0,None
296.3318707383416,307.0733694429184,1468.9228220254406,40.46222068843399,101.6817067299676,1.7772354785000903,61.29694522766132,3.383073318161202,0,None
298.11156008565973,310.64306538388604,1700.0757350009374,39.432935507757264,125.43061700926357,0.8819676487897861,60.0004558640587,4.265614801353616,0,None
298.4300478556025,309.5953412845468,1283.2811925318792,51.31769563666943,135.54804373505277,1.0588997512463214,66.00936736028123,4.834827476619777,0,None
294.3678975816654,305.3339546367124,1562.8704496882121,35.672842568275286,169.54742124221852,2.042724934296389,57.159762885772984,4.661127578085697,0,None
298.1613502428666,309.34141370880064,1470.0178597424808,33.103945760353284,47.46376606722068,0.8380721240802691,61.01111741364074,5.169034494648274,0,None
297.56438569395203,308.3103085497278,1706.49170457581,35.37363334143511,151.8706869285369,3.698040476958248,57.919286014541356,4.287297945225355,0,None
298.75453738872494,310.56392935818945,1666.800464069631,42.40656299694111,48.87531176397899,1.388659588628553,65.2352730965421,4.7997222624134475,0,None
299.637156757794,311.7802117098633,1475.8608214221592,35.9399943358992,145.05095030432156,1.7864421295444477,61.0625259539274,4.323174358430078,0,None
299.56315181391017,311.0867667497183,1950.9568688943855,45.73067484473273,147.93364635396242,2.399708503985668,68.98876896518952,4.005427634096506,0,None
299.12970339508547,309.1436483616618,1578.917541630649,46.91832415055149,104.09531603782267,0.1267205657334321,60.739742054669904,5.077580849113504,0,None
298.303886738968,308.15878519567354,1554.7390073473548,58.35022955379564,94.34057591118892,2.5196760216231455,61.75500159073389,4.294470697620837,0,None
298.9317862536739,310.9799094857221,1604.5154811565412,41.25191446145636,166.32739096576807,1.0761187075524161,63.992418111749636,4.322984115881672,0,None
301.9232231104506,309.0291151728893,1341.5354850206827,57.40386138554404,105.11348722013963,5.556594367555194,64.37458913613705,3.4700460802036077,1,HDF
298.1250727254433,309.385085388379,1919.5112018656746,50.59305023907142,142.26584784030874,3.821479398491983,56.71251057817999,4.873638041936104,0,None
295.57666808697394,307.06066854514927,1746.0219115597852,42.947601094035285,29.625086797738152,1.7125987516361405,59.93004161558761,4.393608743638954,0,None
299.0931334398397,309.8814867808739,1511.8012139892237,41.91300164915127,122.25767855194616,2.3436853961227686,56.23004643636965,4.594466705157133,0,None
300.7160920588119,310.8840118276412,1448.0726300880413,40.809182707982075,47.39562455949287,3.762942356672268,59.84987086609904,4.969652665315644,0,None
297.1078657106087,308.0222615317218,1580.3239715627685,31.935152467562403,44.20840560531056,1.1496710372625307,62.406142515550954,5.161815084277465,0,None
299.0841204227625,310.0928946233319,1598.0698246910938,36.303613912691254,130.50469889649548,2.385085111599915,64.70724717164401,5.602402513358698,0,None
300.56037368140016,311.90626832570274,1702.872647722897,37.87416531165722,10.892652077786662,0.5140955516310823,63.58423179928322,4.856885458497382,0,None
297.6238732856409,307.0056289029015,1681.0226100462567,40.34195737177418,2.1294604418558016,3.7729087330777236,62.65093126193202,4.290373368278536,0,None
296.6268284013044,306.3534668887423,1632.2084733906713,42.706060858282406,84.63881635582365,0.6796093311372009,63.781104523478746,4.951720139200615,0,None
299.66833513542304,310.83002747827567,1579.3668825074385,53.41140075369373,81.4168801564888,3.43525032607859,60.57299923662027,5.771448222871818,0,None
299.9965552338941,310.56591339342566,1678.7667558097332,35.71494290248414,40.482454653717696,1.3945007342743287,60.88992710459737,4.720499972352578,0,None
297.78869709213785,307.7978270078476,1620.7901057369195,35.07197678538569,50.58370326551135,1.2144046032405897,62.81972429500079,5.23187590152134,0,None
297.7294530244154,308.6596675767102,1336.8283181538377,51.66925338639129,62.98388731139283,1.4876228539736105,63.52559446096846,4.285524470155508,0,None
300.2510839320647,309.53595527199263,1685.3217538242347,33.0421611373682,55.86193128027269,0.6967284256129757,52.47781497650557,4.27490978863415,0,None
294.5032387678422,305.90556596244505,1243.1877898831756,39.16564617165821,121.40206075592738,0.22033912879810363,55.25528788747087,4.180473973844787,0,None
298.98340910182384,310.5814949445477,1199.7570353070296,74.06549053223779,62.443395475083626,6.6878519415479065,78.62270019216784,2.4742077886412845,1,PWF
300.3250352992512,311.19038570783556,1621.8472133481437,60.98904133746632,159.17152838564272,7.689877033457093,56.693338998670484,4.4927513838709885,0,None
297.7232351247572,308.08862781716715,1635.8280586974195,35.748046026273194,12.429840150224189,2.7367706569391923,55.3196153309499,3.895257757255176,0,None
298.7130605895209,308.40673123317833,1558.5636740836542,43.93866453501904,42.3271863199133,1.4291852109184495,70.91665446889004,4.599664427847406,0,None
296.83218135702305,307.05504015221754,1544.7980539880311,42.28497981241395,99.88453940253275,1.4580859388256593,71.21889718625127,4.362177206536978,0,None
299.8427323889592,311.72045646720574,1797.854185314125,46.193763600974506,152.18297472872712,2.7755674486844146,60.38020923469104,4.464879974510957,0,None
297.2150548658623,308.05416645181754,1460.7688016750633,51.31065109678107,165.58434969099895,0.8916524793737379,63.966702478079654,4.105637024450988,0,None
296.59637530413244,306.8238963386045,1646.3702131734308,28.820848497847628,96.86073783757594,1.8254457523942729,57.95877646202636,4.6040533729525555,0,None
298.85885589910606,311.3595762974535,1717.695794065807,28.511230167657427,168.19677032405053,4.432904174372408,54.64310643550274,4.520389332892522,0,None
295.5812488853565,304.2300136325564,1620.578669616251,32.100681155016446,12.05006908131977,0.6288113860715108,63.16152927186689,3.821605485811861,0,None
300.66026575105735,311.0468597078353,1507.3508102511048,29.99303850140216,124.9504739916145,2.9548375225454055,58.13249426524089,4.248601603830556,0,None
298.88648870554346,308.6694225786698,1555.117748901532,49.64140196552446,27.434651533625395,2.1545576543430554,58.84538194813856,4.283133516344332,0,None
294.9838376537992,304.40083391403135,1471.4820071707811,54.50250454911303,26.645522769578417,1.377952335766392,56.798781243014005,4.898814947769539,0,None
299.2806213977536,310.2254390752274,1391.9028733945672,60.822513032655095,9.741575559834848,1.206343097409626,71.77997452209,4.652522843182774,0,None
295.0339116091607,305.6623033083395,1497.8843661554781,36.79898287894039,12.873180071100338,4.083263789926503,62.530136303245584,4.461142226494099,0,None
298.46111118469184,308.7188653944333,1199.7570353070296,65.59916065103619,147.56767309189573,5.062941303453294,85.05409763630621,3.491121999864118,1,PWF
297.13640926528296,307.2685975726186,1669.676048751815,30.768320372824242,72.3654495162548,5.018966687074673,62.8872687979301,4.285033992909669,0,None
297.4526665895856,307.83479440828836,1422.629336799887,24.958195229139726,119.47620610367801,0.711568847326504,55.46734417857165,4.580275969156139,0,None
298.16199382107055,309.4672790538967,1526.802330092914,39.407284342895004,126.37581577998941,0.9975781565974837,62.58868222964797,4.22776227259327,0,None
299.37494692496193,310.1944010063372,1643.7423731871029,54.46787869696444,36.415262598769296,1.3079805557156805,56.8193858558109,5.370747611348829,0,None
296.8741070165452,307.58494766610903,1553.6407754416225,41.09904825995505,126.92935071962258,1.1269477821290415,70.0902677051945,3.946862436697301,0,None
297.45241643757964,308.27996726209346,1502.4283681207667,37.97346744539299,162.06074023768176,0.891523954140114,58.67436011297714,4.820580561443826,0,None
298.07043878706907,308.4647033025536,1589.7473473826192,24.738066369928347,161.5645287350907,1.919083644315736,60.837582785418874,5.276118346957172,0,None
294.2709906433673,305.670812019356,1342.7097882765681,31.568186770086776,48.92492593984965,0.7152999871126713,68.14185824413553,4.863330751059551,0,None
297.0076426798571,306.600905865223,1553.545688581432,37.44869659064991,88.03698110879542,0.7990130525002014,62.96784659592213,5.267388798847211,0,None
300.6418972724651,310.6762931957569,1199.7570353070296,62.68620299211725,163.6871684447912,5.675679467367608,86.7555798363701,3.36406860115041,1,PWF
299.2494664257993,309.2807242871451,1390.7554959721247,33.09234376901455,91.17538026596246,0.7702898124165672,59.03009570747144,4.3626545962913355,0,None
297.9042317327777,309.9405257344931,1210.9361806325894,51.768556990543075,161.13384247140596,1.857375767851086,67.50048142498581,5.524854625801844,0,None
298.0779558088756,308.1527921677882,1535.5133508170802,52.385812668478046,107.51678695743189,2.8059355771256733,61.13391198437558,4.495155870903311,0,None
297.85876909998876,309.11981409542835,1510.3074462111404,43.28161627429017,82.52906764843891,0.14555888140586637,60.244404415497435,3.8466653845117698,0,None
299.5929300461303,310.09923419388605,1496.7307268566435,27.532896051958105,167.58988301802205,0.9653368890125485,70.8707714278142,3.9607480720426,0,None
298.77330182572564,309.7086781075979,1517.5817804562887,44.876092090351975,20.343006720739147,1.929912040201552,74.81318233780253,4.713851367629288,0,None
297.97370171937445,308.0830826454132,1562.4909916494364,37.307105895495326,107.83133928122635,3.2667705021925766,56.35593109395172,5.303716275472649,0,None
299.3745956180395,308.60772490620946,1563.1336070090895,46.04716770458539,112.86865988040933,0.9878149217570527,57.90655543390708,4.445392307593366,0,None
295.9201708404276,306.0615911473875,1702.9684213620312,40.04817168345427,75.70761325260798,2.0357965829543057,61.52457661790775,4.52520378960604,0,None
297.49740440220825,308.94265857534356,1249.8702745625603,25.14290831272733,76.7790113143221,6.016012161667548,70.91329939228314,4.271932536694567,0,None
296.4660388757356,306.4576059966831,1637.6133264946438,54.097560908717064,148.71539564041188,1.434599767814121,59.890918797555734,4.09475012954073,0,None
294.96851519819944,306.2469964470115,1553.9756841139674,40.805941714670425,85.69575737815427,1.1318136486881294,61.05086265366135,4.653708264591127,0,None
300.2539366759622,310.68776465684505,1586.907609267704,26.801373527444415,106.21544724668567,2.497744436964852,68.14523044812809,3.9347007183897915,0,None
300.4950348272703,312.06461008611507,1444.8131744554437,40.51113108078617,96.57898987076184,0.3418270748371166,67.12790193067922,4.55629362995353,0,None
299.0398565826811,308.8886480472479,1468.6148465988115,30.27871937227795,129.71659699900886,1.2763975658995008,60.94938086678013,3.402664160308613,0,None
294.04763729146254,304.5573289621771,1577.7732228847403,44.23756362162371,181.21774698164526,8.533822619967093,91.89993344964869,2.113025302053562,1,RNF
298.33259812755546,308.5145519151621,1298.3585133866527,45.05299844850869,159.54452575770378,1.7812155906180263,72.07633504275513,4.728369163400933,0,None
297.7237581368852,309.4005858895389,1594.43464743692,45.78722930851608,36.45210153982106,1.9310621076995562,55.33443929761566,4.698867621832835,0,None
296.6017599684124,306.81126663948794,1424.5543186328969,30.60909665274085,99.15530056958566,0.6506077857643946,65.59474145423067,4.11621467605693,0,None
298.15097307703485,308.2368190187395,1409.3651491938047,36.54584910573297,104.37981860377458,2.1143957007722287,64.1652488373438,3.9754480313558602,0,None
298.8354931538632,309.2594038357026,1679.3234731222049,33.63673380844849,73.84464160652979,3.5243160660600323,54.99591428674537,4.3164395032565155,0,None
300.0368128494775,310.661072848837,1766.2221486171238,33.89433313142796,127.18231004469128,1.5812416774864555,60.45815535645414,4.778461508254184,0,None
300.7728230500798,310.6673056269666,1554.5154060213006,50.042201269209805,173.98695958823976,9.022484101723562,96.9674359108471,2.750895821696166,1,RNF
298.8551583990327,310.37321452937556,1475.9894044953126,30.153038063868493,41.10859569796675,3.9679845468962394,63.78914767783039,4.324814197184616,0,None
297.83529671329615,308.30947222445656,1655.0892509245539,51.25936753570479,69.14049141241074,1.7020512698435177,62.51422696967907,3.9957741382853778,0,None
298.0663242383974,307.08906580015383,1459.0503062492344,48.50673864757654,121.6121718770179,1.2201061551689678,60.63995432682493,4.577510933570126,0,None
297.02112495868323,307.802308878965,1460.8915337028332,42.22724086822096,91.76571016468742,1.3685448649651468,67.53770800669437,5.274387649652423,0,None
298.1517406812827,309.41797397286103,1659.2227464250477,40.519288486739455,1.7101404984092183,1.3901065102603412,59.75686899357133,4.826409945590169,0,None
302.04282012645797,313.84559497027584,1639.0123923325987,41.93352278888596,41.57402259210985,1.5478915982600203,58.633417384334685,4.572995180580642,0,None
297.33255632683006,308.91323819138927,1565.6218099636076,43.82233075699257,75.91640639070718,0.9555839125688843,66.06028249942366,3.852923993766198,0,None
296.28916871330057,307.8903658733162,1242.6410054624112,30.059726346337342,125.71303831001678,1.728800976763421,63.60592990993051,4.205288888611122,0,None
297.55555456432137,308.34368591147796,1397.358206010657,50.22373684792345,135.33162172321343,3.5659164799980254,64.24603391657256,5.007023895472519,0,None
298.81943831315476,309.89417225193205,1559.8234101435835,45.96767206427894,42.41962834408058,2.098396560470243,58.27183298095844,4.7945430374872995,0,None
298.7874838140168,308.241587988232,1529.7649777187487,54.464529338061396,173.23654992362748,2.2261144970327775,66.70697505631557,3.8065266893322827,0,None
299.71927977577985,309.58283412142714,1653.6387800258572,43.53099072908747,113.47418806002628,2.0196890218577987,67.22299354430787,4.807764330995174,0,None
299.1983891052606,310.83151853862086,1621.7371914154683,38.63609638912481,152.00977145891807,2.964578363528113,68.53641375195717,5.551543864334114,0,None
300.105779050404,308.8447842716433,1613.8473166238823,49.64886753019894,147.58819755259816,2.085705966782847,72.36286744925309,4.587378730440969,0,None
293.73636753150873,302.88383022942355,1515.8675059564873,39.55163571021355,69.09717495887868,1.377075654521325,65.60906121228487,4.918464217606672,0,None
295.6669677098906,305.2851519175259,1544.6820855162412,41.712221326999064,163.39007044644754,2.400403110821214,64.8960084216042,4.603106613411058,0,None
297.1066553373936,307.11997472565014,1625.1574032881865,39.57112935694172,75.01297463015698,1.26108679732058,62.979469075090655,3.84549930563144,0,None
296.23656381964514,306.61636942860656,1382.408304507918,43.88759954075545,122.4928972249215,1.1877629827900036,63.30827937033682,4.36096989793352,0,None
299.1017956241608,310.01840052044776,1740.7847851128458,37.083612031314075,118.55106977810259,2.1056621523656394,55.541591557318675,4.13299736663055,0,None
296.9299569180676,307.5044835882274,1672.1036886782124,34.58874312763996,48.5143762988294,1.2641123716134626,59.50716179587684,5.2474895067770575,0,None
300.49074945532834,309.75479957798694,1820.3398454702715,34.270893488961526,20.608698648408236,1.7015042599164147,56.12245658510861,4.3733950758967195,0,None
297.9703817811554,308.2062857059823,1717.6016529906458,40.21856052211481,56.41214134608085,2.167198287546476,51.28828899133938,4.597523540276109,0,None
300.51465664795563,311.9473898641598,1400.1489073256173,28.24211037085859,78.01881186254386,2.3052594443076937,62.65112395936888,4.189695578933991,0,None
298.4327050226508,310.0905495821642,1525.3898170786679,42.04794974817953,148.681957639439,0.8091026543626133,60.044165977029756,4.540028981255536,0,None
296.7438478333769,306.5727336941563,1379.0409537943633,58.65513931903121,83.93240697871458,2.650214222450863,59.59006107529806,4.2073874088293195,0,None
297.8511242578919,308.9571203773619,1522.0431127322636,42.59146095366141,91.40065782945508,1.3199337907008843,61.03969582445685,4.411393147959771,0,None
297.08809755215907,308.2994206119893,1513.7182166988161,53.4358675624386,64.41219841302728,1.2658873137246909,63.41150463919137,4.802456913591785,0,None
294.88544031451863,305.54090708518925,1306.039396928651,37.58074514964834,125.39225583874583,0.631898237227653,65.75856446162531,4.908563069780706,0,None
296.8877168763611,308.32647069766705,1752.7932808280018,45.87136098408849,112.16663847343072,1.2454964283677574,56.33005272108661,4.469863364111029,0,None
297.7491650953652,307.5147842116766,1452.2070045318785,61.52060332098079,81.90607126147724,1.6346499450949972,56.28248221877746,3.3684527297054636,0,None
293.71012911510246,303.2366117468303,1686.7485554745385,44.69904943852119,85.67848748473006,0.7424836191877834,61.717120267162805,3.535502973492085,0,None
297.6339710473327,307.475143070832,1579.3696355617692,42.34228882944646,44.289770563749705,1.9207283246271187,61.81518261507346,4.255503808221185,0,None
296.9498688541589,306.5761718938801,1434.230156361247,39.34853146531257,83.98699557576896,2.7917574785078996,60.21275221764691,4.0610434581948684,0,None
298.2392629537657,308.9640703539912,1574.6472766696147,36.31556941248554,103.68306332363261,7.764053376566588,63.170917052193865,5.172473438224525,0,None
298.68545633807855,309.8445393033274,1199.7570353070296,63.12731287721404,184.70417239004567,7.326432731103284,77.63707603513329,3.2972420546782604,1,PWF
298.5992784883248,308.42533238422374,1237.3154780101586,37.76286559402947,29.565216004027366,2.497126809030943,64.51694843670656,5.590454409684237,0,None
299.020164679145,308.3425350207236,1555.0779228749266,40.49234726011446,48.19074425811531,2.077380286281238,54.04415477384592,4.287222464095822,0,None
298.1344659993484,307.0536953594351,1381.0109733339038,48.937651519191284,168.55259754481787,3.6842224994183503,68.22048536136971,4.196732249668521,0,None
301.01038435859874,307.8061287155397,1226.512688009795,61.777962137988865,178.96015610698151,3.502204317270302,68.84879532393612,3.707387821259236,1,HDF
297.625793211052,308.9992374823117,1732.826904133968,44.21089455695175,163.52974518348677,2.131033806312819,67.84518646579461,3.7419507090999318,0,None
295.56997936547845,305.51180424235986,1818.8932170496435,49.054729247564076,2.643802977848267,0.47989982767375017,65.9450174087014,4.0112761666824905,0,None
297.76314032299183,308.4158735423068,1262.1436881975726,38.09982478713439,51.83050505528041,3.6977896563290216,58.472326741027096,4.325610675355561,0,None
301.24925102756976,311.7054283392987,1238.0976472192954,26.300032704391803,155.09574229271732,1.7655505185760245,54.39541013085706,4.417971395895247,0,None
301.0373424183604,311.8863309822013,1505.0482246493514,57.54294609070516,158.21888345508626,2.471267001035445,58.83015988297544,4.632228888722311,0,None
299.0244801918255,308.32667407568255,1401.698772580432,23.940763496543454,50.965132440471244,3.094895133939064,70.24776511413087,3.80837025723846,0,None
297.2896593232675,308.01269917317586,1698.0386482569145,41.34581209796673,120.15166240372537,1.1162840860763679,61.83080381212121,4.741943149324408,0,None
298.6576772784087,309.33619972220686,1559.8862270362763,34.005283330792246,105.35867012113638,1.640935346705019,56.96429129788021,5.429557402320582,0,None
301.1122137625374,312.9849398674436,1600.9296139605444,45.9241449084064,29.506191100665003,2.338789272573487,60.45523282566814,4.503512935671485,0,None
298.449361987217,308.9527458744123,1812.0940433571077,37.91671619652646,67.68478650551758,2.8505084758828163,60.85538335622459,5.639168449978784,0,None
296.82300619563046,307.91646403114254,1533.6938234784707,47.58676584201214,104.221372715685,5.298036948483689,62.52332810801422,3.8529422626393335,0,None
301.46773731566924,312.5258068919406,1518.3490410814834,21.830122119640468,112.8897881177202,0.8034822634361385,60.90932002344167,4.337183464286809,0,None
296.4763072021565,306.0175935021948,1349.3139280803339,47.15293284368737,25.05235454121259,2.9461608152784486,58.9581982506059,4.2710183858210184,0,None
296.6450630863608,306.96308207839803,1463.8950345469727,57.07824949362614,133.44199349144577,6.158759338896367,51.84510629156455,4.463978998821794,0,None
302.3817291812212,309.9159147387913,1336.1876461974714,65.99365736515743,147.7899254230602,5.028759857949118,67.6590334863219,2.633044641823597,1,HDF
299.29318628360136,310.9787548983506,1355.1891937167777,43.352376236003714,41.29572599590399,3.4934502298633596,61.41986131397214,3.8980707893035977,0,None
296.1112469724875,306.75922343254604,1320.6256880365706,37.18914176470856,31.01243394709145,4.400215618238076,60.78160928799936,5.168142031750192,0,None
299.12416954253354,308.3829597432864,1441.819460089183,34.44540499728208,18.4829829208038,2.0096301529297134,58.41536170586336,4.220218266965158,0,None
296.95206802834764,306.50068205628594,1660.881219226583,44.38203445987516,61.68482732966082,1.207764856953812,72.95253101024093,3.251909989011817,0,None
300.88823627269136,310.6642780063409,1401.828016889782,33.737582271716455,173.37172403235658,1.3380913776963623,70.14249044658946,3.757472162905572,0,None
301.6575930521279,313.02973982894423,1303.7809288502365,20.91284317990459,125.85376681130565,0.400863699743286,63.52579118803425,3.897331803340094,0,None
296.10973159672534,305.1531233744837,1413.6283896017053,29.84550343213779,120.50491611821167,1.0631032293899874,57.87649472183435,4.5707658561260445,0,None
301.21852699907316,312.0673316192512,1328.9883851462487,48.64679223437764,145.4343521570342,1.5502776895005899,69.50179766760863,3.984001147535177,0,None
299.39881250922707,310.31798091888845,1600.6987444268632,43.889582141057005,18.575314243743573,2.8934301846838126,62.54108375445786,4.179543025802903,0,None
295.5399433227242,306.28603345727555,1354.982189888453,49.702437493180796,96.24955996028763,3.294802090366865,68.10026469818284,4.574363853482204,0,None
298.40931081162836,308.2553843040969,1555.0121003786815,50.134143750965514,11.373295559284474,0.9680621322846074,70.60291010589454,3.9574168394480536,0,None
297.86974833533463,309.22188590790614,1576.032234898429,38.681212455332144,89.42443858850993,0.9727261218594174,64.52116937599843,4.294384595070096,0,None
296.6404564798214,308.221269081811,1341.0110076554033,54.48650856379962,95.51100181436408,0.8916173539304012,68.16730201678013,4.258464548261283,0,None
297.3654184895116,308.33832738385075,1378.200939511632,51.548457676334834,43.70957725038018,3.003725397001732,60.32909593406166,4.902891915112434,0,None
297.6182460363822,306.918901074816,1492.586332456274,53.85966157011889,174.40515960960934,2.5418385822972485,63.0542831574597,3.435968350325745,0,None
299.1306484193176,309.4080028939205,1438.891761182385,51.40829841502091,208.779856927653,5.011708070655793,79.8864280911512,5.060521754251797,1,TWF
300.78175418948376,310.08379685459914,1617.9624611315403,35.42162009355482,79.40606693907151,4.363372147233007,64.37602379688674,4.1226809119531564,0,None
299.6131160477082,310.29511274829383,1694.948432607406,33.42735952231201,144.10437378232,2.7880055987314982,56.96094556099049,3.9311860043297773,0,None
301.07973280355895,311.5436344912997,1492.990993516341,39.45923866514889,106.91233398790504,4.309674224112138,63.80030906603107,4.3650124671205095,0,None
298.98925433530894,308.40239512310296,1455.632597353962,28.03489916749611,66.42888766892698,1.4200017364377768,69.74496843471441,4.489798946436978,0,None
296.7432749041565,307.35452322307924,1568.4703243998274,34.64833218559551,85.82181319894092,3.9925111571583645,63.03507531989731,4.012323355866281,0,None
298.7169056234799,309.2094747742256,1734.4130328143474,43.376053947779766,75.83091079075695,2.3746659939645696,61.27420924846609,4.717206575217075,0,None
297.4822539041047,307.99507412994086,1714.000758800164,41.06407397331125,170.49764209239055,2.4557662955393256,63.42741006720131,4.037934269039933,0,None
298.064651961932,308.77430540920136,1386.3344624813983,42.920494627692584,90.76310064879212,1.7342391621021034,55.60930789057892,4.769560086035449,0,None
296.05010038799463,306.70088099680913,1733.647232146108,37.974863860087,106.18084580696787,3.086374017228783,60.95136952912336,3.8823551633045823,0,None
297.97310219949367,307.0162333440581,1396.3649255526911,36.748752187491924,88.57976498966043,1.7174949242370936,67.28275545965627,4.4944280361971245,0,None
298.06153887017285,308.784805956849,1535.3764630792616,32.35388463131759,83.06342761181585,1.1586853706227906,62.42732670118905,4.075843551844658,0,None
296.8527627285308,307.73310727455214,1611.3556308139262,46.12493332013768,143.96482147431743,5.158882675618866,65.60158919106561,4.785406357483068,0,None
302.1543844496198,314.2880401719621,1392.6433931381846,41.91763330237116,47.95432145673502,0.823718117327959,55.66342256967251,3.584213201804133,0,None
297.9521278788934,308.31182511417444,1546.168759436924,41.74514047699086,105.27336204383256,2.4533204137126488,59.405779983821795,5.632218073972943,0,None
298.4358964216815,309.20626244426717,1507.6516648422742,36.12549148742329,68.0856241832642,6.777353434998872,61.48353469784969,4.5307331689609285,0,None
299.82206417023025,310.6524632999405,1541.7530610061701,37.24912739944318,97.23608251086972,0.4073864488951253,65.33969828425178,5.393018159549636,0,None
299.7636862511681,310.8220654752722,1652.1654469583457,41.28097831315143,84.09298505272145,0.6672186712105438,69.35975133750574,4.791277980069046,0,None
299.1523654516127,311.1373452226845,1319.1652765518816,55.84743386610427,227.27215771733074,7.067803297080449,84.25469061649986,2.864580915678018,1,TWF
300.0471801098111,311.1854606709168,1512.9685096390742,35.98225005619719,123.93428914519387,1.851601213268727,59.29813211967355,4.659122818993733,0,None
298.4414711016987,308.37392617583595,1384.2741542461188,35.407289179191196,51.25849320958792,1.6880644726188445,66.01872943311811,4.368177860127794,0,None
299.69639730217517,310.0497567345542,1868.3873826655017,46.77795597426399,58.46380671841807,1.707164220388511,70.60316115452007,4.747502872877075,0,None
299.2086840924997,309.0327309416249,1553.903934093189,32.88627302143192,24.679338005058753,1.9287379661199797,71.11125989367204,3.3192308050030346,0,None
299.81954100482795,309.62295878751297,1586.34544639441,65.44083081583815,98.0007637135203,3.2170255723818366,63.59100551745711,4.553876251674703,0,None
297.26244117779595,308.17692253941993,1574.9453241493597,60.03063955514786,26.082386605661313,0.5143134606705484,58.627188027079555,4.988243256389403,0,None
293.4877994141685,303.71005021807866,1526.8535003801735,37.246247452499766,107.98449306823674,2.725155842862968,59.06577392692135,4.569954390288732,0,None
299.3232759480824,309.49238341557873,1638.3723997899028,30.68637294112453,130.2854682411216,1.7686532530625307,57.251091366185534,4.637106409108828,0,None
297.16888078981935,307.8326878957408,1817.7087113410428,49.60488579450448,157.19771628619685,1.3210754019399986,67.87569006446897,3.6734788924980375,0,None
298.03584533186455,307.5246403975067,1728.2795643652971,41.74241903958543,154.3595207487845,3.0666860370073428,66.40364876026314,5.119213161355381,0,None
303.76410654216545,311.521824555255,1270.4796520630152,68.9908815304376,171.81831219073365,5.933802314475207,68.6563399586413,2.7035492977168114,1,HDF
295.4925354536596,303.98727819723024,1358.2343684463535,44.81838657449191,86.0044751244091,0.31568754937532123,61.9750774060399,5.015578090080969,0,None
298.81001385628093,307.6495434490181,1539.2850715161885,50.293130789297,78.59039250450098,0.5165997656659899,60.29730091372737,4.45142289768372,0,None
300.69221098780906,311.47979162584676,1773.1844499161139,37.7728961848886,49.42075754802625,1.4139844575406986,63.1000913450806,4.156793205177859,0,None
299.2010173199136,310.27792560995005,1632.8963865897808,37.386293159231315,170.4396341666868,1.1590985214727394,62.83569855687153,3.642340365575486,0,None
298.8124463601874,308.89346131797026,1431.6114654305939,58.186102483063465,171.81640397561972,2.2988844050951758,63.807438156738364,4.712453816267196,0,None
298.68703944003585,309.1170911770141,1448.6460389496697,44.44848390577738,89.20969286233357,2.2311203397385215,63.13484896231595,4.343930140946621,0,None
298.77625643302224,308.68973147533427,1472.3822503498022,27.249418609320585,132.3516116755689,1.0546750928401027,62.36991951341167,5.08621245998376,0,None
296.9367908422812,306.49365204924254,1527.6277397463045,48.77153574451543,100.57411050182569,2.153941367880825,62.835592889790234,4.268868108469097,0,None
297.13526579879476,307.0434488676164,1784.420255838239,47.433352767307504,145.38872649683796,0.7858586722707506,58.50190531411566,4.826361552797913,0,None
302.5873991313791,313.9336504760357,1574.0865107991478,48.92174324816004,80.11138647148697,2.2651778839582355,60.105217626885455,4.355527249192125,0,None
297.4967519938914,307.89824284560956,1716.0658357607313,55.36875055525549,88.61942331418035,0.7158407048181274,65.22446218730508,4.672370643883522,0,None
300.5491854725096,311.64988369603066,1604.1744613939895,56.79139726089811,164.7965955127904,1.5890372649251514,69.23571170118662,4.349477752278572,0,None
295.7519548990913,307.2061430314244,1565.2412832704822,32.90516372994118,153.68785429798552,0.8730884539215925,60.63653431757229,5.412482686242743,0,None
297.97138388942057,309.8996162117645,1312.0442371469564,47.63649666560619,221.49620753124313,6.258698967457716,87.27929319183906,4.169008560894066,1,TWF
300.37265138616897,310.84165707017735,1332.1553291312487,47.942709797786875,82.53754199280162,3.6509769908161323,61.370504257949044,4.644213217598658,0,None
298.1226663214073,307.88816473467404,1637.3231347662197,38.03090904212859,57.46253665726095,0.7492266988029845,65.76712251973154,4.313361337381414,0,None
297.75709440920394,307.0310797877402,1399.255882360387,37.251656102640816,41.50901144843871,0.5543947076774939,58.13529786437067,5.698551799433684,0,None
299.10008803880623,310.4324327529221,1729.330756429661,58.70722323885889,83.86741563188285,1.2014099920421353,69.24071503476138,3.747153063915627,0,None
298.1184195098353,308.1901661397812,1579.8656430739795,34.060047060772256,56.688724063655904,1.3340098921531036,65.81129438751019,5.045737874405889,0,None
296.93112853102144,308.0356612020169,1494.5198902902036,40.544445009694584,114.14489061037021,0.9309955369966556,57.26794720783172,5.127128392340073,0,None
297.85077922882925,308.16573847448547,1331.6993615113129,43.71366224760837,167.5608429287137,0.5431927931232081,62.120439789885076,4.397019718755417,0,None
297.5084867436519,308.38895749239475,1479.0891861793157,40.262480736817444,116.14981919103394,1.9050572626396396,65.21225926876603,4.524486636599011,0,None
298.55403200399803,310.1489783529854,1259.7125174925434,59.61151666312387,124.11256145428551,9.24678600964274,89.23533057689046,2.539872241852703,1,RNF
297.89979308957237,308.73635279438713,1760.6226133302757,33.64420995824142,7.932977858398963,3.9109051483812336,64.08055617142747,4.134326888395802,0,None
298.6533320560564,308.95443937304304,1753.7537729008172,44.373533540640906,170.08349446404233,1.4598503880782627,57.50715301983507,3.912844081752337,0,None
298.72367925661644,308.9544371847139,1496.4687477108469,32.52200855837757,25.70257827081129,2.978588217393062,63.8561435261667,4.771336538195549,0,None
295.4597866568918,306.0532507962296,1682.1549260145312,31.57320914820779,156.65050394429937,2.1167558495912524,56.27882667020061,3.940273890703365,0,None
298.6061445631449,309.76208476525306,1023.6288592000178,42.61881771903347,164.71378614167585,3.0681007183436453,51.43217467037336,5.347743752567661,0,None
297.0916741276455,305.59705747138145,1484.9673719017953,33.53327175244783,170.90278436006724,2.9285135864077554,62.70014696239193,4.465761561743754,0,None
297.95471015580455,309.2594497652417,1389.3968692181743,40.17041278712779,163.46344862250976,1.2015550029660202,63.0014112851277,4.107292186033179,0,None
299.15939997191015,310.161821371009,1553.92819683841,48.44094287600717,146.0545464117593,7.650681823717173,90.58811660590207,2.474680290825079,1,RNF
295.37531409329694,304.5957982835415,1727.402899361385,27.365058050076744,57.21772354728089,1.9685471195159228,61.585864848847955,4.508894370177957,0,None
297.3145053970522,307.7825898900508,1561.0189915538685,50.196093374180506,52.44712049150079,1.222555726075886,63.340565148457706,4.700939493312982,0,None
294.2238977955133,304.28706435645995,1625.1126593808056,42.123585765833646,90.12287457737077,1.9225285008565975,53.75282204169541,5.19996106351047,0,None
298.40484948326497,308.87770930252265,1433.3535481044296,40.50065704525343,73.79428819925651,4.539340102149549,63.9591806027059,4.211797175498727,0,None
299.6303991358043,309.4963803781121,1633.8069540541733,27.833416595040863,170.76313386022008,1.330310331293361,60.67089191290312,4.616510080917796,0,None
298.95182772423243,309.9974833162825,1592.2947156776477,42.48151282640378,131.2770941641113,3.035305322909947,55.9580018153668,4.429654665557795,0,None
299.3562258905703,309.06074183806555,1620.2826490697557,28.150062063567052,43.34520372815523,1.7872634670932745,65.32891182789847,4.425785561774676,0,None
298.18959263692574,309.52868395042606,1699.909035003978,47.32311946355864,126.29024615972754,0.3818179109967108,62.898604588940536,4.887886199800466,0,None
298.42769161594964,309.195306674431,1738.9519249835778,45.98329603030319,117.49893599442325,9.842212947807237,94.0128425688567,2.7746007463887836,1,RNF
298.8272915422662,309.7074257394625,1488.2953721778536,37.6352690413516,71.50586987656702,0.8971467171485787,58.8260741031302,4.942972161800176,0,None
295.3582635713892,303.75367946192597,1646.9898484674397,29.428148148831795,74.24151792667284,0.5227925697339526,63.90090269979936,4.772053826758436,0,None
296.4729662453634,306.5106296238972,1533.3081049461293,35.92526797467684,63.28285972432067,0.5981560084008904,56.20219939905863,5.168291318850391,0,None
295.97128238293624,306.44151129783734,1199.7570353070296,65.10070666142296,100.33763324753093,5.836017215837739,89.169293774911,3.412782037777983,1,PWF
301.78080753004554,312.71058585195993,1699.9734776742705,43.331173479128495,112.57298605962727,8.521063280156795,94.03750178260267,2.34254726450909,1,RNF
297.8137186212799,308.79219794531787,1497.0132322704858,30.359440146499214,174.77149428032757,1.911578045554483,68.83346850400072,4.154041407328788,0,None
297.61102080141313,308.49234163405356,1499.804669319272,42.063235594885505,63.73987920058694,0.3381984676923499,67.14082081512174,5.0816406545375115,0,None
301.10582810783256,310.96891866528335,1551.9832585522336,31.54484183794931,153.86858253861232,0.7544383361867996,64.95442721961211,3.8247335016788675,0,None
297.5131576420979,307.0753706393486,1507.2786319007585,43.858082452805235,10.889230214142351,2.6434709174598443,57.50573332065344,4.368092358502175,0,None
301.5520974083009,308.70337232108733,1213.537618114163,57.15944025133139,99.70643280724387,5.062963046903004,64.06660222279044,3.258514076827191,1,HDF
298.48375393082785,309.04504118718916,1687.8541752337985,60.95067468475539,39.847274849519536,1.6365575382514947,67.18075859882376,4.523687217007655,0,None
300.0647123334605,311.24440192427346,1589.5278883247945,49.25611015057944,20.27423597565879,4.83175071383109,67.08239850242862,4.587192832766218,0,None
297.9299743140044,307.4383039039844,1326.407262699842,30.1566840776295,77.59424152085214,1.3761604233946019,59.1458819101879,4.651735728352921,0,None
301.3986026782626,310.7571414168375,1570.6700187552735,43.18427597925225,22.587891428695166,1.3198812670050941,69.17186417319813,4.181334240725358,0,None
298.65799816969803,309.9407644142313,1425.2858437301693,40.07297532492087,117.21477736055769,1.4766622623644339,63.585765629352835,5.012894714917108,0,None
299.2703621203256,309.5554455176778,1496.2251962485414,32.926188070412195,109.18373075013189,2.707886440154089,56.889844641252694,4.481704287433108,0,None
296.872428353604,305.88495893627595,1410.5899732917474,26.044230574951506,46.10959100000803,1.7381059715866398,68.61870292714073,4.047209251776628,0,None
301.2596135163978,311.61355833689413,1798.4954288838946,29.08503806070576,37.70432346723758,4.821515434246607,55.95443698426619,3.913090980345103,0,None
298.91220557477334,309.0389463178111,1570.0975944436368,30.590576123719835,77.81680739677535,1.1250251354374647,58.90698600235427,4.846239617575179,0,None
295.05356366651336,305.1338337408599,1708.814578900246,31.712151714899267,28.952287003303603,0.5058616693877882,60.320403540862564,4.755736316354184,0,None
299.9539294716461,310.57303091478025,1428.7148894197633,55.790143797080326,32.024600405367295,5.085625524541106,61.56692433175065,4.18809211319887,0,None
297.398137328193,307.87861847440405,1147.732380271695,41.58767282348341,96.0386546647298,1.4380774814607578,61.80044204531111,4.318961328720543,0,None
298.2382794039085,307.551034071969,1570.409111253976,35.795860518331715,92.82187039569558,1.0376612489800248,62.50562691084735,3.9848660214090694,0,None
298.9688381969766,309.7622353232904,1323.6921029630992,56.53890876229035,76.55791898489716,2.6277082294898473,62.993496050634405,3.8475130845573817,0,None
295.70543547366987,306.4049696238179,1733.2194514415921,24.835487981957613,41.38469753648199,2.2897171616109424,68.3408952509746,4.748311655984724,0,None
297.82555429451503,307.2435473429625,1741.3436881603982,31.29391295781766,81.91428368989223,0.9431687935880902,60.78479324949783,4.860805963109087,0,None
299.2076614712235,309.12512395044763,1536.9157898476283,28.122401125600735,116.81754318922967,3.5296180375801987,56.652077559685345,4.437860670352046,0,None
299.27081016656507,308.7791603377009,1746.9369716539277,33.11829705170379,85.41460850950031,2.6442730091033186,67.74169393637327,4.097110272520848,0,None
296.8363044310208,309.0051420706505,1755.6617735687344,31.05697088961346,121.72740550312022,2.5064468837113956,62.05058105237463,5.201885130157964,0,None
299.8932802750049,311.358566798896,1375.1883015568305,31.8324891075107,93.63011223453718,1.9980070361291704,64.98631123244554,5.22320649387889,0,None
296.6103376028323,308.2521818942637,1312.4830237564465,50.717643245290596,100.12410575393686,3.1282090198489096,50.15085630190084,4.278375935494876,0,None
297.8096857190012,309.1927875936542,1551.541847328878,41.462657180537434,158.66704255765828,1.674495054135354,59.72128469031554,4.640854001999749,0,None
298.5675005030987,310.21058666934954,1531.8197833403517,42.1855581907234,2.7904951293293982,4.598104770170616,55.54209442468497,4.637816483941867,0,None
295.6158173752132,304.4466352485164,1437.312510665041,42.7932259400074,76.19458528702994,7.84872818035402,64.31738521503692,4.798200071263512,0,None
297.6472300051199,306.12181455211925,1666.950218210536,27.867240106950895,53.175756198026356,1.4219758291752882,60.643325392156235,4.535747671228764,0,None
298.7009479398234,309.0130085226066,1326.7558550156614,48.05703762822105,161.93710874234563,1.416436338345236,61.21330800471162,4.367701817141413,0,None
296.7467761098287,306.6397639034804,1499.6581557284435,40.2966442247872,1.591481552923371,1.0312189996988437,61.676096283271754,4.455139905449776,0,None
293.62101076385665,303.6652515935161,1597.7298356720328,36.75740589266908,123.83951704567102,1.3890322700065045,62.90533416228848,4.8611530977052055,0,None
297.1122951660663,307.3440999005719,1652.9346963030107,45.23031012473264,11.495825134613177,2.361250684207306,60.367689043149824,4.068572239249259,0,None
297.65235597286966,307.9001186486408,1457.054836246728,29.089664072607377,13.646995773247081,3.370743719998234,56.74339734113441,2.886464007866624,0,None
299.3568019645045,308.7580796533287,1290.7124057929516,45.95991536636155,110.94534647707738,1.5320023563371383,60.20008252996275,3.9447143924130996,0,None
299.85598122882027,310.799227445713,1489.8688775348953,34.987698913954034,79.42162921997158,1.5563540784999141,62.935099022409545,4.590985545939429,0,None
298.68330265079885,310.44685296415474,1438.756418563885,47.49617247176308,152.95803500970374,1.4087370209868726,63.371982083229675,5.148011884358175,0,None
296.4958539942525,308.91134351471845,1739.8260112232676,52.303140966598235,136.47245167838045,1.0928939871187375,59.830107302873685,4.478598021005719,0,None
304.2060131633098,311.02483505631835,1305.0982144253026,57.23478416597727,132.5050290952386,4.045532212914343,63.55529350137685,2.923063883893152,1,HDF
300.18547204221335,310.85553126671914,1667.7668451556617,33.344668153282555,103.61876235743249,0.995072960811628,59.33623596844548,6.252935701772458,0,None
297.7658138420052,308.28983902533645,1370.577529582676,42.220719687200884,156.78853685108288,3.964971247564206,61.41137251055515,4.926962211014341,0,None
296.88110891927823,309.39035416054577,1376.455104100972,27.4615982742317,59.78281093178359,2.7020048222300175,61.97544520184085,4.395907079846433,0,None
298.40683478779385,307.830667051147,1762.7114039039755,39.066182262051214,2.227274295736095,2.6504043312874668,56.18384091084055,5.202402275967761,0,None
296.8404940856134,307.48344985906175,1599.1408962062017,46.14330572871189,76.83735757983942,3.3240569209650754,56.07251326265686,4.871775796537807,0,None
299.1306490064411,308.1875587723912,1628.3225845034617,30.182131329453526,44.92224563129892,3.5505901006996665,52.778457262094626,4.9337810758399865,0,None
302.3004315346528,310.27360559608655,1314.4154618575767,59.3129944787778,87.99618644894792,5.942167757410825,71.9237816581094,2.8269488781731105,1,HDF
293.4124150580712,303.5265642013222,1525.4662521835846,45.08228398463795,17.922296547189738,2.9662333099641205,65.76096825729864,4.714422274206264,0,None
304.05418453207784,311.5359622643222,1233.9928716574063,55.62759993231483,129.52298777187917,3.7453868917709046,68.23800672271815,3.234723193229057,1,HDF
298.1441183136661,309.4988217806213,1601.8327589860485,47.19909706877965,167.23969941726838,0.3369974381976038,61.12871246737654,4.6924165014341765,0,None
297.1094507230783,305.99201181110874,1391.7103608277937,38.116034414263225,28.187981162157016,1.0716987675490073,58.22145239220716,4.279858808309894,0,None
299.46351387808517,310.17533412686754,1489.881339182133,17.05913980156852,120.1754154308485,2.970066667196508,56.540654734451124,3.7622266117271557,0,None
298.8082736937592,309.7241954053822,1750.3828056827824,40.13477045868172,20.063365528880883,0.7813539569797877,66.25678463466146,5.194219340577545,0,None
298.91631568259805,311.5266210844062,1279.839191648485,37.19847846997921,136.04029761184603,1.2787432673387877,63.60133224117926,4.822742741948025,0,None
298.05657484320204,308.75097862084556,1531.0756600294446,26.015932170057898,118.74485521338282,1.2443561469450501,59.62371194479417,4.442351555534733,0,None
297.57473971595203,308.76975771642464,1388.7429739010097,56.0961788889811,154.85985501209888,1.5335127684829921,64.96087031359959,4.449198508736181,0,None
297.88331390488355,306.63031082395133,1463.7985395159992,24.934146756035805,116.79475929814133,2.671844031834891,68.77394776708768,4.541638933500135,0,None
297.55845245514655,307.70384168329224,1617.8156438605179,46.160672935268636,13.808072702301882,0.9331107027748347,57.28762253652339,5.145032517938339,0,None
296.0756442346919,306.06821555654034,1434.318732479931,30.7101677309356,110.92425765461992,0.969721146252048,59.29683139114689,4.5320703025352636,0,None
302.4915543314107,312.6680647372587,1437.624360366186,37.834362825049105,149.21064073501947,2.3621810331817144,58.40962744012222,4.314049969864827,0,None
296.1455147680067,305.62496864001014,1619.3243007749816,42.420068600876846,38.49653585718176,2.6676648576924813,65.97064890909122,4.7546779652672635,0,None
298.74521651277735,308.80729049456386,1607.191563760759,42.47065851992471,62.48657428182856,0.42485391518947657,59.76520610449102,4.48971697051988,0,None
298.73260677357484,309.5209214895893,1499.6589632608477,22.14576985502977,67.2331016094465,1.6221498232258718,63.582952407613334,4.098564986628319,0,None
299.95451021725734,309.9504902336302,1682.231211298898,38.655264930264806,161.61998246383956,0.39737696591201155,61.063410128549734,5.148616335034482,0,None
298.45104497125067,310.27369268099346,1755.2355422958005,35.614846752883444,161.69210921936275,4.693586581874341,65.12959988512377,4.763347050733346,0,None
296.9262400005325,305.99110310997895,1582.3252060487584,43.64200150743042,24.546928286199996,1.1260842489363632,76.0235661485811,5.057219832500211,0,None
300.21162434765597,310.50552795924716,1901.7003124233195,30.127908499578368,17.24013785699342,0.869402479007005,57.31312999634026,4.213146656679284,0,None
295.63961834285226,307.3013125021983,1531.902874267137,39.724880033784444,158.55340476088543,0.33387513829251325,62.82330948526725,5.149381241132326,0,None
302.7081521688838,315.7297975564935,1653.859256849043,40.314074125801916,127.1420838817365,1.5897138379820777,59.536063715997024,5.114523079487016,0,None
298.8061612554352,309.4093096899488,1606.1694123904717,46.188130681767134,215.04235908300637,4.965800430333603,87.23239070087998,4.245398013907403,1,TWF
298.25913239532537,310.0332683939517,1676.615267220399,39.28213866889281,107.3650694755647,3.74460182767795,61.73588981181808,4.222011436891805,0,None
299.91767076081675,310.93447571050837,1447.4832069865795,37.31774949652197,163.51574393707364,1.03059049362105,67.51727915140228,4.772150307415426,0,None
298.01794517056015,309.3070463752849,1601.4810187180585,49.844437448478985,42.61167035740685,3.3864008390671456,57.33343386447488,5.254775837152696,0,None
297.30027213186304,307.48212837697133,1219.991185770707,36.49645792472974,63.903587243655025,5.051843913280757,59.45386642444064,4.458138782404589,0,None
296.8800590530553,307.0795521204428,1624.575043761466,45.538875243586496,154.28839205059185,2.856316368387579,67.25357535370117,3.590208930271146,0,None
297.6850556746756,307.4687133059356,1440.5978379951828,58.10899154923708,58.97204642721886,0.6951831730985615,70.24367640470018,4.208101817072956,0,None
297.4549877263618,307.47343217281366,1862.8325220354836,40.90843548328829,24.29728744589742,2.627638514451155,57.383578152804716,5.01768998076008,0,None
297.959893045377,308.9556840731393,1471.5181354742097,46.85945801076025,164.18205160778908,0.8150298599625223,64.93400655133738,3.7479672040632135,0,None
295.8962631746792,305.9351275136113,1382.4739457576375,40.6642001547356,80.25998530050653,1.1282977317751273,63.38534049632016,4.199738633009761,0,None
298.68154269160885,309.92034958444674,1358.962884943304,49.50378086421726,11.843153564479994,1.596314762604376,66.80441470272493,4.0948068799133335,0,None
293.002119923401,303.54414101797323,1547.3321876218595,44.39506700073202,149.1232259333926,2.3882728443855443,57.0954372699641,4.0798033679305785,0,None
295.83040888219693,306.25728923618965,1606.2403634574903,42.05587937875837,114.11994625915594,3.153664971454668,58.366760647687315,5.05469677179392,0,None
297.59717516077455,309.43262704257006,1298.6125549450476,31.53721896119774,155.8466710739837,8.364275473250249,95.48818577460513,2.614753591174539,1,RNF
298.64278521620054,308.0690830174124,1343.5987379909004,53.69290512053207,117.92644393594543,1.701218557474692,65.1463477039381,4.513233044807838,0,None
296.6819892465652,307.5655952849665,1532.0495965759212,35.6324179908361,71.4732738122712,12.685090853596385,70.35109209158594,3.6819957104243697,0,None
296.02214719718063,306.873709349547,1660.0021743792604,35.5622796712056,169.65611767052062,1.1136678973466343,67.50105243021842,4.246755912594179,0,None
295.314852819911,306.1299513944428,1462.6229864703105,37.446162769045095,15.967418969901162,1.791193661343252,65.41863255997828,4.116482182169783,0,None
298.99222739835074,309.6517665871402,1378.4171261308643,51.663892188486855,68.46493872460952,1.3345226457671713,62.90524514740182,4.2819315531690965,0,None
299.0270634809756,309.7291185577729,1617.4067320039273,42.93346859316843,27.962473369874825,1.4263244022468562,63.96004013931652,4.815628959953609,0,None
296.6447115147923,308.0253686335304,1696.7562889974733,45.066007000127755,77.68838869804469,2.628261266142119,55.67906187223978,4.785613078389122,0,None
297.2229885845956,308.540286971854,1476.6233792086653,58.70699430416706,106.03406506232686,1.169178248851547,66.61538493490829,4.601390934190385,0,None
297.655080711463,308.7933557353796,1604.5780918044964,36.905562424327655,1.279335514614635,2.22741868940946,58.439413351711806,4.593945899870561,0,None
301.86445735576154,309.6322897225951,1331.8578558169138,56.181651594682144,69.49708751196232,5.02615834742119,75.45165023814224,3.7130038746675447,1,HDF
301.0046802843056,311.30542280858316,1450.3783760431543,40.66490635568432,63.00366412453811,1.1652894082391045,57.005571596800316,4.14294311666796,0,None
299.6241873953897,310.8428750500673,1745.3019347664012,53.75547690687284,40.65666316808732,6.853576872980259,63.1141481724675,4.158976513593105,0,None
299.0848144073154,310.9247021456466,1542.555344519856,42.16900860869285,42.47151972975355,2.977852051773743,62.61963032543291,4.063232353876582,0,None
298.8004865522023,309.1098996121578,1765.129414604182,41.07392106681809,61.904194236483086,0.680123052427025,63.35705837863864,4.5102644508826355,0,None
294.22673227760725,306.47480819363614,1697.0364799343088,50.15451205026935,117.4000980828717,3.6680946233150875,63.394794923060495,4.114028268140523,0,None
295.1075144215358,307.46725306621806,1651.7327468126186,43.05823508508011,137.5728239308818,3.1235355739794537,67.27665739893791,3.924262660749207,0,None
300.4325692073534,311.6972114034434,1583.266556903365,30.493118399112213,25.459463679870527,3.769539026352462,59.61966205783224,4.03841811013055,0,None
300.05974751546756,310.33167210983396,1475.557053239589,31.347649909914047,71.09809009792764,1.7735144562746545,64.31218650699375,3.4836253225839187,0,None
296.67346267082115,308.53004097306984,1495.8627132517242,48.144565012361305,65.50898601803434,1.074976340525363,60.11733375768633,4.967630782487716,0,None
296.4733366506858,306.151413809465,1598.6186409609315,36.11862059285912,79.27920238021112,1.2688225042378154,56.33766562245258,4.939856589900966,0,None
299.2569009677616,309.9795798754774,1451.7800037800714,36.62039300419079,145.14944573260811,1.1951065019529425,59.96635872605672,5.294405206903725,0,None
295.35381863377387,306.6180340235396,1583.921245605567,29.34234536481975,1.7418844998387584,1.4734429629520074,57.92785884431683,4.445761340786194,0,None
299.09547215453426,308.6882560057863,1706.6741501204747,34.84525472922664,94.2672429449508,1.194187183552602,61.558292789837466,4.771198192319947,0,None
296.94166718531574,306.89828266276135,1399.9118878523464,34.62971605279325,20.961216479623175,2.170204596368724,56.715974315979366,3.3373837380260998,0,None
296.9416103018286,307.86643117774395,1453.4288971938217,50.20627469304378,94.41651511471369,0.873142093844529,55.8698828876192,4.772886213535105,0,None
297.652648487466,307.68401430870705,1483.3425800391344,48.19314235329803,21.849008725824763,0.15753568850400448,55.09659423522079,4.421751651705941,0,None
299.1563427688405,308.88457842823993,1536.9400553581027,27.045656749841356,127.65269795714622,1.9225808477446633,57.74782086209239,4.5370877506235985,0,None
296.7396587129129,308.8997107443917,1623.9230960850387,42.67910093210689,125.9627709319498,0.8611293199756922,57.366832128845935,3.9583619262054146,0,None
294.6579410442444,306.0243409950579,1535.1081899357914,56.5987949712809,66.76929743287064,0.9885519473062364,59.11103304821985,4.8600837191036845,0,None
297.99081053513373,307.9027170945541,1538.550679412917,43.91880272952081,65.3831101543039,1.9654975019557788,61.53688911606537,4.588758310121864,0,None
297.61422511647197,307.8079713647816,1320.001200232638,46.03006887972232,127.61909529747255,1.5625942770730752,59.56639688732495,4.2854506535490415,0,None
298.13315308254124,309.10208572285546,1580.7930578742325,48.32080285502874,7.122464169416334,1.5804767241363484,57.019930888287234,4.02738034735885,0,None
298.9994331985453,309.7872243786467,1391.9479461589196,33.746939857576216,74.77429892228234,1.0551026726403254,53.97117808760338,4.42933253710085,0,None
296.4082163846108,307.380554033612,1792.780420576154,39.28671850474888,7.4534169448047916,2.517000513664514,59.785581663655115,4.685649002284071,0,None
301.99700422082196,313.1672155980592,1615.784981161159,40.82236532765596,107.100682033003,3.3256512329236694,59.26684571844481,4.544536689139866,0,None
297.52337484525026,309.1859952260843,1453.651449387241,35.69697449965416,160.66339839701223,3.2934609001531348,54.120191364969756,4.477764460104778,0,None
297.0023907722251,307.69686415435365,1619.0704748270707,43.555437807417945,21.540374345572346,2.7310006709655705,59.75203609002856,5.1054590236575015,0,None
298.40357840954016,309.5660254614548,1229.7848604971064,35.161206517981505,35.48461163954685,1.4586074470220316,51.01258135629248,5.3401749769341205,0,None
300.77140885136475,312.04253439862543,1231.5921305511993,39.63389127031323,154.343424870577,2.6011641758097923,70.49275352992558,4.110826295179438,0,None
296.6671534577537,308.8008957861815,1401.8135349489157,47.24733674015586,54.12884145992709,1.1265515064060643,58.09511570890657,3.9652824123242163,0,None
301.4240731863249,312.11857195313524,1639.0628550764468,44.01151262057243,15.936612297807704,2.0693836807717862,59.86382970947833,4.166650506428256,0,None
298.41827756985094,307.4947584254452,1640.7439296674847,28.92154074538031,157.47340105124275,1.5354250817192048,61.49295574369341,3.3821200180263653,0,None
301.8611696990506,313.00369349314184,1403.0767767068405,40.363972483178514,60.00796262140428,5.528864260955021,67.50469522631289,5.11842965329871,0,None
299.51675228673645,310.9691911622113,1548.182927298791,43.55649266502191,64.57757238554045,1.858481621269881,65.58730256783751,4.151327633252871,0,None
299.13030256011626,310.1255289173871,1644.4433534175944,41.816793154414164,109.0703207462399,2.6693746551737183,65.11061153989793,5.0945220271144,0,None
297.95325918841706,308.1456936852354,1417.612102198019,33.124689717759736,70.68024553163083,0.629601675386998,59.031628754660375,5.041802399603239,0,None
295.0965486670204,305.7650834391829,1497.166379585577,47.60965760556516,142.65706565123173,2.6296815188593743,65.51829490959608,4.076581260601131,0,None
299.1931969677153,309.38774574102007,2498.1833113601797,69.846760636397,128.36063928295863,7.38340068302152,86.17944401849712,2.673471890130122,1,PWF
298.04104411361124,307.06600924682664,1554.370373995553,49.014545257137854,76.72163316287218,1.4272761772608693,63.722272328700576,5.945605924919492,0,None
300.2493969254853,310.8817198537251,1578.8522202434647,46.89184849154477,19.355306509450976,4.7652976981907305,62.14297501671343,3.7356755174026537,0,None
297.12011109585467,307.48186970593747,1370.9136850439306,33.5716432562304,75.59782867440252,2.8264015003292964,52.780606871988,5.44452484638984,0,None
300.3244609160125,312.0567200998684,1647.4230307643481,48.26873698139963,141.94399000999434,1.523872581753227,67.40196590002864,4.570068901805019,0,None
300.18459957230016,311.2342522089873,1838.9821422108312,37.04257282075468,102.79212917201325,5.054799615548451,61.7806515586196,4.417790592884741,0,None
296.9528460553482,308.0491346346105,1809.2918882644835,40.202708197453084,88.78073761893856,2.256011901137931,62.00623634679351,4.872704879347789,0,None
295.70926511198286,307.1586528081247,1505.8360306960412,50.430413463534414,92.13724228244223,1.8211195805283955,58.10774311486431,4.6150363415727265,0,None
300.054012817996,311.447712009465,1243.4425689813916,65.67328420519563,191.19674116660408,6.709281199505311,85.12071231616429,2.398778478985802,1,OSF
300.0736446208596,311.5153925914071,1546.621824038022,53.479253440568094,5.013037979294907,0.8816901035696614,60.52241635142333,4.2590275401502415,0,None
296.42011767366824,307.6552495573949,1781.230460470475,28.157000012431887,128.53617010693392,2.972478646171769,65.1254754680164,4.480767804748345,0,None
298.9058754080312,309.1315723187851,1731.1737047536772,24.137520389216867,15.725135650008196,1.503006259413704,68.20634140723156,5.241812871832667,0,None
294.26498033634704,303.7527736090789,1496.6404863470798,26.67781021670109,84.33090506005979,2.3858444657416107,59.26292705043039,4.50518155655494,0,None
297.81938327971403,307.87684148343624,1560.1954931194855,43.86591244353354,13.558661543652843,1.2923122897912718,64.90902039757016,4.825348045445615,0,None
299.6415178297823,309.8190570385303,1604.0098289169518,38.87165113800714,115.77592960046023,1.5737923983825928,58.54304738985813,5.134839120505064,0,None
295.20653017778983,304.27141617949553,1502.206734444477,59.79791311762111,169.0983440820443,2.4408790989292717,52.62242061856038,4.328901432889371,0,None
296.5894084581993,308.0255674255566,1679.6171794722422,42.400543883558,101.83901244895583,0.7811251420742494,66.11111259296463,4.337196056913033,0,None
299.8367329395754,311.1597481327142,1258.5696683607512,34.74796578480081,30.129337956278917,4.340109250697643,55.066148949728735,4.734537995936492,0,None
298.76978985069235,309.5059759107248,1566.4083514195172,30.963592394475107,43.83777945482308,3.6148801349317523,56.805526252869775,4.4199722883618,0,None
300.82907910854135,312.55278860470634,1492.863994562887,68.09755571766294,224.45191824952065,9.11238635027205,90.40534605657483,2.3530134993172616,1,OSF
296.1600593997273,306.0160862150452,1509.9063226689468,37.34811542771894,31.985432966111862,1.3371150390259483,62.43459731877878,4.111389475226625,0,None
297.7514129732965,308.211508849994,1676.9021181095593,43.04218534842304,174.39824841492495,1.8332654011848,65.78943185554296,4.809311087049215,0,None
300.5369702734978,310.80964619515476,1292.132640711349,25.90326533612401,158.3897066081669,1.766056878107815,61.521389011565915,4.453572841445448,0,None
296.31549377097866,305.4217164168704,1421.490307598353,34.13786541288788,46.51038994305119,1.1184436374337139,66.18717102915586,3.673511553024374,0,None
299.528279696994,310.09585312610596,1438.980328472396,29.806622630725514,100.07825038241654,3.72077275477296,56.29570914633856,3.871954464237542,0,None
300.993222036836,310.74040387630293,1585.7901324828983,41.781581675999654,99.28448767456374,2.0491601169999276,68.36088412293131,4.38549158628089,0,None
297.3877747188387,307.9331680654762,1773.1199335561294,32.19696167772418,124.75851331384658,1.2225523586040827,60.13459726684301,4.802686697143452,0,None
296.9151528577991,307.1288905110461,1760.664153883793,41.300084252930056,93.58770320079515,2.3386864202579956,61.9220713297467,4.115322919167765,0,None
299.95504505412333,309.72652898437735,1719.3734114932172,29.065106150279977,45.391499163706605,1.682353309315117,63.31612869000391,4.711808106036252,0,None
298.3707540292585,309.24918465498666,1659.7282110847568,57.15005179624274,11.358671837567218,2.6300632645598077,73.4105313857531,4.223939959205706,0,None
298.8162686899043,308.81111906791773,1304.2774405340333,45.67455184513639,65.46839861735363,0.26768884836157414,65.19146607749065,3.7998413513821685,0,None
298.4851638393216,309.96853566675924,1474.7335943275289,26.53504886055283,166.30870666696833,2.0027908651141884,60.378705851239886,3.8659926849341586,0,None
299.23900735899133,308.76518120521496,1462.0509718019287,36.1322887328994,29.22112939007683,0.8715059390450736,60.90699966728274,3.9771810663973413,0,None
301.4583941200606,311.734545846159,1469.3982777862327,41.17162440100361,52.85855146063453,4.036642927755485,68.32661024388352,4.798383789989533,0,None
297.2549461053171,308.37842530844136,1224.6089247376126,32.33813056638618,1.6635854231684843,1.5810048322066308,67.89672035728748,4.381583455557925,0,None
298.9394450740034,307.69707088824765,1432.372702594607,41.245658724977424,158.64286062091062,1.1050939710480447,65.97366277276497,3.7630440018359206,0,None
296.9067783484083,306.7313191186618,1826.2274180079921,33.445396934760666,18.869142924090728,2.222055070226706,66.47580088673747,4.984308255031585,0,None
296.84971933550634,307.24850421794315,1486.8525704652432,45.65936518170377,155.63408210375343,1.015496418110254,59.70990587878251,4.62981808265918,0,None
295.77807038046615,305.69887811507203,1618.221337172228,49.43508104456825,166.97416389216662,2.1693896521534106,65.3780250369502,4.780684317052163,0,None
299.36811177168454,310.1547873805453,1525.7055717551987,57.68097947601457,72.08645988147846,1.4530706484399762,60.61382941561543,5.441297651527792,0,None
294.52237595371844,305.9322275876102,1587.5098137858708,43.65179916021367,125.0763853166496,5.332339237019989,59.92706087887533,4.580575995093655,0,None
299.138729828925,308.8584370071024,1343.6683003206645,53.08698753301787,106.98678038564981,1.8787636169507889,62.67585876719836,4.1702117543722945,0,None
298.5663247720012,309.3393655267679,1437.1998527108444,75.88038841024103,200.02225311339686,8.749493143858773,81.78641290689512,2.517129417544135,1,OSF
294.4313758366799,305.18446249390877,1765.108108556682,34.5671223903517,166.73403200183327,2.7230296081946155,57.82714903283661,3.7191527466002525,0,None
296.18769164933565,306.6269944887876,1335.773825045703,31.76061600428107,124.00561675961703,1.7711190126231906,59.44888218715027,3.8738509329188884,0,None
298.05644790849635,307.74223646123477,1374.7675572119483,35.8185111787872,155.2134376991106,4.0087252998397505,59.99718005389043,3.5175852337441227,0,None
297.7850724379483,308.68219253213545,1451.626240926302,33.84122664578637,13.736174281708621,1.533647369545549,59.77521769362755,4.3827553843983456,0,None
295.1199157044964,306.02541696699643,2498.1833113601797,76.22143331630993,163.4735842109104,7.285670596160784,89.98881693579881,3.0835740811311227,1,PWF
297.3213952619247,306.8386401969121,1466.1655313704532,16.90637541270309,27.485304717349273,1.2030631911091516,55.90080852053685,4.043780697958867,0,None
298.9967991472942,308.76978341064785,1902.0365245957455,46.34547394430675,95.9377843646111,2.2103940973648175,70.59555211969382,5.382634834697473,0,None
297.8398663927121,308.35062668440753,1735.9185097315435,35.174667236439824,149.5251426868028,0.4254591835238305,57.821789326928595,4.515809622652134,0,None
300.2941474216286,311.4797278512149,1601.846490950927,33.431533393567236,15.013440445856391,3.0012151742624735,66.72214518657941,4.914418442601019,0,None
299.17105303850406,309.62407669682034,1532.6142848798927,38.537457486781584,53.37421570297001,1.779895509536671,62.38920417832672,4.840830921128839,0,None
302.04164527979185,312.81056125021286,1539.668351741407,45.45772903431236,108.61146662113292,3.465619039838463,68.66592431776434,5.674987243093362,0,None
301.39662577853784,312.2132816034146,1555.2716158489764,30.885367114466362,95.45799072918459,3.5107315401612538,59.03689106629053,3.320880900799133,0,None
297.69566033000535,307.8877060192773,1608.8790881571094,51.207560774476555,68.99160382262768,2.884131860095646,61.128867154834246,4.064395318344691,0,None
301.01932517440696,308.4925162676296,1215.3363850600942,56.14321813689352,65.45582254526428,3.8820660531383977,70.66021848798673,2.973291612124412,1,HDF
297.14720219759295,308.46234078966484,1396.5348949893055,39.7604412802377,51.06406317665191,1.3670056394561119,65.3632566136689,4.646622023489485,0,None
296.7895947057876,307.06598873515037,1855.5653352489567,31.16230116448414,100.70216214286644,1.582369257979425,60.46107206652181,5.271185486219442,0,None
298.9673589110933,309.351456061535,1573.2699718819943,61.65832885116371,67.35390565475515,4.858511360740852,59.37889775822286,4.283505621806343,0,None
299.1631786952462,309.50289663301083,1347.4112275699094,36.906323823303815,127.5241184831867,3.9680557249922854,60.42111212255545,4.177735844682159,0,None
296.4396616679027,306.84044455799074,1362.3424391843703,49.5533395843692,155.62575386259223,0.3955723173891855,63.13170515598253,3.843272990472233,0,None
295.2183728387423,306.8089560188481,1800.9667942576461,28.11250277407259,154.39716539966273,0.8261398510948431,72.62452221650162,4.2326074780516105,0,None
298.1576074683184,309.20669031233007,1566.757392737095,38.6141273490294,31.566459553137484,1.4163088530084031,58.864335918093495,4.396684505598744,0,None
298.7611171641224,308.95257905934017,1434.5514705772641,45.34363063395107,152.0458577227813,0.4835680965273669,60.36505793312473,4.8142245898141,0,None
298.54244096175825,308.8644146556241,2498.1833113601797,74.77485225014497,94.64029223467334,6.716957811850264,76.63364132519187,2.849211311991875,1,PWF
295.2735955041972,305.79636156914376,1618.930302500968,41.72502045391516,48.23618975283404,1.7407843430627934,64.88974108244703,4.909614073851628,0,None
293.54548245905664,303.9460538373267,1619.610246241788,35.04908460827825,27.18981228894562,2.1258757208100048,63.211627579882844,4.30283937045813,0,None
298.84483837541273,309.88902254214685,1632.7977530230285,42.262123910967006,157.29194127979878,1.0404192647439037,62.25098981799539,4.786910923446027,0,None
299.32751534833096,310.37067293854074,1588.456426031681,54.43130151160461,132.0444182216928,3.009688905255772,61.65861608152985,4.371839299750304,0,None
301.71836816977947,311.9084785981372,1403.878245737123,40.46186064748258,14.056543495668341,3.2963874267866973,73.41901599795216,4.483818445045816,0,None
296.90843207996613,307.9241084258983,1376.513961774011,20.43392868981272,127.9479440687741,2.8713355730154766,64.03674207340147,4.518741715220758,0,None
298.2019698648148,307.8698148889621,1723.9917205985012,20.288934129844552,113.7811720431771,2.218798249726086,63.63005767799743,5.740332778931139,0,None
297.59786672540275,308.4582633044252,1401.605938898774,41.101616899288125,164.76884305673622,1.756449596094329,68.13935526272203,4.396853352005066,0,None
300.75777262950663,310.3607776374311,1575.0879524944623,38.64802853349425,153.75877944132517,2.0810186825781756,54.48093004617028,3.995793054971165,0,None
300.94061250361193,310.2585225780764,1676.5280758358672,26.543876749456953,7.673228274418559,0.09071983936027399,70.25623201023284,4.667372013411148,0,None
299.1684021001056,309.1600741959226,1519.4927060980574,52.898389220958684,163.55594291351932,0.9248685058798772,63.240989842694546,5.124718640373035,0,None
298.2787981497726,308.482331939852,1913.3667311248014,53.02581060126868,46.9969685866939,0.8535788743792685,51.690583527315084,4.143207703943896,0,None
295.7291625440962,304.95704907955195,1470.1053339707482,38.82907381388027,147.91906425750676,4.131585761021606,64.49935186632176,4.377498497420958,0,None
298.2065931812261,309.6601126487569,1299.7553452365034,47.98092524912197,23.93212913234282,0.4780057570862622,56.91452500674493,4.5234230361975225,0,None
298.2215507684383,307.38667136133574,1516.43794075597,48.5956923853591,114.54139707691483,1.484512614893779,68.40547065549904,4.897638405019502,0,None
299.69712350708016,309.00189327244834,1432.8144380157737,35.03361516974791,142.71992654832627,4.077383001685594,53.4089100334096,5.375986695232463,0,None
299.6644809159007,309.7131239720123,1480.6633046510924,47.839177579115976,9.823027903687656,3.45808838815162,61.723023111474554,4.112831355282422,0,None
293.4361238741392,303.7588945960722,1707.1021149666767,40.85040352907155,153.07713841371142,2.172956705299121,59.0267008142366,4.106292608550572,0,None
300.7669941244327,310.0314470458341,1689.519688928256,37.13075911121161,33.029472997238784,1.9716299995339053,60.394634039429555,4.70069669805807,0,None
299.28664220317836,310.26681257577377,1429.879907181901,39.370451933687484,135.1396153424939,2.3827305918985955,63.66352469596434,4.865996215804783,0,None
298.3196176663617,310.1321093171523,1549.1034483664291,43.57898593087181,131.78508173510915,1.7500369782239282,58.73022485029207,5.381038903816985,0,None
299.7529698908042,309.5495436648746,1427.564483246536,33.15077681792836,126.39081983275895,0.8299624271033835,65.71635010829058,4.516590520605198,0,None
299.0405253894784,308.3253495648277,1450.836465548546,36.02693392727914,145.75208231464816,0.4915922559693984,64.05675828518216,5.069347053910168,0,None
298.7188181867898,309.0477180527461,1577.1229491845222,39.366991782341614,5.359231891608501,1.9743012201315115,66.45117518064158,4.8847525256473245,0,None
294.5672737549894,305.87265781197107,1667.5322165375264,29.028576668630983,21.247758929591985,5.247321828794096,59.72575437513338,4.357503279124562,0,None
295.6581527516779,306.3695673689944,1532.1806944286066,38.97600018953588,141.52989007869596,3.039161111947011,57.60208705185678,4.155408254311868,0,None
298.2003048421197,308.5803522668564,1764.7867765591166,35.213095995524085,121.92488006177996,0.45694637590992493,67.85333901955585,3.503517277058386,0,None
297.3230834371075,308.30611585332986,1541.4763996437437,44.58361676294616,167.49364674980566,8.17542399695159,61.09092476611235,3.9028065573161,0,None
297.7022644871066,307.5167829950044,1568.3336718838173,37.115727167324344,29.74935193090021,4.6461686308848815,55.74700889397323,5.056982910815458,0,None
295.7831055765484,306.1358796571892,1452.3917738775513,37.559651461386515,128.97142925120156,2.5944717445848884,60.39270109678339,4.731690152194891,0,None
299.0659749545491,310.9469561910576,1477.2971297095257,34.90778185034579,8.055798824800748,5.480038834169607,63.66655020252193,4.3613562076231736,0,None
297.05297435489246,308.22745862075107,1509.8840679761315,27.327480469615978,114.15586027187142,8.330467776274402,62.88276049309796,3.5967801648822393,0,None
297.36546432856125,307.42502278319444,1648.770436929676,48.06013534686408,6.641202791977391,1.4415617045968565,67.31431774484389,4.064973940245511,0,None
297.28002885315703,307.0730535406042,1533.0125673742373,52.157863994230205,78.71113977399806,0.29459566307483687,67.251620107852,4.508500791493507,0,None
295.89690751982795,305.47177486643284,1666.3179959920833,25.70573533390386,112.26030739097791,2.744846832877586,60.7098569906331,5.02852113059803,0,None
301.9560866455014,313.015037696315,1378.764644735192,46.822610317500995,173.7502856573102,4.981671930725259,64.82141749158575,4.882496172801704,0,None
302.26638542001234,312.8828023782269,1656.6420873281209,40.59066795641594,158.01082031578443,0.3538563462193836,50.737366358293535,4.834077314986158,0,None
297.74657027164704,307.87490540915456,1253.0735720062446,38.83967127457557,5.809355136473307,2.3153643045376673,57.08646628081015,4.873113581145615,0,None
299.72071745911114,311.3029578870285,1584.0960620177466,44.40344118241457,153.96416131135544,2.515652721768992,68.0985627954732,4.825745574660496,0,None
297.30252076196876,307.06535994322564,1748.834340232253,37.375682039374254,119.90321010748258,1.5223472559559403,74.0733572395864,4.982969777429851,0,None
296.0665276616163,306.55765405845744,1723.3221741963707,42.01994334943214,74.77855756603574,1.466057979148214,57.98045247412988,3.865400443631102,0,None
297.66051805647686,308.4838883486987,1437.1264743452132,47.45062910006973,120.81883425389465,1.5497926908273665,58.44603746053107,4.991058937673463,0,None
297.01885035814615,307.70204747211363,1614.2956372214067,40.04585893018131,72.3296982451943,0.8138631617933778,53.260944890602744,4.2114899735103,0,None
299.24330924302757,310.0790737297134,1472.2493177068275,47.976376283831726,126.1183628411907,3.3128849755007863,61.12351411460038,4.999944356326138,0,None
296.8227562614515,307.34630073479354,1496.9855284073576,43.012340014068755,146.42553895805898,0.9971493961775614,60.983468748069996,3.6716630176230907,0,None
298.9725190711301,307.3726654260308,1672.6516672005794,46.453068720951634,94.34077537889331,0.8318737661173513,59.22510153296297,4.706453045235214,0,None
301.10423874552095,310.97276794094523,1714.085677968435,31.89240500138846,1.3196912252997683,0.8647200537218631,73.64277156690446,4.861204003369134,0,None
294.90275659976044,305.49601940937043,1433.1148575367245,37.74640563422655,161.50280553538087,2.865457326012279,59.38734589618749,4.940517376819393,0,None
298.7426278747371,309.5904439263826,1626.092249464393,42.360085340107204,60.98668594305051,0.7744065194239393,64.30947806407232,4.768683264433252,0,None
297.54473098077955,306.9208774256375,1655.6991253868473,44.2928148634261,128.5041916565058,1.0573380785965236,67.27791834735018,4.002745192413161,0,None
296.0902560080924,307.53917238732623,1608.21054724826,28.269262205889618,169.2925478411463,1.9258126999086327,65.94695451136681,5.364137916314277,0,None
297.8117609679801,308.31878789189864,1253.7519394678225,24.791812296878287,152.9976046535154,0.345589967083076,57.698303205927004,4.604408678302714,0,None
299.5930547154772,310.3393206134883,1385.819891422424,22.677053547045883,27.25571307435274,3.3515797719186593,55.43083285669672,4.577044016502758,0,None
295.6201951376773,304.6993857344386,1403.0368870248503,41.18257227877922,85.93284381016602,0.5965341265803221,60.12856512171391,5.457813152587322,0,None
297.3178594988159,307.99185552705995,1225.0476698732743,64.71434691870846,166.82082308742903,8.413594734571706,89.90963595667839,2.669420150078865,1,OSF
298.940007767539,309.1348162356797,1509.4792116430426,27.207002150758832,87.10229088366188,2.6779323093048997,61.322057456338044,4.598540808491074,0,None
295.67723657555587,306.30361602535703,1796.5585736498417,51.84313936668022,122.68675704422854,1.1752922986675058,69.46386234927462,4.818184427389924,0,None
296.2368172767864,306.7296520999782,1290.750376378001,34.39759304215288,233.11469413583117,6.581782744462873,81.8131440580839,4.197047799004059,1,TWF
299.19233106778825,309.8541553938852,1581.5201747372032,36.579640905800694,60.69129488063317,2.116413641351093,56.18483408614364,3.7104845547219574,0,None
297.49324525198756,307.752872493011,1624.3462810795309,42.2519774891454,49.131591380609706,0.9121060147288006,53.04789859823473,4.3225834258222084,0,None
296.2646041903542,306.8309941254042,1551.4582068341354,29.059510833412837,130.51187765022257,1.3515413009688217,66.62888274532887,5.473394412995672,0,None
295.92264616635583,306.83389620829564,1743.7840670960218,40.047612269876716,135.9047343844204,1.0955612611696617,61.90157088104893,4.362770129804474,0,None
299.7108638785,309.7616176814355,1607.5906173684446,45.382770648362,26.943173968274586,2.075869841876379,65.69339799888647,4.148868871096179,0,None
295.4934481853048,306.1767079358694,1676.7003928077295,48.70697423103152,125.56895111470973,0.8092741420286789,64.0255212841184,3.9819315403120035,0,None
296.82627338932036,307.12920516437646,1597.0765631572049,38.41196036789625,163.16158213271768,0.8429797280318478,63.28911538895083,4.236630404559045,0,None
297.00582453078357,308.19957446104576,1542.8169581413204,27.23227309461543,94.72773034485633,3.011879029475485,55.31455025228556,4.984324503226879,0,None
296.62724200983985,307.1482058120591,1337.850423409674,23.68815014278205,82.51886782619283,0.9844271562725585,68.20757412335756,4.757421096436724,0,None
299.0194257593497,309.80772073207356,1378.082269610573,33.072064394407235,39.80516933276111,3.09861970451915,72.12402810251649,4.286687809811052,0,None
301.31927354393025,312.0828670252647,1575.9959939684863,54.60416496298364,211.86399409752414,6.571831068721849,87.79286524436047,4.52952985820998,1,TWF
297.01960962111417,307.48113881524955,1528.6506052390416,47.49529865654591,142.58451923572935,1.6587340723446435,61.91441310685007,5.026443753039337,0,None
301.11986146533764,310.694168170367,1509.9647269674851,27.360358571859287,87.70415999855511,2.565133890751414,60.11436394630389,4.926459171061813,0,None
297.54342366131027,308.88220978215077,1479.4307477133061,36.89768992948976,86.64117874880233,3.2538056890781863,57.58193442377208,4.410616289925897,0,None
298.6387266447317,308.9357857826978,1703.183285320178,47.505021165455354,107.52588959614167,2.6371554905221166,65.3213905815697,3.5670318873720093,0,None
298.4772238010603,310.1763764314369,1591.9234640346463,59.312447374045014,212.39328710268856,5.275849468676798,83.17703126529855,3.6985673063823072,1,TWF
298.6716553471807,307.9248028313136,1568.8802378781922,63.049913521885244,164.76914167616786,7.0040857673155195,96.72445527896643,2.4928052557880904,1,RNF
296.78054060805687,306.32780740327786,1569.055921284424,36.761621780545596,32.333872973737456,0.5392267049440531,58.96710051046969,4.467437321544879,0,None
296.4722300748121,305.7929243691784,1655.6964644262735,58.19282596719276,149.28211587038925,1.4494287268177188,61.85860145043226,3.4618164848414903,0,None
297.7503155624387,308.8030443283524,1333.8704313884912,30.976023734146175,58.85961174113419,6.766359469942435,68.95103606052307,4.268734604937151,0,None
296.88038362579584,307.8069494801153,1566.8805931756146,46.920714708871195,128.2199959944402,3.7732976739541755,62.1929851965098,4.071227580448658,0,None
297.10903367091515,307.40319367042093,1295.7335457352578,47.62106156382285,65.61585051676619,2.0412473503872928,64.44030960883642,4.605658514712772,0,None
297.54281640923483,307.96934059776686,1612.260165542093,62.06839530857803,102.85948095606568,1.0374084498580145,62.86005286888222,4.762934756778232,0,None
295.61411971432324,305.276393659371,1579.485069464711,43.33694241301473,22.04612564335445,1.5305114720688449,64.01406130140062,5.468538368491078,0,None
295.8363598539537,305.1263366817146,1785.3208672770845,40.18090728506447,80.84664449162175,2.531238509948426,58.28836943851178,4.091496996268044,0,None
295.37395344347465,305.39858474556934,1798.725626847919,46.04599271277504,88.81920689111321,1.5992265660044196,61.7752672357321,3.9123047183904514,0,None
300.12806924628967,311.03208611690866,1807.624849388865,43.54891986348757,32.18460896574439,0.6914498646858558,57.73247908321625,4.522534607426597,0,None
299.9573201710436,309.8098155141774,1640.6836132897613,43.28546347917785,121.97365802972672,1.376021381914198,59.47299118351842,4.343501708926523,0,None
299.1798717139932,309.49501613202705,1703.3139670709404,47.04201187591745,20.207210656130385,2.0557746091574036,63.197661394034895,4.329906398137003,0,None
302.2747931719671,312.1306557705728,1440.030883482495,46.03803371134913,5.759909515705394,2.631218118743491,64.77977708945448,5.135575308243402,0,None
296.1248554502609,306.4065087940805,1186.9753277953141,50.14663483959978,118.48211990085053,1.721168137832776,62.929563560650564,5.431149901173576,0,None
301.0490803984071,311.9847115719709,1606.6450104746682,57.64224955872178,238.29156089319287,5.541733384986852,85.65335623498005,5.12045497316038,1,TWF
297.09663850440506,307.95386770995765,1631.4870574732438,52.17689071450277,108.13569494664844,1.5096877488046692,64.93152426205951,4.413268855382824,0,None
300.18948821728134,310.83803908161633,1431.4150753556653,27.636980829914435,61.09197263646436,1.125919888525209,68.20910698934561,4.791381174752356,0,None
301.85907446860534,313.3353007857395,1651.2892359425782,37.48142575491133,24.43671986523465,1.240443927379305,71.4628250951331,5.191403241306045,0,None
297.71996557011016,309.5190735643591,1494.7565268016522,29.33074523403632,142.06688465185908,0.716316888246291,55.854471792506544,4.918058576594738,0,None
297.7234006272599,307.32599974497515,1657.6849397896735,41.78956563253512,117.48345544302597,2.385687006607655,66.42927192609444,5.81847341828967,0,None
297.63372413752273,307.97618669112524,1332.0739372220096,24.09606022098543,104.97221370004499,0.6874223879105923,73.816362778931,4.106388935179797,0,None
297.1035411649256,306.53703848110337,1035.8480853756676,34.35383349398384,64.55714011610388,0.9449783338687425,57.85890186094267,4.258993700684679,0,None
298.0987245297621,307.17954883687236,1382.4723041167188,44.044332210012925,85.78549948598494,2.4618732648613157,61.70637924799477,4.441840142067443,0,None
295.1955894838219,303.9583323600135,1484.2403753040433,48.61981803326371,57.16866816666464,0.564898906826081,55.50740584482922,4.636424171356417,0,None
300.37145870128523,309.85259026240794,1523.5959193035874,62.32107893643166,115.4089437001875,2.5180025754474458,58.64578287127613,4.395991204320651,0,None
295.95145370283836,306.9390745390052,1652.6906747025255,34.51895560607745,134.52761490211424,0.7139152300894667,65.8243542578202,4.934713189084784,0,None
293.6996884216564,305.1794992849065,1199.7570353070296,76.9746628942193,87.97680600775092,6.485297841165833,92.60274942890655,2.797978926478752,1,PWF
300.61883978585485,309.2052748224044,1787.087932777108,52.1366883969571,77.75865423951974,4.534573346319008,71.59322810509563,4.026131710816092,0,None
297.88671532846405,308.1203171736727,1442.6690284377662,61.05021819945669,212.38501516306786,5.7203006879749205,80.90638835260451,3.880601527391647,1,TWF
300.3309735649447,310.4173937742561,1608.5589256544056,54.64595612882893,226.59251902992705,6.456548862352396,79.57477256700929,3.2948205134903086,1,TWF
298.0650447094021,309.1969804871468,1576.7504047192567,44.66393916272843,106.30871903804568,2.900242286995365,64.5237763913969,5.15039402631455,0,None
299.2491054660951,309.9233473378941,1705.0380821635902,31.370757309617307,97.82614432253078,1.259488576618007,60.28829312724441,4.455663108168575,0,None
296.65338577765453,308.1675069866049,1422.6099137062467,37.34343307970121,11.752611916993732,1.9228384297053966,61.41099722163599,4.749068595139833,0,None
296.3652339328209,306.71467198180267,1593.3156985683356,42.97874234603299,1.7857327749179086,1.0372379313086912,57.442727314641985,4.0027787893364195,0,None
298.9522494182634,307.8666778296724,1388.517510094129,21.017836605039943,112.99642696718564,1.8339382662769066,63.580334109023504,4.668398226139221,0,None
302.7612145556335,312.8435092996175,1467.0644028276465,30.586607197872517,95.41935309584481,1.0159695068894545,64.8912907755015,4.570805457843861,0,None
298.70151755104087,308.98906914102605,1655.757408299276,44.22234505940186,140.22964634970774,0.626075205164472,65.53919128907917,4.059524993849353,0,None
299.86597957772506,311.70112698263046,2498.1833113601797,75.44574678878193,183.1809588404977,6.290691081169482,92.48801438712565,2.3368803884991474,1,PWF
296.53707308262256,307.28348100439644,1537.295437401943,50.576079161711256,19.90830129940341,3.6008377634382747,60.848936102477715,4.483993212451825,0,None
294.57259377701644,304.5028171660972,1412.5318615055871,45.427170472397584,104.97689530213324,2.0290166838156085,68.81101644946533,3.8315093597620806,0,None
298.47308119291813,309.2853741484344,1738.825891429473,40.09564946523151,115.99658005087771,3.006240968602364,64.71331003683525,4.886936252456365,0,None
299.4378753692409,308.02563187526533,1352.4714886859879,41.04989939200719,167.61730698183763,0.6771891961357444,60.75717295957478,3.6986708646581183,0,None
298.5488906306794,309.90518275886336,1469.5983744860662,29.927901263712855,4.03423710291177,1.6725571906545997,70.2825531881215,4.395221601153521,0,None
298.4679002568854,308.8210777191597,1641.803518444894,27.89725866556374,87.49711803084614,0.9583194800394413,62.83968533777124,4.708486281490076,0,None
293.38445881263846,302.9188414943527,1560.3598104368064,51.73976688092618,127.49891203582239,0.685055756023045,54.922990183962646,3.7440013434458246,0,None
294.2806611817846,304.0987517689253,1472.7195821516536,41.41285150371386,59.863439294937386,1.7836162179826782,56.115733219153896,4.826383830851755,0,None
296.5238871439075,306.87872788850945,1479.8511030061488,44.471643094860546,144.31050689809481,0.7619699404014403,64.47482146289613,5.185419791759643,0,None
297.0196846655423,307.1144662308676,1354.0018270788794,33.385529177402205,165.31234543423392,8.751356855411478,87.56211340430542,2.369477527984437,1,RNF
298.137806914939,309.91336082833834,1206.1132287469186,35.59492749390139,4.335472213517155,0.9632272887936837,62.547748959231185,4.9015235418372844,0,None
294.4101056985606,305.02182865021285,1721.3289901737503,48.180725072336244,78.65143567890796,0.6841156815642145,64.93559718080864,4.87309532037811,0,None
299.8377154722641,311.5967028455082,1540.4284163434002,31.444268533312346,151.62853661099624,0.5960933115240519,57.9264747607618,4.570616381235433,0,None
300.39981827941733,311.49516684766934,1298.3920425262397,44.103235543596,157.3891425611622,1.5947700999511747,60.46372531588818,4.162902890497618,0,None
299.57379975875875,309.481407673693,1801.6693105149566,46.19071026073139,135.06818711796214,3.2459211943422908,55.94296727773994,4.716000115263926,0,None
298.92794985729046,309.482220668424,1512.894668455029,52.476919001829536,115.16619816444187,1.6456541230084563,65.39506875498637,3.9627839357062493,0,None
299.93179064031835,309.8057117623835,1518.9344601907026,31.320334489634433,102.6841836699048,3.1560943740872767,62.21456615323776,5.155544172076162,0,None
299.3388495272038,311.17288220986865,1570.8437112838512,72.65168539203638,137.23471013091356,9.915198880071557,95.49962960403009,2.171229814863347,1,RNF
299.2741811811442,310.00689882721616,1712.0399170280784,40.47425089155565,131.88382910226284,2.516032152722659,63.39284787304428,6.108491793395094,0,None
300.2020077109877,310.07640491697884,1672.4243419176496,45.890226158110984,12.036615097090317,1.4892178114633423,65.723588382596,4.9897078731268065,0,None
298.76146699785374,309.2778007316241,1575.949656025461,39.31131319716753,41.215029022416,3.3988547269272407,66.00657206291403,3.826454120146825,0,None
296.0321707367144,306.01083063898926,1560.5065856314645,35.33882577661565,109.20497650524241,0.5973171227687797,66.72157942381288,5.205981002974831,0,None
296.81808704448315,305.47690967034714,1621.339935594637,37.470824849596404,171.76617755085147,0.7420619339444771,66.88957357218735,3.570418481404424,0,None
297.673726507868,307.15268297463734,1755.0619481996923,28.63290268444083,133.5555174817043,1.1089216751674986,64.76549017508772,5.2319190843643675,0,None
297.73355535181577,309.71304506492487,1427.2262644485272,35.66487918050381,46.431712261316754,4.246376530558558,71.30477212685449,4.890859019308707,0,None
297.14425238393846,308.3307636406857,1487.1456392016244,38.84570709117052,149.24106944090784,1.4926145206407064,57.25799740416508,4.4734503501973135,0,None
301.3532444125997,308.9785832442437,1319.0033946090682,64.04983181350788,72.85577784810474,3.6019821206515443,69.86370735067568,3.209676122784144,1,HDF
299.59460446977965,310.618584937157,1378.028204387874,46.992078621709545,28.66739112900519,3.557204882820416,57.409327785694686,3.851871865961882,0,None
299.9524801471862,309.987961505143,1732.4455774607177,46.29674012215733,129.37568503062647,1.244864957531897,53.63512188197495,4.9875572605603535,0,None
296.0365782925664,306.55842899644756,1299.0491470655343,47.99082471711046,64.24525928459367,1.925045364605361,58.52811184480403,4.381393311316994,0,None
297.5580133479393,308.9962188241533,1493.4388868210176,40.25566359133859,117.64751383598369,3.4341735260668025,66.75573324139421,3.9518854503732515,0,None
296.3858305146702,306.4453608610696,1509.6442129688999,38.58053588822968,154.97984159872118,1.2099726446422405,54.53568686671273,4.235278778156452,0,None
298.7076847917354,307.79082994926495,1451.68162288928,23.93660715485618,163.69189562823757,3.4648801061103405,63.051314181443715,3.8698709771431576,0,None
295.5686285653907,305.72962081977255,1308.6860251705114,40.033991689529635,63.94952905289326,6.4441501408262924,66.2693132349248,4.399245551315757,0,None
299.5594548916876,310.1681945454623,1472.8049500202908,15.47638367191572,56.103933739055606,1.3296814442941445,68.17902128839918,3.5931095877408152,0,None
300.51282989322266,310.93480958622615,1436.1902450122186,41.57522809512312,132.53481161769648,1.7452258083224488,67.11987736622959,4.788344010890779,0,None
296.65993058408424,309.3223526356083,1581.331466168334,44.04943177775658,87.4234044495412,2.7123271121403927,53.92259044224505,4.424964062905855,0,None
298.37670519070195,309.0429471965846,1356.2971518326276,36.929267799365405,78.85868338779825,0.7436659338003496,65.25105981888305,5.068328938067131,0,None
300.49207997516373,310.1128441739198,1651.4876027648365,41.46446623335342,89.31923394101732,2.7907518936950546,55.42374471228911,5.082735710384647,0,None
297.2283786688408,306.7007112562808,1388.8654006967545,42.66424497932014,135.47356527379975,1.0854217342474135,65.55972749948164,4.600747258922345,0,None
297.89780951055656,308.88028525851564,1488.5914492103552,37.82329188081025,126.57574095999286,2.8009845452825215,66.73485674492017,3.6337840578540055,0,None
298.8430056684857,308.89184767803914,1301.7667798397617,27.159940105684765,20.38098105603562,1.0055766585018748,52.83114158139918,3.816134945356883,0,None
299.5407371454099,310.12647307761756,1432.7106347028978,52.87491443638153,67.97137092759158,2.4369797886691464,64.91459023329861,4.637976104267149,0,None
300.03136048597884,310.58605773875297,1416.8498854228262,56.857313846625004,86.17739565163777,3.146532036981169,61.42909948982951,4.391280641768323,0,None
299.27204523528263,311.32584171108766,1677.2005930587452,39.41659060801745,98.64788839818354,3.445461866556234,65.14197897861688,4.320362943317966,0,None
297.58041444994376,307.56978826872097,1760.1357494378458,44.09570248256626,9.720765860338052,0.21918832130344104,60.12456525250253,4.48132614050457,0,None
298.173065044167,307.76683708315284,1462.6402915433607,52.70952563607607,95.57705346125938,5.332358180377311,67.33352462338658,4.201650012080428,0,None
299.74445232721985,310.2250660601241,1585.7792318578136,49.58806048261847,9.976154063696166,2.9517469101114906,66.89244257797128,4.602564650367702,0,None
298.1483945101902,307.74755134146136,1322.026847861093,27.216578472991017,158.3984280977325,3.6504449222755317,61.33892558732596,5.387720954839008,0,None
296.2306211224809,306.59328219934105,1554.4365096004087,44.91021487535836,73.30236589305825,2.178301878605964,57.48519729006938,4.108968359380167,0,None
298.71459510254397,310.82228712926565,1566.8325386372771,54.35250153499986,94.01420496081639,7.036700718466799,92.38538662018249,2.2483908544353155,1,RNF
297.83539639706873,308.41530596059613,1472.2376026929082,33.02002451102465,173.23861650602493,1.4874842180395156,61.88688598888067,4.641907717715843,0,None
296.81163201960067,309.5710964924031,1389.3748639786036,44.47188558215722,155.76722423284227,1.5706623212570598,65.97370845108345,5.782781110102177,0,None
299.1162906666085,309.47540071944064,1688.114499937431,45.19917258641261,54.63206294376442,1.1071840206923476,64.66705058267826,4.0068520195652475,0,None
299.8717803172579,311.14137006851536,1528.4370394508194,50.80208103064976,80.76756774450905,3.4563060867660362,61.80116931270491,5.129743962712997,0,None
301.4373666194016,312.49856244494134,1486.736173416711,41.71869308936211,26.61045236115566,0.7664285244701562,52.64604387638788,4.553151724836702,0,None
296.3029627266702,307.16187133828186,1530.5877569925417,40.94124243231677,112.3523773181672,1.8612600789757632,66.12725301082264,5.2082541487753495,0,None
298.9525377382606,309.4163342966892,1485.2565466388194,44.05083708086251,155.45855968628302,0.6548899723078558,61.43508044048994,4.1912656635012695,0,None
297.6327355675455,308.1270995791611,1430.8874544635837,56.24481352532104,51.91500582066065,1.036102112352612,61.59703348020342,4.653552288212526,0,None
300.2538287029961,310.60321963492703,1517.5216546697484,41.2571970395579,153.99749602314637,0.8372427186481499,54.553054450156786,4.555160823573877,0,None
298.695584417986,309.4541328039526,1597.355948124517,39.56596224543135,136.9268966623031,0.3569706818864806,58.14716995679774,5.512981801274535,0,None
298.7569298044392,308.7404721468109,1577.0006294214552,42.040715276214755,67.92825339305546,1.522369288799765,58.74905915025795,4.17061115379888,0,None
299.2725042523505,309.69417205519613,1587.2872538676443,52.02208515950147,93.40683110391257,0.7324106743237084,60.15489811251023,4.750065825411175,0,None
297.0495212125772,307.37209608960427,1648.8916683228802,26.725408908796215,56.50049022965419,1.3835034510051945,61.95549396856295,4.525284006604147,0,None
294.82763739430317,305.1795592747662,1653.296207937262,28.019156560748243,79.65744115601707,2.071981468452407,65.10244841794186,5.9720580044913,0,None
297.43530114935686,307.40078671069466,1468.0275673884944,45.456461333825146,62.95860579692713,2.7471306213306814,61.4607243340128,4.3859841418548,0,None
300.29786065194565,311.21295759629777,1451.7358164140333,11.5075776484904,138.63778316583557,1.247594741830144,56.576714657823246,4.492563085254515,0,None
296.82619496188624,305.641677408414,1697.8290125097678,35.6203288782972,126.44696690782733,2.3115554832605576,63.94044300575737,4.699375194958927,0,None
300.48643396557594,310.69557532964393,1598.2123816008623,41.318188941508716,147.70985823774873,1.377455008371606,62.8772580141254,4.593699307496879,0,None
300.24316329461544,310.9186051643758,1904.9602828409677,46.61907227733352,149.2587403519476,1.2288496107034554,68.1532856621444,3.965112801564612,0,None
297.30356056852696,308.34686243546315,2498.1833113601797,75.28619385030247,43.56441343270755,5.971710071506056,84.78042690700791,2.2863352294329222,1,PWF
295.72317809644835,306.3653781814628,1503.5949249747378,48.5003060070369,28.99105430837223,2.839718154758728,63.88433861504632,4.726586424173172,0,None
297.1059985202943,307.29532096965335,1439.828182032068,26.938547986395477,73.24036766421968,1.0889848020030273,61.26469797163446,4.06424682045998,0,None
301.2822238653198,314.6649308864431,1443.1871871777894,65.67470944864671,219.88942352228537,7.371883578348822,85.48056110637279,2.947691454947981,1,OSF
297.55427639089834,308.8299316115007,1430.2170598296234,19.897482568939672,66.57777905904321,1.4939899155646843,61.52146721874421,4.303679669207984,0,None
299.2817964955409,309.1991787336156,1783.7318081235787,49.621779114644596,74.75670342146506,0.579505232919913,56.36880336443731,3.8701801103479747,0,None
299.9154451675067,309.18332200667544,1552.1162874979518,56.11406966273481,206.09507880073227,6.79069386607862,89.06922125696238,3.7269935242558074,1,TWF
297.9549204512659,309.3121331997307,1593.6837020795901,37.734741587537364,91.48750328399801,0.14149617227242767,65.90997512039864,4.560511237688625,0,None
296.41621033631975,308.3147199916164,1292.4616554210595,38.47306750363023,113.70324853254337,1.576001060352256,64.15441597666165,4.293542136848236,0,None
299.7889108507568,312.02486012122125,1636.3487429034035,29.43362804159382,148.6220313266817,2.755475790002087,59.68691488613995,3.6985541173680208,0,None
296.78780444553684,307.6157515029446,1300.5908262712667,66.8479385206169,113.23979360168656,9.731828648928715,95.60561190994655,2.063913975753056,1,RNF
298.3056097675917,309.80521368815664,1703.483869573889,48.36521247627962,39.236717136547554,1.6609551123585977,61.15239698085845,4.477506208237906,0,None
296.43152515115946,306.6897806815734,1706.7526956404668,31.448306745740098,37.647789624318854,3.2860488393425795,61.81239215453325,4.142830759264064,0,None
298.4551682733301,308.2205985401223,1607.1475447372202,38.56284527053315,145.42618807321054,2.039274910920434,56.782787972228256,4.274856576449413,0,None
297.41757006622254,308.86844752469216,1614.5896493051673,32.32463733437214,56.178466846407446,4.250116042753764,61.94918499755305,3.882707940318438,0,None
295.0526777344483,304.8321406284383,1562.7915265339877,34.34114870320471,98.21098929230214,2.3039576121742775,66.18898192258318,4.4288287179266925,0,None
299.23102191667573,309.7023614537106,1451.910299065878,33.648084139780245,131.04685798082394,4.317214967164061,65.6854003607057,4.1738526023374485,0,None
298.3535952444402,309.73674208180176,1763.6356210510273,38.83617463224211,128.01698267200177,2.4927727924052787,69.49135579725217,4.730660312443594,0,None
301.02442122524525,312.16281686493505,1441.0610524277793,47.07640317844658,93.00681179254727,1.6854636709969948,66.71475979559094,5.432553579687077,0,None
296.0846886200798,306.6629392545545,1698.592657604473,25.527181323357944,48.887356567132976,1.6747768991333307,68.32030313790528,3.7423980655131994,0,None
295.1637035321703,306.5424914330118,1476.7976453545093,34.977400042193345,114.89328723302533,1.0344749628665753,62.021221824127814,3.8314340246602585,0,None
300.62606594622537,313.46788202020406,1414.4780243093933,42.28946338543931,87.76199171881115,1.7528876049135012,54.80482685326051,4.812888257415309,0,None
298.40846290614195,308.94526510394456,1256.125181966081,43.99698069187773,35.969232371710135,0.6777020366398895,57.879705926961634,4.112937515524239,0,None
297.45734743854814,308.4682891504524,1631.9700692878923,32.15064649225254,165.73049446159982,2.613226006838423,58.66301328217334,4.234188952705581,0,None
296.6736441422001,306.9937616975642,1506.884766328405,53.35806987695889,131.44066782741754,1.3778136759272568,60.06591602900628,4.08000453158823,0,None
300.94258306791335,310.76510229501304,1432.753671663944,39.234501034221076,14.007231716002105,0.9007572900687963,55.974018129094624,4.160578727817226,0,None
298.16882839092807,307.36839316407844,1587.8455488998954,42.83122299752079,121.49636276095735,0.3241583249611743,59.62926962318657,4.747033668239828,0,None
294.7103296254946,306.39103294589773,1749.5632383391198,42.09567257517839,100.04918909273134,4.149301091217058,59.41341216688881,4.7971911853869456,0,None
300.0695447332477,309.42302328162793,1248.696326445263,33.81507863319703,164.0344235468225,1.9732852125000067,57.074276856780905,4.0449906704744425,0,None
297.4397160587336,306.96428848551585,1269.5108778072056,43.10784559323775,153.32446231970127,0.3221034840627244,66.60057810048394,4.409508761028304,0,None
297.4831138702518,306.743945450209,1294.863419583268,41.884847285626975,144.670103142504,2.98103226213988,65.75872583558892,4.943977122603006,0,None
296.2970839821892,306.8334771632538,1476.8608376158968,32.97019418922081,34.9755520229848,0.9582520129682035,69.81418701728884,5.185049743344001,0,None
295.703780683596,306.5073050016801,1339.6103214123802,50.48641181060521,152.94989946913148,3.115267950882412,56.07536576343639,4.262314424459917,0,None
294.90854155722764,305.65645738073215,1595.4279909341265,45.837823740748064,146.05009245241575,0.6565534653398395,58.74185104556396,4.828701730989325,0,None
298.8996739606749,308.8102578519168,1723.3811237206949,38.36919954468935,148.4238506280562,3.966263480075072,64.09754728662439,4.6481289186787365,0,None
297.6653007269342,308.2126071969584,1430.6365186649805,46.32043115480379,105.28186806204451,7.268605291368516,94.85436747484044,2.638572207866619,1,RNF
297.4300278030721,309.213499089719,1461.7170630917108,36.23706717040455,89.98293166117698,0.9518226219578112,60.21162367982695,5.152579285499366,0,None
297.5605820335878,308.29855167608207,1187.0814190798171,32.88554712215947,62.035671386942724,1.8538022489339088,68.5591931531206,4.191063111788942,0,None
300.27171613971507,310.4078803658129,1542.5266153455514,39.327487125669634,54.691397481753626,1.9007082409310319,63.29856713849897,4.020291610556401,0,None
297.6457636961727,307.30526503871044,1551.7421502465306,50.710160853565505,64.45538848457197,0.5198612029654343,60.92421614185653,4.813001775859386,0,None
298.9043705014449,307.6401350032402,1544.4270763474346,49.623732569623655,128.47017768627333,0.6878688957421084,58.524122364501004,3.954863167861249,0,None
297.5210569078087,307.2417594308356,1564.7077857128133,33.17589507524012,25.837611211502793,2.693711895384666,61.448523060864666,4.720656684852228,0,None
298.1865529039905,308.8293342350988,1529.1507980149818,30.992898203338576,157.69796687508006,3.511488008154304,58.9994909095791,4.118086715931532,0,None
298.26516939776394,307.8424889892872,1161.5312734049699,48.04588103142748,42.891960567511326,1.5387985376696147,63.21878950173154,5.205230913178992,0,None
302.5023535633103,312.2262541550066,1560.0186888732903,33.73489435238632,155.68024414676907,2.4716954006677176,60.64705730904325,4.227765063370039,0,None
298.57765222891936,310.37268234064805,1347.862636741417,52.3880179796683,60.53076322685406,0.41201696634954227,57.29005511303641,4.937333748638552,0,None
297.90929296225255,307.9859321544033,1198.3014379314882,51.21538682337688,60.57249451252788,0.24586391243160347,57.97663167537885,4.948349744628533,0,None
299.0700380786324,309.44351500313456,1607.2852030686286,49.17340111550678,149.68584201963395,1.803184637209834,57.11097421632999,4.530639021544323,0,None
298.0508518288822,309.3680641431077,1599.914767717369,42.04211695804451,24.591651731515025,5.000033168907538,62.68418814844374,5.482141061185483,0,None
300.11131786862444,311.511263904867,1583.8011912087275,51.29745308438945,43.97976777695264,1.7974399983950988,60.601067833053705,4.2780510063497506,0,None
296.1345189792885,305.3402784882362,1363.198934478055,55.726500174151475,67.64762790301121,2.86679861682147,62.8482917799514,4.3746747127815775,0,None
299.0782628816062,309.3392068103828,1555.086407763356,44.84439108917181,69.22985682371979,3.2157727394944007,58.56025535965032,4.533926120904775,0,None
296.04259115708516,307.3626784791506,1662.1902380257454,47.06578622586529,3.3471113591528128,1.7845174242599406,62.55039135944567,5.319711970852309,0,None
298.8780733111415,310.4902775731511,1700.9282309614516,32.036999056792034,89.46246180535368,0.8287546039893389,64.87432675764708,3.897955242079262,0,None
297.11914564374393,308.32914881767516,1417.262408013299,43.01021271926845,82.14401624298259,2.4053121794053185,62.79126432445013,4.616917901427847,0,None
297.84015125853693,308.18312673742656,1343.0077927302377,57.713592936779946,78.63381040120096,2.777820163121511,61.900526181016765,3.902177784507588,0,None
301.19488023117316,311.5211531854637,1594.9875708271575,30.775498389057546,108.15655909831051,0.6057118986599922,56.6548644181198,4.4738370261256515,0,None
297.6499162737219,308.9796433926485,1592.8168563079116,46.873575976410464,108.95123578872727,0.9433652044942731,64.91145475199285,4.3307885209333605,0,None
298.9185336418541,309.4512734408372,1281.9888331253255,40.92288981170155,67.15018616255718,0.611559470104685,66.26959732413988,4.727145026655052,0,None
297.15313728319836,308.25072195528213,1376.9471312082646,39.84588980125866,24.800161443325177,1.7324889026762722,55.63932978592484,4.791707992301841,0,None
293.1544912830946,302.9382077841673,1337.6274593156547,34.66825393191809,30.615639907647875,3.755325731350138,61.89100078307262,4.1486891207930165,0,None
294.1421492780839,304.0446106500277,1272.712355743186,47.3003342006011,130.57010001056636,2.5546312652508725,60.231920220322294,5.228142644456497,0,None
298.45435022456445,310.10341854912923,1581.2606954063222,27.54108375225815,90.3407921387701,0.6592952296335687,60.9513080164013,4.732036203214446,0,None
298.4596587806937,308.6730632783677,1505.0148769863135,37.15238851571782,4.601527116967674,1.8130950903013032,58.42753304660756,4.867697996347668,0,None
298.62840427789996,309.0366916094948,1524.1012409293369,41.83726275448896,64.79016001937036,0.9153891853340914,61.5075917129123,3.7914072911026118,0,None
296.6272027701798,307.8307364030897,1581.611811021912,44.67046688216453,109.8343226615343,1.3557076651506017,55.148850565053,5.033805360051039,0,None
297.12957913433183,307.2316956372006,1664.8380813497406,44.89305897020367,47.48957762938487,1.2021350226464262,55.402497890566764,4.36044273443503,0,None
299.26187152605394,309.1737106982433,1413.9372154070763,36.12403754562984,74.65944035836904,1.7593458154519694,58.991050874854935,5.330526988017253,0,None
300.6056041154203,311.9631480075897,1469.3512760795072,30.64429917595069,97.0973833150314,1.8972147489696105,61.92540248526825,4.323074903219112,0,None
302.85981802463067,312.66438843503977,1514.1995397434202,40.306894041602675,7.509647715533976,0.6348748154606124,63.574688779929616,4.469573158628997,0,None
301.1175871620955,311.2876561075223,1544.5059121851575,30.020975354246126,85.43674619838607,1.719800487762133,60.95833518693007,4.611109556699226,0,None
296.6655885401532,307.1796791417001,1462.2976617838247,50.37133052703156,40.26588860700692,0.5301564746825823,59.87828914784577,4.327380587133922,0,None
301.26551687155126,311.24602501586014,1633.2228953188946,36.8611913565103,8.162253912016936,1.4889214401510102,63.10338690581827,5.08899824747974,0,None
297.54599917708464,307.85155021797993,1411.833215927359,24.491064044697442,98.98585400156331,2.5710228449268717,64.0399422488819,4.298296118965245,0,None
296.4860439908326,306.6446006348844,1651.790187307011,42.0930865321082,55.08716776724185,2.490587884542192,63.248509621748575,3.8057043846118646,0,None
296.4849421313255,305.73065459103316,1544.6934583344023,41.827331085637496,74.07034998402011,3.746486623183683,73.65340856750996,4.497636712508919,0,None
296.4268804516537,308.3400898919158,1455.1482634892477,49.639248858002766,155.5813077233103,2.9894035592420574,63.36280177670254,4.836546862099642,0,None
297.6982359416574,308.04604326612684,1502.7711896126227,40.814117641007726,135.44313996906178,4.123576589368682,64.99024768046851,4.511573274984611,0,None
299.3117264322859,310.0127797508764,1472.0049757594934,48.448932413706665,39.60919872656005,1.6619308734481562,51.43671959113976,4.743695426697567,0,None
297.37780315060553,306.84299705044225,1522.2854388354117,52.76062251006764,84.2176046909464,1.2137416159676448,63.81187774018105,5.123630426347238,0,None
294.4248772368363,304.4944390300442,1340.7972329063823,42.19688906324899,173.17773797461723,2.4055280620598523,57.31856766014604,4.477610388222558,0,None
299.7022045392617,311.9937168884006,1458.6646871882847,35.25412652967894,86.27013885471447,8.096063929045425,92.39959417780663,2.3467253538834267,1,RNF
297.1205947961945,307.18958612631764,1353.9389307887172,23.835271193006378,152.4481211893794,2.4202724299574054,55.03997299512552,3.920592737456289,0,None
298.66564519867154,308.1617070642697,1679.4363150385025,53.71025091027444,45.58532633503609,3.418058902186198,63.8801015184783,4.724628878039437,0,None
300.4058294511232,310.4822558803176,1669.5947460799416,28.590734611566972,112.21262329112932,2.5279687115159724,60.82646215682423,5.150808431896243,0,None
296.00878908095774,307.563346734745,1590.505805652937,51.232491645048626,98.82750506982408,0.7928222457798129,56.17295049270467,4.398488761013233,0,None
300.2814991736955,309.99755871386975,1377.795543087672,40.361492199208904,45.389018704311596,0.7519256036717968,59.60617344172593,4.137428034758829,0,None
299.72708271395516,309.5839239821732,1649.9483844214396,45.97467194988003,81.58343135756422,2.9063341499427575,69.449823011,5.029914178341903,0,None
296.77773516176353,305.63744919593614,1836.9390992183153,41.58930584624856,98.13073862790885,1.2735758395467283,65.43026415927837,4.266934741783349,0,None
294.2557864148384,303.7145160285957,1669.5394649803563,37.22988791959649,111.32389282492292,0.4776131723987969,63.81624145683085,5.492207559118694,0,None
298.2260938936038,308.6274186423669,1539.743973761826,34.768627040433245,67.86205255311631,1.4405606385559386,56.23967191693914,3.993063842769017,0,None
298.0095714029916,307.8470143846194,1703.9634685788606,47.93468159731475,173.93459794056187,4.03873689957501,64.5102136576245,4.495616358180224,0,None
296.76352838143094,305.9301176559996,1578.168692004718,35.55433948198996,59.52991631798567,1.629268518507902,66.32668542819125,3.9343220611740453,0,None
297.4780091435403,307.0760069371543,2498.1833113601797,76.619616143627,179.5229158965733,7.756758144809401,83.37936895282294,3.2641350194775534,1,PWF
299.26138805471015,310.05539638314264,1516.3015786334327,31.944886112327076,127.28686548829292,1.9907426086798536,63.811908883144845,4.454496303556479,0,None
297.71848981239725,309.68357414479306,1484.5291412362185,71.86391737792577,200.8637528057735,6.8152054036034295,86.11444555516073,2.2822412877533864,1,OSF
300.330103435291,309.58307383927195,1736.210048517302,16.400303427954523,124.28003129552523,1.0582601786376071,62.92601646997591,4.537988604440426,0,None
297.87041158332045,309.58276743000226,1611.4749529831731,42.356310211533824,129.13668905879874,3.1447656445614163,58.10228735063268,4.2240293667880335,0,None
297.45026090152567,306.8180471479863,1529.5916538338065,41.399473221997546,84.61373805109143,1.1104883671609471,58.50982356879735,3.8447633029437616,0,None
296.3101711257047,306.1689490536211,1840.7615609301743,39.604746897131626,141.00376882837145,0.6620395736442996,60.02021979992885,4.6798408470396815,0,None
297.49866098423615,308.7495730023793,1348.744028669284,23.029520476552587,100.05402945305639,1.7544260663726368,56.270457673378104,4.3545324693255925,0,None
296.8759555011587,308.5366975397821,1745.7697962302493,43.474307544204514,59.17026004042348,0.8477505450817059,66.13068710083992,4.844180304598799,0,None
299.0746329107686,310.2217683262828,1410.488153132991,39.06416429732245,21.843092082322464,2.7459185386091147,66.45867099870817,4.659385015574063,0,None
294.78642638360304,304.7011209924762,1584.0222427224794,39.661922606358644,99.50573737473852,0.7900158390265024,69.26554142340618,4.836661137765394,0,None
299.3339139298224,309.1921544033943,1237.4174559176693,46.65161024994861,26.403658194305784,1.8079963417875415,58.039986976962204,4.147491812123661,0,None
297.8453322017956,309.3975601441206,1320.9582272713797,59.352257948052184,234.79178338500185,7.381555401100346,87.85509105565734,4.147161127295291,1,TWF
299.6437873217637,310.40041590250985,1664.6080825465644,29.015722030145803,119.56145417082763,2.190633261762674,64.8615067987982,4.403273283828608,0,None
297.3594321071912,308.9254732813233,1526.530283314319,46.0441811165362,167.66986755738085,4.228679527291147,68.07542265505356,4.7526685424508495,0,None
300.86846581963874,309.3782188944107,1663.5201089638902,50.03094403855104,70.42965619881969,0.3131469872692145,53.681677010658234,4.750933968417947,0,None
299.9743958742488,311.4008903734241,1602.5444339981807,54.862866030348215,227.6176585728789,5.645506694687287,86.31593962957285,4.066844909880796,1,TWF
298.1003727168528,309.47405814403874,1598.3933454192545,33.75134578688644,28.90102461924552,4.498377324565821,70.18993189015593,4.722530092966379,0,None
296.7085823890602,306.8915986465788,1357.3256353393872,39.493365031367304,160.32642969252024,3.799306083106816,65.84746133250229,4.552229592737203,0,None
298.9503313001847,309.97504501041476,1264.156798610804,30.602952414425438,8.779547612270516,3.141792386336925,56.580108953632845,4.646486441101083,0,None
302.18724714404794,312.81481714949126,1544.569437136722,44.583115355708856,46.78407342204125,1.7050504977931644,57.60542384533554,5.358764876569264,0,None
298.92310472830746,308.44096075674264,1332.4876006851769,42.5231456214739,113.69105360716732,4.642101875244078,63.40371931493283,4.1827484628483855,0,None
297.9999475923612,308.0773099550308,1595.8589020502375,36.88152191541612,82.46408290815506,1.5849251174988834,57.683710566829994,4.296364096902288,0,None
297.071877818391,307.831444701873,1328.0637298257204,45.918432691195086,138.66141876211285,0.9702230463466819,58.94754326274172,2.9645055268861467,0,None
294.93062703351956,304.6605062239844,1463.1177481530713,44.35830050964656,135.1713513715673,4.6440416676260154,64.84145041343237,4.595732051114035,0,None
301.1106302963079,311.2416945106802,1684.4315284405245,39.89892880412217,57.27004039744124,3.3259371609176003,70.72523958786071,3.699524754439543,0,None
298.0724422714886,308.74001833840686,1423.2962403847032,44.91442901912036,73.034757821607,3.921304177499238,63.28003695932749,5.003721260619673,0,None
300.91414404589784,311.73676369632756,1598.3622287626056,45.8940181668338,165.1123651981872,3.6198346320276347,62.878515425737916,4.163448419075434,0,None
299.36211093615964,310.406287224541,1339.9533550883582,50.593867338133975,26.019768662421928,1.9124169923554657,61.37118403021803,4.579276608641055,0,None
292.7159552523787,303.0927571202204,1784.508688423247,46.95949111868605,174.3974293660811,0.9409425972074026,69.26434036185417,4.832004299646997,0,None
294.8543485827393,307.17601778118194,1441.2845271767656,68.14597009280428,110.17283479915064,1.8853330117541804,61.0322706916431,4.573687184639934,0,None
297.0045384981686,307.26018273621526,1484.9308425247978,39.95784244166166,96.4957831085326,4.072166142647892,64.25661173391467,4.1355112005269605,0,None
298.2383333893258,307.3845167240112,1780.5709594069426,43.05874523923089,76.94076816485335,2.701435673688011,62.285065674403,3.5949039223180166,0,None
300.79088880941583,311.8784702054168,1155.6580624858661,37.29091639375227,7.850208832442518,5.333068959638465,59.78797974732241,3.4351158687332526,0,None
298.236719482249,307.97577198593865,1523.680011496534,48.236727089604855,44.335963782750326,1.6354432369355403,68.45436868661295,5.000938192136528,0,None
298.64199321054514,309.9131335489896,1370.2280014327362,39.789282730758075,97.82553726309538,0.863068650098852,57.12281073434936,4.6845173545157435,0,None
299.0015200549,309.8643884737074,1647.8649033962117,40.38456065712116,53.63010298632886,1.9809879315808323,58.619412256545324,4.203397437040303,0,None
297.73338724968147,307.4535419889432,1536.5998906061964,39.50762410388803,118.94901012384165,1.0253043731840825,54.24164135618771,4.714117474008176,0,None
298.48962546124756,307.9855171636688,1446.8029149149033,47.98450214357964,171.809286459644,1.7435910528237641,63.51459102807106,4.237287980360445,0,None
298.36760142296384,308.80409068343926,1654.2056281312898,29.043846132141347,109.63807877156687,1.2802765622313537,55.87942571716271,4.932074332948108,0,None
298.5834661019539,308.1072095499987,1415.9640972543111,31.205755333997505,142.34769750615206,2.006174418978106,60.00059514123388,3.4720138056536234,0,None
298.9337713257784,308.2507496267014,1401.312748727184,48.27245326636189,23.688430808045112,2.4907150747746045,59.638116778419445,3.973660358048458,0,None
297.0950568428972,306.60911185156596,1562.8668552948554,43.2316746616237,70.25167834980137,1.734945783104464,58.86342096093667,5.503593108492971,0,None
297.97645871704617,307.61535376712453,1412.974281687883,39.32647657735541,170.2635921881479,0.8055527687543558,62.70999471505975,4.361132305566754,0,None
299.971828437313,311.5048475085257,1414.5085433044746,43.880269888370904,53.7394222895847,0.8488477180542192,61.993463305499645,4.612243379470131,0,None
297.15599335472723,307.4310621207556,1282.131328949584,47.14904333368503,20.76477282414324,1.758227870806588,65.47502645637014,5.361071612928096,0,None
298.9586734890016,309.1144260330379,1876.677255915556,43.062054511075196,160.98273912646124,1.8389499823940727,54.569912868660104,4.608593653640242,0,None
298.6338359812534,309.3283437053642,1669.2168591196603,36.27516714855792,62.64436947294147,1.537696099814047,59.913739979883786,4.354521567829769,0,None
293.96687428435297,304.9097299092072,1397.7606396364758,39.21339811397589,65.46850403038847,4.230816724102665,65.73840726905587,3.522933712853462,0,None
297.2708502122724,307.0681917505286,1508.0791982466394,53.442196174706034,43.990451275822416,3.8414657147319278,59.08720934405073,4.975862422501031,0,None
297.58722411193463,308.2243995660069,1708.3148604705639,38.08986553218071,147.4839513263027,2.062058070184623,54.42343370702451,4.6909375885907645,0,None
298.01411955894446,307.7383245832367,1684.0852610579154,38.43025530708529,47.1863289129183,1.4647722575400342,55.2890497196222,3.849939556354985,0,None
300.1677782606698,311.59528309531026,1645.478446278953,40.42257376807929,51.08418241331014,2.0153071116155887,59.75127947750432,4.855987470207465,0,None
296.92669500595616,306.87289474254345,1728.8850668444188,37.355867236492486,39.777921266741664,0.9277171317206342,58.59933648398171,4.0227470757411,0,None
294.2769876962424,306.4168373728711,1418.4908552148386,37.99661458946522,5.632270562695379,1.471983963157739,65.6462560413559,3.9192205908508324,0,None
297.92254136188836,309.32003056572375,1434.8991531710062,34.870067813697524,31.27602261103207,2.825841481393649,59.05959929563294,5.002706650115743,0,None
297.95664549575775,307.9070342159982,1465.9517069253484,34.05590424098488,79.40480784150277,0.6267068727690209,62.75226505820738,4.948717714472036,0,None
297.9073453520818,308.46590294488317,1439.1703170590495,43.979031958121595,94.63444074478386,1.5153079092630384,58.67316153637755,5.042333874754507,0,None
297.6780659594306,308.75133743123837,1522.0242427715348,57.35135481474076,136.0149910002901,0.5935345970122461,65.3997191319367,5.197712753100032,0,None
295.13828225547763,305.7966155893513,1421.1253208613687,43.362692568672784,121.49057879404901,0.7325260907090019,54.003013903756,4.628752505954743,0,None
296.57282845845657,306.3837807946989,1356.254577517203,35.92801463180168,154.56091032785588,1.7166870236967091,60.98262261525316,4.609960557447956,0,None
294.3433513665163,304.713188405261,1690.937555411268,42.495717496455995,152.52950141652317,1.0716186322834043,58.52826203964352,4.715522819162669,0,None
294.22479693268554,304.6691711036917,1563.3090377961175,59.1814852956235,111.9303059897953,2.6730675369021384,63.842684560476194,4.030694461263717,0,None
297.8343153446624,308.0088071490589,1468.5148100983388,34.96376587839738,45.8800215547827,2.39481049365447,62.78688054122697,3.201596897808151,0,None
299.5226694128931,310.46742257420976,1606.7002233403975,34.59428878687336,154.37490498952567,0.30220188572165835,60.220965891126276,3.968664954581557,0,None
298.8871637366702,309.2038989119328,1506.2985974415328,28.299519434111275,33.781328387506186,2.5188225336119707,57.69598134844171,4.4629761629070686,0,None
295.6343546367577,305.73629663811033,1257.913827449075,44.22336174221722,137.83020063078777,1.9718823176866132,61.90297046950085,4.263586789578354,0,None
304.1688905992272,310.9839375071642,1224.958128587541,69.94635979907522,132.56838118160886,4.078919280666243,67.35027912500728,2.805362727966646,1,HDF
297.05103441629916,307.88369571986345,1497.2114580630487,34.286713674584625,108.15568473169901,0.31955126881521195,52.827738177412456,4.01626943919916,0,None
297.6863606649647,307.6838456736294,1673.4213297499668,27.273866998109984,10.26002257395219,0.9858686055793349,62.91242571084318,5.23491280946227,0,None
301.29555960669717,311.6198240448164,1849.4965616422069,40.999593650127956,98.11251190054757,0.538917304913687,58.499138763711514,5.169032963489514,0,None
293.6010697132276,304.22677204842034,1521.9571669835746,31.778736190699085,106.67314383334173,0.7064398615325392,59.854099387744384,4.306612401350858,0,None
297.58061234742377,308.0070375744613,1479.4276681244771,39.14211864742742,137.52753447879346,1.691519837558714,59.986685798841336,5.274935852079633,0,None
300.59169107331894,310.54266776471485,1414.3276860614924,37.03745323468373,24.504495657229977,1.9593841680888011,64.31702348629666,4.491786213634512,0,None
295.6412797198391,305.84165239923885,1501.382405614496,47.39755442657008,57.89906585271287,1.0136337646790161,58.12643508311587,3.721702422344489,0,None
297.6090975744542,307.52632827710994,1245.3584081728536,29.372382736359267,169.24620619458082,2.171906882019753,63.45165920418399,4.3216185303257495,0,None
302.9474605951649,313.7668431495164,1530.8425672966448,58.765960114916666,33.11617941612226,3.232413689631713,58.71344984125496,4.570386799790834,0,None
295.67743233774826,305.84959134271344,1401.7467852602208,45.176933029283376,144.72095351366576,1.5701210299388086,62.39175899396266,5.055675933496656,0,None
299.6003521308961,311.12740561877894,1456.4208976210693,43.12057904901484,123.88110537213831,2.321115775446511,67.16844356760441,3.946682343726076,0,None
296.6078089803403,307.51000482633293,1300.515530378888,31.09933554738349,87.21158097933059,1.1300089932767357,69.88937551330392,4.884164060426819,0,None
293.6510398997709,304.3316491182603,1364.4174618206155,40.19482790026054,44.44411970463887,1.7597050409307722,59.67566479755978,4.360796505856113,0,None
295.06981125400233,304.95632002359866,1424.459125483679,45.52042281576968,145.55119604898567,4.666045450362639,63.694790210808634,4.2317146570527315,0,None
296.44636427932505,305.8615880034371,1726.0104976162502,46.99904196250086,173.3781763657609,1.1671004356407229,64.58838679543193,4.407220798266977,0,None
297.31790679062186,307.2749923415866,1637.853430040439,37.922860759652764,64.9717117201374,2.641509298061047,68.7519261338059,4.2580083040683645,0,None
298.75094484508577,308.7487577202182,1368.74916779133,36.26846978633628,123.9265453546052,0.8855877033130827,51.38174779250386,3.516006280621305,0,None
301.5197874828114,312.2106314458304,1773.0498550752786,54.80673673262307,141.68915811232907,2.705475122142204,61.481433101297156,4.157400788269593,0,None
297.05590416553395,307.69960198363947,1614.2480062338811,41.64239184275591,89.61372943909383,3.070792096308008,58.2526839338676,4.5690886324060305,0,None
296.89743718344255,307.0072728850836,1639.3175372821247,14.926897544013265,167.7022345374776,2.1396812595370513,59.73968298465315,3.9667142221002445,0,None
299.34725352145693,310.33748611472356,1655.6293016242914,48.61552046108906,157.2570663359889,0.734966910538225,62.1117140937239,4.429475776907944,0,None
298.1845650687766,308.7221129904249,1420.8762275345541,55.34432068496824,19.450869806744066,1.3688464746572353,72.13990371587977,4.6822261482275795,0,None
294.0711837800151,304.10089873608865,1477.152825776179,32.897613670573804,51.77395391210772,2.517049733675097,65.06402992532367,3.8919520475129,0,None
296.0331260802453,306.8265773148737,1633.6719294374534,52.80407936428021,23.392293551322872,3.822709109821036,56.95714684158338,5.170449800984446,0,None
299.88567622916577,311.245142632982,1520.3225120296595,29.44209021673661,149.5679272938028,2.569378619531842,65.91016953028027,5.312874712464152,0,None
301.34092012671954,311.36106250806364,1624.5198536761875,49.66783038284888,113.35725822505074,6.557369064208236,59.15855496325653,3.5453285242738493,0,None
295.8539902724633,305.9418155574167,1377.1740289601557,35.77241031681801,91.56315349427614,0.865816114833612,61.739847787775325,4.03330594218403,0,None
299.58517687640176,311.1177836156997,1717.3325754477778,57.21634090361107,20.078793220660067,2.331646706500293,65.08546554815706,3.7429589853819545,0,None
301.49225535068234,312.1031714976504,1684.2349571557393,48.72861008819774,7.842854367391272,0.7251691937849746,53.330094482412505,4.660805984249024,0,None
298.9205979897469,309.72970411282535,1590.43164519084,30.721426767360356,126.85233849996166,2.469678798712036,65.18670765113522,4.831350635665317,0,None
295.01635784763647,304.7277148007022,1669.9326855387515,38.30811311858875,90.45024196903054,0.668739190671159,58.66334819114271,5.601828396444706,0,None
296.3012559818692,306.1838384159549,1534.634663002368,41.33530603205582,116.14664930966698,0.37808458111999466,70.42544378323875,4.932300293194342,0,None
299.14333971178445,312.10482800792886,1392.9387319741645,39.13053551183917,127.36949210544017,1.1140323231126008,60.26478111893788,4.544927877621281,0,None
298.20262362481475,309.12120217340436,1371.1568680028633,35.50014586199201,112.12833787880295,3.9391402039084,56.47404867523734,4.605181142374457,0,None
300.7163613388832,312.4076518255458,1871.1570880799964,50.13293309632375,137.74650101440233,0.8041999783703822,54.10751566958545,4.721360696103333,0,None
297.23026436786114,307.9173427884928,1526.6522472324643,46.02007625942409,168.9955603980646,0.9791476417825954,56.83072117305815,3.6941976777623835,0,None
300.38044006853596,311.6626925082849,1679.5883099035098,51.38606306760724,70.52495783438039,1.1443107842196583,64.00932545020093,5.193602634206403,0,None
296.6771459801985,306.68568746492144,1755.048565439334,43.13777292953729,144.77346710258934,0.8139143626856713,58.74908301025453,4.003625349506162,0,None
300.2621850598951,311.13368095073236,1639.0440795210134,51.0345515543259,157.08245145991742,0.4543653825298725,58.31694047008681,5.0623327278967025,0,None
297.8579057880769,308.68275068601935,1578.3475521586051,38.52248117965536,99.01651098258048,2.2445117933209184,67.68054708533103,3.9776906034548976,0,None
298.52158651856575,309.1866759356261,1441.4517144418237,37.98482917516136,145.6851855584379,1.4099117458677681,60.77800604253266,4.397883256967569,0,None
300.2366545500087,310.8901727387072,1381.9973057664151,26.335925185842683,106.65577755188377,1.149985469214003,56.664060431797566,3.502989323117381,0,None
295.8648309641331,305.40749849030556,1524.8061020409214,45.73631309195923,112.79189874231304,0.7325147695445496,58.79566805276431,3.761991055321196,0,None
299.19484314503296,309.6917998380963,1629.001713701677,34.49470586136195,119.42107834218059,2.37254436121174,60.66145281560919,3.890821422309249,0,None
296.99926795461454,309.11148804298307,1500.3587361168175,50.01747926460375,168.3962136561551,3.4976228374720493,61.74374383412724,4.823958794166787,0,None
297.2539241340329,308.304270511674,1649.2282409660504,37.17036947553683,119.29427826967297,0.49346561202539097,58.9878052630268,3.9822183242282874,0,None
299.10965500629425,308.3437126270753,1560.8292888730227,41.20580686063472,3.615824028850528,5.0236442549997085,63.20456200627691,4.668810891373319,0,None
298.09392597666033,308.3510745164476,1602.2794952580484,60.25672120235089,61.93734340067814,2.4872302310495766,56.759620282646644,4.928723194088276,0,None
297.6453773274923,307.3368987515492,1505.0882524758526,40.596417615810715,35.207224879164045,6.2156745821922454,66.93341260512798,4.360173946396246,0,None
297.74636014982946,307.93117080483495,1664.121128986071,37.878376778386354,66.5185497752657,2.929823123530058,63.54708460945978,4.278858052019171,0,None
295.4379591762066,305.48484350323486,1560.203402720911,28.878738561675775,66.6873683760239,1.4689990071331422,62.25884190334986,5.33110821376722,0,None
294.05559919882774,305.1029297657149,1595.3430153709064,34.17325433032274,78.31262208305395,1.1779651517730227,59.62913986547335,4.348565902714107,0,None
299.8107629087349,309.23110193949367,1515.8016055260246,44.08910643904064,44.6799152049724,2.657260242333215,61.64675267526378,4.895307438754632,0,None
298.4427630018651,309.3726926041214,1740.708705234503,19.286295512182257,6.834558222197315,1.7733645668047677,52.50303581128508,3.85645358460037,0,None
302.0076968914961,312.33086292066645,1625.717773414755,11.970526277492322,88.56293223167427,0.464341236052622,60.92852190879201,3.4307910382967437,0,None
295.77234522123445,305.8588677146954,1633.9778191387495,40.322246968076264,67.20263020225724,1.8880208301216814,62.62110280290092,4.858555047433455,0,None
299.95579914049273,309.7227798600417,1396.3486818126125,44.064987369542585,7.963241613301819,2.6740035168968523,55.38594728314183,5.15089638332271,0,None
300.30154952077163,310.7526715143669,1627.2936118356201,20.34458907503168,156.77967148682075,1.407979707287988,58.77146117401155,5.017759401730492,0,None
298.31118928995585,307.8720853184287,1410.8935532395722,44.4595988465489,56.99167814866646,3.6682126609702452,57.15389160171737,4.331088059822355,0,None
298.58869155948616,309.6543174471748,1447.1569573823344,44.06644430564267,115.44153804588095,1.8759692446553762,59.404563497127896,4.736039540288165,0,None
292.8073004576043,303.27426630799846,1680.8975456037176,37.389401369801185,139.40507988721598,1.5638196722527713,71.04025930035559,3.7031023049053093,0,None
298.52124401783567,308.7438267564223,1511.9040694274538,59.529795337717545,153.37148550140935,1.9495834261762943,71.5511753480919,4.236097467792883,0,None
298.10665220932617,309.27353477319605,1531.0571034036116,39.55240530402635,20.68444184012245,0.8088942539009304,54.23477802929241,4.493632921951492,0,None
298.3705431706314,307.80432125264764,1431.4937051777265,46.92772820577014,117.890923481351,4.477271052329585,59.70636588996852,4.677489101846875,0,None
296.69992996233645,308.0012354225033,1479.3254606639387,39.63041464533563,128.45074454514474,3.9052161944503156,64.63411658030033,4.231538512540134,0,None
298.1634743935491,308.34865050877335,1547.7004110446724,36.0861331133953,169.26955894186656,2.3149141972902543,64.49592526320207,4.390932334870295,0,None
298.32013550545815,309.8244583930261,1478.0374990116181,40.0948895249399,138.70344953439525,2.2109249851400627,69.09256680834795,4.724347600109278,0,None
300.421554957349,311.6107041778552,1352.38251460833,49.490152442621685,46.54694439148983,1.2233242393809185,66.71892452513093,3.9463625725177023,0,None
300.2227349313149,310.6237487872351,1453.457537184292,43.25079946179561,30.995399518715274,0.9917201610200931,57.61752116247164,3.884808393943888,0,None
298.8432766176961,309.2527741756835,1655.3744055597988,44.41400737063184,14.692248037407781,4.6929142033946505,53.66302854212441,4.816618294395976,0,None
298.23197234093914,309.20505173434583,1828.3783002432363,53.583984040979914,62.11062206382376,2.126693645520728,62.81013178986973,4.673644183385703,0,None
295.9963795322849,306.37720408447103,1695.6940866909874,41.60980172778872,146.61950098663016,0.8317296280831022,64.2709404824035,3.742305986760352,0,None
296.4363803403171,306.6335165457466,1587.0186170608097,42.99557806217985,150.8441823274939,5.192498275219385,62.97810107350387,4.320830610042342,0,None
299.08507663528036,309.61950933196067,1370.4960322719169,43.35224108804348,136.97859723747985,1.309401240602558,62.34151769348684,5.137841122512522,0,None
297.1484899728505,307.1351565167462,1703.8926281044724,44.63717539844152,157.19175468502578,2.842378041342639,53.31206494369466,4.664809117199071,0,None
298.4067492002759,309.4310722641561,1408.3977695026745,37.77923776849682,20.808028093648844,0.9937450726737479,67.08201556473395,4.383455578991002,0,None
295.8726320511994,306.65876114450424,1403.804095038386,41.01920554646931,28.971806460571425,1.9759037732415177,62.11542297135094,3.295950609175761,0,None
296.65223163261203,308.45083698503447,1473.3512419110987,27.103558629319423,50.22503133881973,0.5295066006475032,59.76004929050128,4.967454791816622,0,None
300.4120264767405,310.946452573046,1407.990939459797,76.00301550518773,171.7962464086666,6.309390364225697,89.3328244648779,2.1094995801327143,1,OSF
301.1010034007921,310.415738783551,1567.0006580410268,42.16921781565802,121.48928560697696,1.1868612047312042,66.1278432347419,4.489679393301895,0,None
298.8326941168242,310.0732318844264,1468.5910469865485,45.37217901376367,41.83129005121607,0.813714062679022,57.534604272638056,4.54159267623489,0,None
298.52982048624773,309.6153848882556,1483.5268355643843,32.19825736781625,174.28009825795027,2.7137209398415396,62.854599047476164,4.235401170464276,0,None
295.3385944926759,305.6498185029071,1544.5000405750386,48.59682345045533,74.76825934054827,1.2830905198833615,60.28521761077542,4.258267118041163,0,None
300.18633331692064,310.74500271274314,1517.3113057148446,34.91645061604919,156.65075282005236,4.223463482326038,63.592673100770625,3.4934639049633613,0,None
296.7347083975399,307.4111752277298,1348.7322327263516,42.33769619450693,88.12274560696643,2.975214882313161,62.90133454158781,4.833191427938779,0,None
298.0329999742823,307.1364340279946,1626.3329567059566,49.54646794678519,84.2780846438786,2.8357026168018002,60.65452993322259,4.1323962220722406,0,None
297.2230347418492,307.5517144932802,1330.8031059307266,32.941677471073895,172.07410545065542,1.1359686483776483,63.50991044343622,4.058325697671027,0,None
295.87348872041946,305.9527849797033,1740.3612964866438,41.53744582522116,5.401923194930677,2.067706406820034,52.01296853771005,3.991631865934914,0,None
296.48275763277616,307.8981920876241,1426.615386127483,38.75309776824498,174.0987162358137,2.4141985806979323,61.7788259560765,4.814211575122023,0,None
297.3508500712066,308.7882981858257,1586.3213839768891,44.733262760221955,140.1551848338564,2.093061525907601,69.33441119637983,4.75710407632437,0,None
298.6168234973633,308.8997715149087,1485.6004491312317,51.23229029811648,66.02500176496697,3.8663342882491563,60.823871374430986,4.597463195634564,0,None
299.16501689913486,310.0866225588905,1460.2415028708133,47.235972071893606,231.68634933782764,5.776082614022549,90.43355830813336,4.4600164145457,1,TWF
298.95289925764126,308.6812690217131,1454.9046550338126,40.21532980402952,124.94219906735904,0.6327313229029253,60.57314299358414,4.258384775023306,0,None
300.8383688934604,310.4423309554845,1587.4566251135566,34.04290912967058,47.22158084312859,4.800641895352075,61.12460863612153,4.9072120776213515,0,None
295.869607263823,304.9239741478776,1224.1892136467354,54.89905736138043,154.33091886591518,1.0519140080966332,69.77499216850738,3.891104029807891,0,None
299.17501079285614,310.21284551928846,1642.645104439158,23.37344865525351,127.08169635000267,1.142361899918202,58.907049086341445,4.696453916667318,0,None
296.6451217010464,307.35213754524153,1276.7390238311687,14.75349387738471,84.19806689480639,2.8401399818130084,60.483217477066866,4.059925486673304,0,None
298.02174149033505,309.60909308566625,1307.9998980814773,39.708137646678104,59.15742279948196,0.9006840955590054,59.82689218747224,3.9319214953766517,0,None
300.1587572777725,309.8460542161805,1547.7278939542125,47.33952858780724,127.22717957245169,1.4016029211387298,63.97477235870511,4.174459863768837,0,None
299.02355375617515,310.18534264230107,1535.4494549719234,46.300779006601324,118.80121558996487,0.8471760710914935,64.48975172056447,5.432075055355994,0,None
302.32539703488544,311.7739648178575,1374.56049505008,56.950586957344456,210.36407391935407,5.764752017371908,88.168710548903,4.01674748820987,1,TWF
299.0780483462839,309.99507227029494,1572.4932493099952,42.10395723565892,110.83425182245314,1.0674568135622773,60.46595482855251,4.00091984963007,0,None
304.2285455786218,311.65661034598895,1252.2738200817207,68.12721224347611,98.686778564817,3.531695942639407,69.36626941693561,3.167075292069913,1,HDF
297.91414143173176,308.0230325364968,1442.055886781669,49.32361595078227,88.96074180238638,3.3364911481807606,58.499111454933036,4.217927745591409,0,None
295.17042361181035,303.9287715746561,1459.0156379573136,29.344781220185492,117.30601152038679,2.061438755541294,60.405999659987145,4.0858585660884,0,None
297.9856557656924,308.3011264323806,1444.8777021115152,37.93718992154482,124.07065053938432,0.2559765686131897,57.00972971283053,4.31691509424186,0,None
297.6544664560073,307.898228212378,1757.7277947806278,37.23127397454233,92.29386496537326,5.995598858747945,65.05557234219722,4.834789215252542,0,None
301.18107526425626,311.83806801678963,1515.0767393910626,45.07525011345812,61.480220419305724,0.426823851845818,62.68301705783012,5.189697060622568,0,None
297.56827746174974,307.2566936803838,1909.1336798723823,32.83519395540462,143.76947566198913,1.138101623422004,61.284947218991555,5.036163950372058,0,None
296.6630649598308,308.29946838964764,1434.1594372760753,35.72489998424316,66.82184189819716,1.4575918636001102,57.848246740399325,4.46211255295402,0,None
297.4454980180151,307.6659465562415,1420.3709152166723,38.73961105767727,156.57282567923215,0.31362596252945535,60.79437718391268,4.663823019476491,0,None
298.0666763552137,307.90111242121816,1755.479928413491,31.073610807321558,149.02144548363927,4.720578437719582,63.6860777814312,4.541657792055573,0,None
298.65024418411457,309.3515515437757,1373.665456555291,72.89887856135125,223.88073722708484,8.741507334574266,80.69305631128026,2.3343024110320174,1,OSF
298.4750890543056,308.7700165116076,1545.5599350407488,38.334995271737405,35.112644517509246,1.3307222224189168,59.14026016639936,4.839174515065709,0,None
299.8091974437944,310.94268489210486,1567.0768914065604,49.418058961286945,122.94591409691097,2.3719607017953095,58.807928393779214,4.902206242751193,0,None
298.23337060475563,309.0246828415994,1414.1680265658626,53.79254754711224,55.02175461541418,2.3053593051721895,56.87293411624179,4.801310616440473,0,None
298.77898137511613,309.20312199009146,1474.2914947002605,42.93404760652848,149.86183604236402,0.8576500061953221,60.287654394856304,6.191121438117582,0,None
298.5685793097882,310.2510368284734,1684.5720523270818,37.78866712211904,143.38971813851276,2.6934715267091973,67.36704887483671,3.91006257928087,0,None
299.5943452613527,311.295019685577,1535.9656757775927,41.514512617511315,1.8793218146469366,2.8451806553282353,58.30490617780353,3.6653125288728323,0,None
301.0595784846294,308.1403971305076,1172.2512988599494,56.04169267716856,100.93744161707903,3.5175247312304565,65.09346726894242,2.836043754195681,1,HDF
296.13493842294923,308.2636372510947,1682.187903759226,40.85759170741483,60.96791051786004,0.8428630472472095,61.25162397691254,4.900891391036296,0,None
298.4562394102328,308.0126716786266,1392.992329424754,35.86252514371397,111.69064311303542,2.9503867888462483,60.65460302715811,5.142546411873734,0,None
298.3550904445519,310.1969921147963,1633.4567312517993,31.102275336459385,19.050578163164655,3.4733141702863306,58.150467297039945,5.613220668668843,0,None
298.608643910879,310.8325868527855,1490.4111056087697,45.44092449461181,129.99292085103303,3.611737622659264,46.51289338766668,4.7542294180741935,0,None
300.7120584940311,313.05496949571494,1422.7631984558311,44.487103058606486,45.928411718672024,0.9822899125105187,61.41474738603285,5.286887791169026,0,None
300.4585557430153,310.8664679878767,1660.9492969947423,48.4564264186026,17.37633560194064,0.6856578543051317,61.475329600524226,4.61479668464129,0,None
298.8634987035235,309.30091417627665,1351.2805901885963,47.04127547453068,33.45703184203035,3.878959236876459,59.53669575756973,4.711561183675911,0,None
299.0317862368444,309.0452050308886,1546.0243362649794,36.616550352757514,92.60552930682367,2.307852470318658,60.37678826211719,4.422813979897328,0,None
298.70310445235145,308.48810763708445,1624.771911157383,32.375845304213584,22.677502751747273,3.2805797517127337,67.47232363604171,5.853972070891768,0,None
297.98733236978086,308.0611519712073,1485.1802031701545,38.06791378960454,94.69301037947645,3.8245267618253758,67.57052390559062,4.604934608552646,0,None
298.8531167975996,309.7567822491815,1568.9995211489995,51.97140429724938,148.85509595277242,0.40378474267662867,60.37413133534306,3.7494514149814826,0,None
296.5690631824233,306.5094670062892,1375.657734317156,42.871273085310065,123.72446863532319,3.059632006615077,62.99347048289764,3.5070192841549477,0,None
296.0794193487601,306.7005417871215,1306.8824585174339,42.69913939410637,39.14316210961431,1.626161819312966,65.58996014587147,4.685438951727836,0,None
297.46727572872567,309.0098981585785,1742.1138446832733,33.23623505439034,34.9404451635712,2.4259853930553295,56.683275849929515,3.6500089376632587,0,None
299.7066752089388,309.3201852423317,1707.1056457241623,37.831421162025876,80.37828382347556,6.902263378715738,58.59006604809706,4.451164531259965,0,None
296.71404818409445,307.548192785886,1616.0245191005513,43.061112134278424,139.0952957807572,2.441324451539285,55.71499968940839,4.451958806770656,0,None
300.3249677153788,310.82602826636634,1417.1335700391933,38.42419736234759,64.56001533688352,4.7285343191762506,63.0641000416897,5.0771762604274295,0,None
296.33390204394857,305.7282879889946,1584.8262996890621,44.106391650644056,37.12276240235692,1.2030491029741026,64.9255472658355,4.390456500894139,0,None
301.63265694295546,312.52696412043696,1671.4557256186708,36.84193129791872,71.84326212977844,0.573225843326535,70.16844525216892,4.352928715212362,0,None
299.5805808417858,310.37467671395353,1283.8445458708684,38.23831770712687,92.61971966638127,1.3736669926229095,53.22013295167869,4.7690191819624586,0,None
299.32017557515564,309.75533880337827,1482.5958823845524,22.9740888989048,93.25498641215219,2.8184689782719614,65.88357111457042,5.08418811696861,0,None
296.49887402667406,305.73727684092125,1635.44407723412,31.540155820478937,152.69914071264358,0.11919634613400336,63.64183049418103,4.266431058067255,0,None
298.9319107989475,309.01305000822225,1499.6053939045485,41.49428969436375,89.45310430723045,2.8996953570977486,62.54000334401733,5.222330950818937,0,None
297.6485005703809,308.488757617045,1494.2693411535945,43.6731913542933,72.72299902649989,3.0618555582526943,55.74937030728569,3.6692236957790216,0,None
296.142957310047,306.98764724525904,1695.0809534375428,37.004609913493475,65.99548623004404,0.5956011979307287,65.29090752078038,5.516900024784714,0,None
298.48648372970695,308.68906052048817,1726.979863775146,42.4993645414644,173.49136322845172,2.4623595295421743,58.24973429926048,4.1588386107158435,0,None
299.2853796908111,310.69702411963146,1392.9738847693664,49.80947626606714,108.86041412436892,1.286513222476339,59.59898473512009,4.720845541193015,0,None
297.6438945342721,307.0727309685487,2498.1833113601797,71.02948978738789,144.251483463267,5.532708566349608,81.97345514339312,2.596667559189784,1,PWF
294.7325745421535,305.37742473637036,1728.5200327654416,35.67089171537065,164.7956114773411,2.7244050259240473,67.57664898258575,4.0105299700315715,0,None
298.0522617333517,308.78503351746167,1562.0688381817322,52.659605818125186,107.27252586114548,1.5708669534509156,65.29704157417169,4.703822827779441,0,None
297.7232173811267,308.3496887613852,1561.1970354500827,31.82795793650523,106.55174156011579,0.9753940995351639,68.17138550856889,4.991549244905486,0,None
298.07823989387714,308.17808164020033,1523.2617740723047,34.10006733031041,2.0223491774824796,1.4804008864466545,65.38825273638636,4.655360461667114,0,None
301.6365052392495,311.240868336543,1672.5530593116619,61.476960222698544,154.45598415254727,0.851940045743014,67.03671353293159,4.657979523922285,0,None
297.5217630209878,307.309163930146,1355.9169869833822,41.519591442495376,34.579542347188905,1.73444127864449,64.35168718878514,4.0748388175909405,0,None
299.15939588558734,310.5542358409916,1444.1783437079343,38.385822074752646,57.92575879705676,1.5246857748985665,69.44427914509355,4.746951951916713,0,None
298.08358580604045,309.1946740873472,1581.0692850852176,31.476939809925355,41.77922793845499,0.6999700626120807,65.38406320727785,4.2109821625127095,0,None
297.7861623357749,309.18875416239,1497.9055895378845,37.55048546402868,136.4104606325184,2.68571833585978,58.9088446304329,4.075264992894752,0,None
297.19683732154783,308.54593409344636,1579.6274427162116,45.73320826962525,104.46805019796739,1.7778474701714966,61.73150075982354,4.63327572199558,0,None
296.067706811809,306.4636585769661,1422.1970680219388,23.18549898533297,55.490537772971976,2.676414940107654,67.78994813246531,3.6922156583712287,0,None
299.5768679261553,310.99369204146893,1952.0267669376071,34.34070292131939,134.88522043685626,2.393121306675058,63.516569203706176,4.352054939203004,0,None
294.28273972525693,304.9672284042699,1483.1445500167235,34.04147571320889,28.79850340846857,0.7630420497912727,62.077790436947964,4.828880601972336,0,None
298.3165321370814,307.5822909249137,1894.1898848952733,42.03318455293576,33.81629850985175,3.64709187648981,72.88231319238938,4.002100239300208,0,None
298.4839286732713,308.12526624749296,1420.8347324573522,33.79348501867516,46.631714711610464,0.9196188422423245,61.663294491145265,4.513995147903536,0,None
298.60429008587533,309.26561240997876,1772.8104026065773,51.21818203285802,39.92928351660228,1.3551750963345406,61.64914673614941,5.396928944207804,0,None
297.796120898258,307.4722714194245,1581.602403333151,34.11064850354366,78.85449759312998,2.792630894953034,59.78623994711089,4.629001621503588,0,None
299.7023571400246,310.921292468296,1612.295533490121,48.849017103410326,107.83532524752688,2.154824316777703,54.04525610927577,3.898655215398805,0,None
294.35252706580934,303.90903176850327,1731.2945176596213,28.55955791542351,35.663921177486294,1.4676251340788606,62.24203306647472,4.6156768182749275,0,None
299.958583167815,310.4449783082279,1340.616535973736,42.66532132595817,49.46473923253531,1.054707101423544,64.04659755053211,4.8309740863315405,0,None
299.609283394013,309.3608063550031,1540.251282202935,42.88674648792594,30.46122404627897,2.674495245971987,63.77351738486574,4.833058418817527,0,None
297.1107971553646,307.3362324138902,1383.4067122103716,37.20295867495254,153.59212187405817,3.60333010874825,63.90027408276513,5.155420890266506,0,None
297.863349327791,309.17156899725984,1501.3745989983756,51.63349597570021,82.76029492123008,2.051691802371112,68.03754902472495,4.801019664972966,0,None
298.6838467070989,308.88523211034584,1538.0437480133498,40.45619562117901,135.0371290091778,1.7290360655832346,52.182204963644864,4.387692581031709,0,None
296.72608501247856,308.2302016431785,1642.774887013015,39.047389460842496,108.54025919358233,2.7280316144193058,54.22329387494663,4.455305319030258,0,None
297.3422279345235,307.77337218029083,1595.826927019474,44.630454920478606,62.27031626684065,2.3386899564284978,62.14058505340076,4.198635325609812,0,None
297.1156539057673,307.7560828894302,1522.1630378654056,45.29221557500599,151.5104714123132,2.331839446739102,64.32282063036686,3.9281332302517726,0,None
300.4528569577084,309.6029814800198,1574.305413004157,44.47747526852622,113.32623589120033,0.8997294069821429,66.23549869271592,5.071392496492995,0,None
297.05559970812124,307.44825524169164,1428.9107637391749,23.593296516369676,119.56134744624049,9.380626827000981,97.83936314689682,2.175876590787987,1,RNF
299.754477512498,309.010178525425,1846.6583801663792,28.346508278143453,132.61732849649655,4.027249135572047,67.135977183036,4.996232097539005,0,None
297.1464316332194,309.05538213311326,1542.743946320868,34.40236421679785,141.03763907790648,1.0372704578025125,62.397656088894216,4.602997151833314,0,None
297.18534764423487,307.582120352131,1494.6527605497708,43.760748696668685,164.63067653859156,0.6223695536505095,58.99974342241059,4.9859625468317805,0,None
297.14381426970635,308.8827257057256,1598.9746330167372,40.22718292022996,75.06258532796056,3.7251974639127488,74.12109741091959,5.064668839593258,0,None
299.52030203727594,309.06305569438257,1545.2574307324787,36.19777644396059,29.8017272441059,1.5545802590378377,60.65590490712687,4.452539880284572,0,None
297.9409466734304,308.33360250488886,1684.3932735388264,43.85621528168066,25.851617469498038,2.3393182300039443,58.77765844103502,4.611989451076511,0,None
299.3353732225221,309.67260430965786,1315.3412986283063,49.01595751652204,145.08701308781588,3.5571822662740864,64.53733942277448,3.9954455893172387,0,None
298.0277156888402,308.19441544434784,1277.498965753929,48.11254275373062,136.00175894015788,0.9949052502126471,58.04456961172722,4.266536537008039,0,None
298.3043312214523,309.748843951414,1619.5582728013899,35.376698109559015,84.58068877164433,3.5925042883588385,68.25377547118342,4.436205247300145,0,None
298.3160563880929,310.5730349018151,1488.5868198881,37.99342786462121,56.79874974470836,1.5912648374420175,66.60077976563831,4.3149656738801125,0,None
299.0286905918674,309.0081627299727,1749.7216478426199,52.96597263726871,3.247219337225571,1.1298573657651185,60.4203717311842,4.14498787664788,0,None
300.02709900796253,311.57195677105983,1460.3572234723683,40.85222930484014,91.31233417510506,0.6511378500084364,64.14293001500847,5.0150699280412905,0,None
295.55531390557104,304.7795091390404,1498.042552066996,30.962958103229823,77.7673796616598,3.6077414650231554,64.17795259087988,3.9595712187219543,0,None
298.55403271356806,308.8779417285642,1329.8877178632956,40.709684290413506,134.35464172422408,1.3024579056643395,66.74502983605517,5.1695029989605885,0,None
301.332579811572,310.3032673710506,1587.4590919333189,39.67184343501088,81.91785777868094,2.489396708570237,57.52662652475643,4.845212207821162,0,None
300.8512431675426,309.7373721290447,1140.9957846955945,30.1952311326489,61.158036792679624,1.2038580060145079,64.13071595939012,4.806688403016442,0,None
297.4991249184392,307.6502005652332,1537.752434505198,30.484988355742672,115.44828437574108,0.8428407726729376,66.50740438847161,4.298575758832412,0,None
297.4430850868228,307.762559982253,1341.722359692315,44.789582656418375,3.5472859927842046,2.2988272259359834,62.51249969839173,4.3722861735090675,0,None
297.5198231554196,308.0119473084993,1517.635210281178,31.917153345312485,10.858934211200733,3.4262372380585093,63.19213251751638,4.328938415177018,0,None
302.4410180160412,312.41321910303805,1823.754396245935,51.977389488502595,157.86863150070477,1.5899223282396617,70.34094355396334,4.4675461573948425,0,None
297.2663095482463,307.0149163157007,1534.3151275650057,41.526771276883245,66.48340800818958,2.8438465437365195,62.44148498723556,4.673432483183284,0,None
296.1981962430316,308.2605301490232,1510.9757465588457,39.82118135488341,28.102702376547022,2.4784816577947812,59.52789155745778,3.772090857424704,0,None
300.88550936239415,312.7284491010922,1476.0623338967455,24.117714633871806,90.0378788499911,3.004145935583615,54.60179463730317,4.9248654978110595,0,None
300.01786467511766,309.96675624105734,1883.3317878016214,43.54300867441509,160.15889949929914,1.6375561308278272,57.43152152399206,5.077398163966767,0,None
296.1532135934941,307.73497573658784,1381.6505870296378,38.923743427851775,5.072712766407664,0.9291623098361543,58.448861810877844,3.932067293828263,0,None
299.02388137960406,309.5236304415146,1427.659794418923,49.99496343117637,45.48538292510164,1.8196342604056595,60.32743847597835,4.121889156294483,0,None
299.8671778765849,310.6034018290816,1679.2018357362672,40.164283719175174,161.12913874628484,3.669797888287397,56.314481638634724,3.8238114626254096,0,None
300.3887991709895,311.19251088969827,1636.2133830553403,30.618073048491098,3.8130662083947193,2.062152754254838,60.86537472899934,3.860338215059027,0,None
297.756771678626,308.80186153988626,1587.8948455510586,50.71844902973508,55.73685482117876,0.933030274891892,64.37745555434479,3.1697385023033644,0,None
298.138988121729,309.5464820761308,1380.23386891539,66.42135220282638,162.2468348339555,6.891579600569403,90.8151435302769,3.073777448010232,1,OSF
297.17111948920876,306.53217337970165,1477.895043770966,31.78796678760291,117.23090187522119,1.7599937300594486,57.927527029276405,5.0211239165242,0,None
301.42394659288584,311.57772748601514,1505.1436882607054,41.75477379077218,125.77169275081931,2.362439965382225,65.89818962732475,4.6277864025186,0,None
298.69311572403143,309.3614094148641,1602.2955641526646,39.49100875465423,11.170423604569867,1.6654866363756082,61.24713010174709,4.365621812980864,0,None
295.51109963902877,306.0716555910328,1561.0843489982487,37.33936816972256,139.43525059972296,0.9143988400816646,64.15658728934567,3.407736531205949,0,None
298.45379859772083,306.6825356701325,1675.3529945950763,32.09816120958172,107.6398691353446,0.15919495189146624,64.76037066011767,3.244393665757367,0,None
298.2550589894835,308.41951118735665,1551.6076594440856,38.00934122651649,22.7312446022822,3.0926287883385952,66.5851940800262,4.8617718803366845,0,None
295.99379655309315,306.0166674267181,1555.9558935378882,41.95675984258249,11.027693371241835,0.8157910961954711,58.60663948370056,4.702232181442162,0,None
299.02813055919916,308.3810859000564,1449.297879449487,43.24554842692853,63.27221177729578,3.606341126214794,61.623212526461565,4.100485137980559,0,None
296.4081744180041,306.7026183179066,1452.5231534191726,58.09323643434327,88.18200970120196,1.0102050359155037,63.08479430555787,4.560898320209436,0,None
301.8125448546377,312.41709687420916,1590.2677130872514,37.645160180025385,126.6700193190154,0.5309730174471782,58.46521315943774,4.723924366324529,0,None
298.4309021293805,309.1304628861246,1649.4719549632687,27.135278990412605,22.03992286169147,1.2143141862227385,59.032731274918135,4.998083177199322,0,None
298.51768988724376,309.0590186687246,1481.0321656741921,33.64614166429976,85.9974070590043,1.566758705376774,53.22553440945845,3.9331404178880365,0,None
297.00592042323007,307.8862129117837,1277.5151110333454,53.83146577146891,162.87939436342222,1.5253526697105788,68.7693860121607,5.137284848467621,0,None
297.4665416279303,308.6362652169954,1565.3219556075405,56.87758107613749,51.852857895874706,0.7114889799053329,60.67644978443588,5.17435910165507,0,None
297.31390447512695,307.7682715416446,1490.169111607824,38.5442882190925,136.53561194993327,2.7428103097063374,61.35681316224535,5.116226953988909,0,None
299.7779448156687,310.152324952913,1629.167131060418,54.44530969467971,133.4234337880016,4.007676767552814,56.83355659666926,4.841061817691465,0,None
297.16711360710747,306.84651146019525,1652.9864983249363,41.79750509967843,104.77658468492783,2.122696270328172,68.91777483812878,4.262529371893587,0,None
299.2197259825509,310.23643831877166,1454.459842627452,35.472601159913005,31.540889068230708,2.138578567133319,59.0074297410082,4.112165600432687,0,None
297.3593123397881,307.2825362530122,1486.702752668687,48.49035374655446,59.65500178210729,1.0114425321604528,63.28456771706621,5.505593841605419,0,None
298.3443713437203,309.2367665192786,1360.8300636036086,67.30364006381278,227.50762118374968,6.643595374403901,88.71679935129397,2.910389057299854,1,OSF
302.71840884248263,309.24723237901685,1244.506137228341,64.61532422629907,153.45013491451513,3.7566403643710924,67.14278755265263,3.448514913463038,1,HDF
296.68924366197604,306.3237121670055,1594.9438425858727,47.570833557351584,134.58575784170492,0.9139702313350719,59.032430995162,4.206344901075906,0,None
297.2402165958228,308.0763698301388,1465.537114959494,48.652219213432396,79.32481310909019,0.43911743030260975,65.99283390141893,4.7439540449289375,0,None
295.58257836712556,304.77215512117675,1721.9982321166988,42.606611989715965,141.11917633362202,2.924299172148246,66.73878007890059,4.3343814278710715,0,None
299.4943412961728,311.1034208139831,1424.6628382502383,41.01142735154552,168.5938412147236,4.687088394553634,64.5293247523155,3.9845260610706887,0,None
299.911327056586,310.63321382615777,1758.4357741343304,51.17748555705559,130.1616627753498,1.6937700165425715,59.46726882787614,3.8957745531677155,0,None
297.2636888648629,307.36646347647735,1663.061981637981,37.87820590458084,88.86102506217381,3.1277401112049126,65.14498220653078,4.05057426750276,0,None
300.12383604776693,311.7820731825332,1546.2373031799611,50.70551721893888,131.09336824495585,3.2754197104946,65.53450083524828,4.467273189860389,0,None
298.92843536069154,308.2282569106663,2498.1833113601797,64.43569530806295,151.95152648660678,7.068337144021346,77.92195168906339,2.5920726877808433,1,PWF
301.9394600743813,312.0380327201321,1470.1205467941488,38.55965837403414,99.16481358036091,1.2305144815342481,65.17446086033387,5.025612190124481,0,None
296.9719089957381,307.5914738674687,1456.2408932123012,53.03095393794027,104.65321384641143,1.1223775504171891,54.96176602978741,3.7675880696144213,0,None
297.3161245329743,306.6960679544279,1433.3282266610884,40.68200651513376,174.6341313133001,0.43670932819259156,60.03911249347627,4.9783126498533905,0,None
298.871869700595,309.1616723024458,1100.6079467272343,51.22702903836714,69.2154650438225,3.863929810539285,56.13732073586065,5.035095230820874,0,None
299.31063266216495,309.45179839294264,1627.8752585024265,36.34729402945014,25.8524535238505,1.3596414880133216,61.45290117011455,5.077327952694493,0,None
299.4313756731044,309.9919145055951,1554.4734794696933,48.24049816543523,70.93653238446626,4.010381488176106,59.020770699807656,3.9913924129380294,0,None
295.298067487657,305.5879398714041,1583.3617490790402,32.16827585717694,92.08199176835056,1.3919134993220394,50.03169160425742,4.388734673559107,0,None
297.1478401254848,306.26449381388204,1317.7936702450165,34.11814148795664,54.77310693642831,1.2014849195138229,66.16196401788014,4.647096961585631,0,None
298.35426285215743,309.6870261911957,1737.4969248589252,44.51874557257669,127.13241313157756,2.074323313324836,57.80194733511661,4.478837045178507,0,None
299.8772021298604,309.81767049776175,1475.735565754954,35.52046127029404,143.8355416030333,3.4806760474394056,64.49397082135825,4.89040378004346,0,None
295.4656730933622,306.2988299238434,1654.841772431255,49.097058067094,68.74135046669429,1.910557715363463,60.38470232292856,5.282478817514338,0,None
301.28744114414394,311.34888090561054,1748.543917322671,35.93306833845976,110.37025795465537,0.9348534841403205,63.11300125775075,4.272327982377574,0,None
300.19138094469474,310.93861889912085,1559.5974934849896,31.017729991864115,41.96145429770831,1.5671008489210994,65.97165871735652,5.164494192540771,0,None
296.58850068407463,306.42935229449705,1818.8851290343032,41.24999821564929,128.72268469688547,1.0535380176377205,62.93638188915081,5.187027677163004,0,None
301.8011728338926,311.18698445615905,1660.4255693753219,42.077155047468,123.9652743039771,0.4091904462108312,58.71511972215479,5.38895696522806,0,None
301.23001939483567,311.8384701279674,1476.8293642278572,51.02954045988727,51.57074745189064,2.2158965527364196,56.778311372248076,3.5636642769891624,0,None
299.125581104418,311.0763072632304,1593.3893968412399,51.0917588840509,10.862273923989449,1.7575875506735772,60.41620371834923,4.31284004037289,0,None
302.46808967542194,313.05385604505403,1508.450792093812,52.79051102880056,164.58535396961872,0.6938771954035032,58.39351818132925,4.910502929966275,0,None
299.57220138444507,310.50443173967363,1630.458154643384,42.26082653540447,42.356998735808155,2.228873988537387,63.49714224516369,5.190914681521418,0,None
301.1599232742375,310.5546498994666,1827.6320845166665,48.51302529598648,48.5344856393144,1.8778545793226047,63.855395873150904,4.770141082012944,0,None
296.93042259167316,306.92567792468293,1513.5967239193517,34.7018914145752,104.2765593675044,2.10633996361326,64.57480722676091,3.878274599037761,0,None
301.9590993607856,310.1155404087838,1671.0478635110424,39.040411722640265,8.426388105310162,1.0243178041139893,67.60548144097568,4.081051820583935,0,None
297.63887644550834,309.0609949281177,1708.9150012836024,42.82886627357691,26.744931102031153,0.7328955673080642,64.75717848328686,5.146883961700626,0,None
297.5069939845753,307.88542007872246,1635.4287913135745,34.00920121841521,35.821043058813316,2.912880912590985,57.15079600640877,4.941546824599238,0,None
298.9544568191839,309.01367137635333,1734.8689242751886,44.23530789113908,146.1470785850607,2.3526385437948907,64.48020188866201,4.842236854584877,0,None
298.5785808133737,308.58819419635716,1375.6116785991794,27.23592378837132,163.50775143796528,1.5857010895178634,62.603538146511404,3.900915019493128,0,None
298.9238358548964,309.7037748270959,1313.9350192792137,37.93434791361365,86.5669493897851,2.5476409843926424,69.76502983749543,4.527616249256522,0,None
299.0011982984862,309.56165939662225,1491.933075380657,39.5810093229821,30.874671905420247,2.1715106196641263,59.7850649406438,4.757318162033345,0,None
299.5413991844678,311.39741767722126,1456.3788602533643,65.32560857327536,181.01914018286533,8.036791238001538,86.99725607762778,2.2371331564550694,1,RNF
298.5503603712531,308.5587293443002,1663.8779615921621,31.784883431823317,88.78511815638785,1.6846447365875672,64.1720528364317,4.199514676286746,0,None
298.778780709024,308.8759250138978,1768.2181950824174,33.36292723501776,161.31460738811407,0.385043494032055,56.83913147617827,4.637027878065058,0,None
298.6756074814566,307.17715866746227,1638.607069379571,36.91479343225629,148.76470373286134,0.98402273841355,58.43700000566897,4.405022838021583,0,None
296.80680040174565,307.4862721271681,1386.1517243380529,32.995168693776485,136.86129127517543,0.7922211858262369,68.1215576977277,4.648213677995766,0,None
299.5249928491333,311.19822553655615,1579.484790689308,25.104150900823917,54.383296690173744,1.1523489459703211,61.262436904886734,4.156127468195821,0,None
295.4271836567902,305.4706713126301,1548.356863281163,38.39893898481494,135.45057975920793,1.156715698097872,67.30337841203918,4.420514811937849,0,None
297.2841528637586,307.17697630463596,1681.453103859657,42.748256430386895,0.21760180156785158,2.6107351507883556,58.864021087400744,4.149438894135459,0,None
296.8458107268268,307.1636350349582,1798.7352745747773,32.68665492645907,2.1171537972291348,1.5103233895057615,62.14643045579261,3.5711445242841404,0,None
296.9175902978515,307.33293529185335,1489.358662946926,47.130255417876626,147.89348717154581,1.4112504808450197,68.14553158014711,4.144844625936853,0,None
298.9748653209518,308.3340508272554,1427.9688170440136,41.36234527251194,5.3448461762042125,1.645824325081889,64.41314816179737,3.6902538238414038,0,None
299.3545179281193,308.7500389633996,1552.234800048817,41.655090721838135,50.83806825975834,1.4033383185758102,54.86723254279682,4.427830636740095,0,None
295.89030593275345,306.1310513925863,1535.689889662122,36.09553938602536,156.1404004910525,3.6758339151900943,62.5160652166543,3.9242104111012672,0,None
298.9239911590734,310.4031501615902,1373.7425566514944,18.75061241864401,106.96118157518384,1.089764648170231,66.93121176192878,4.069206676443399,0,None
298.5035895277235,309.25022317863454,1578.5003217608535,33.662120291541726,88.84049937896542,1.4943105022747325,56.89058506741104,4.407597767513082,0,None
300.8347110625552,311.5013690694557,1491.34650804736,43.94880459623149,10.483322675588658,1.2663183488713328,61.13530729021917,4.3972022844773315,0,None
300.25504446256144,311.15022636832595,1577.639110096139,46.85808601525407,106.80386176951679,3.972095040844058,58.90246869838128,4.135284448300089,0,None
299.4674821318715,310.9371854952583,1712.526004730053,58.8289251679674,135.59170114739442,2.8656844766672402,69.07552944368534,5.486972950711176,0,None
297.7373152388945,307.35476773390803,1530.0732492461684,38.83230802464892,75.12661062567732,2.6748857772141164,63.37472968732766,5.043116642103497,0,None
298.33058794683944,309.14722702580724,1687.3095618339883,50.52702490826724,89.1453271679198,2.751222637936854,53.7324415334463,4.561791797804589,0,None
300.6064375401158,311.13946750458575,1816.3710162843033,37.56631833840538,155.862067599108,3.4823217081425457,65.25219724543426,4.0400732255542,0,None
296.24145697365043,306.5006727237359,1390.8044223052607,33.582010102100455,21.55858040749529,1.3997378487217609,60.00111213585753,4.793075795162834,0,None
298.00749129754075,307.6050412536946,1364.5237594386974,33.8351007962996,80.68433284225794,1.3963176045601053,61.31912943849338,4.660538823950715,0,None
297.28584862535166,308.6636887753866,1649.4838342603778,33.45835535928154,67.39688741086388,1.2319150503310816,62.044145127221555,5.404428265861404,0,None
299.38520088936576,307.85940402119,1253.0679677336345,38.17185298042567,168.2238674142926,1.1935173057556965,63.58797041653754,4.469163949826565,0,None
299.6212715274697,310.4779287897709,1199.7570353070296,65.33951195402021,126.61362205937212,8.171665860740985,77.2165113258304,2.7076155160088864,1,PWF
300.26994264229523,311.01380496345905,1362.7381746784129,47.96862252855097,238.94550500325366,6.37034968591697,86.23638465635109,4.561590455541152,1,TWF
296.55904911336404,307.7076880298374,1585.1506524405866,40.252117328699434,7.025859755029565,6.775256454977132,55.890993740950634,4.560557930015329,0,None
302.33111419753345,310.20186512246397,1159.3604652395397,56.34317459351638,90.60338425016676,5.338765880380858,69.249801171908,3.2537314989072774,1,HDF
299.301389779881,310.7577927940586,1571.6120361063581,53.42859955841482,202.3002977477473,5.727166143937876,86.28090938037965,4.0591078233254505,1,TWF
298.4032297572853,307.8311721003862,1701.4903989694162,47.90766626674115,112.99586697866921,2.0580007542659895,55.39827099607727,4.554459116622336,0,None
299.2208802030205,310.1099281977007,1475.84877590409,38.75353348309334,59.826440088921466,1.338861178231741,57.672387732383676,4.7385336718546975,0,None
300.2342674783934,310.0244039113088,1632.140025040359,24.99339468073775,172.6857295424726,1.919465374179611,58.93598792051052,4.552503607446067,0,None
297.8146467685515,309.2691371252323,1462.2599456358548,53.783942613889955,17.64083735199758,4.518006360051396,58.41801027521291,3.5312873110650878,0,None
298.2954074703978,308.81097407481286,1649.4096135244886,34.55741862598163,18.826272974925974,2.821263889019468,57.795017943408766,4.6458901105163415,0,None
298.2481111806958,308.73027095372134,1458.1838632765557,56.35551685463774,103.09156826790168,1.6270216101628143,56.31034554730211,3.613077033130212,0,None
297.4834114384561,309.09522274561317,1578.0357018300042,52.29775182905812,103.09946777860162,2.817185519234224,58.71061050440283,4.584471587320217,0,None
296.29606257959335,307.75071138433503,1541.0584252551787,44.170273023945384,115.73622201453603,2.7177523267181622,58.07168032624576,4.565581100604594,0,None
297.0733675404554,308.5070641708581,1480.2800246037198,37.34226823833251,95.43537220027035,0.5577570314352343,60.108391347091846,4.01817198621875,0,None
300.89090088706536,312.56065763803946,1392.3413763047713,27.5573172055662,170.67741926372898,1.0998891334177927,65.44950108181165,4.452554347654455,0,None
298.3572975705747,308.93555931034103,1719.7746573250456,34.45353788433516,81.09562079255603,1.3075186004068777,66.68877452228539,4.373026375762153,0,None
297.22900549870224,307.451163667536,1646.330005252257,41.711553297496195,39.54172439931943,1.99772146238436,62.37135863598106,4.080485482046937,0,None
298.37423876966074,309.20821084151777,1354.5215906694164,53.37345815379089,2.3034850005820786,2.2742919586935,65.38399787862055,5.018754526218789,0,None
297.6518645327377,307.35989829869607,1810.67036468001,42.52611101330627,92.29032574489719,1.675727930676213,56.473308330058266,5.2866953149982026,0,None
294.5862419608595,303.98826952255223,1707.6035238146994,25.05202180312896,47.529811626569604,2.676518812914302,57.86888100983193,4.118823814163992,0,None
299.12760291924775,310.0008391684079,1576.0154789556102,40.69817579766024,165.68821092690283,2.288555594497175,52.657033925301455,4.041643752123719,0,None
298.10607591187494,308.32129664436627,1762.3826046736156,39.5850464612193,85.93173222167145,3.6650362431032106,61.40557260369688,4.494272351639159,0,None
294.715981938966,304.6718431578877,1343.0592794416618,24.80106129949371,38.336693825429904,1.9477699306181562,66.66869697221254,4.462631267071827,0,None
299.24105424017245,311.3834318597738,1648.7711384104123,33.584377299444725,88.36816081487935,4.443433022246207,63.52111473762722,5.524131355864043,0,None
296.6542778887754,308.1162388871619,1423.082569443887,39.11915192656349,66.6371535536192,1.421105958966471,62.68976156244773,3.814831267999847,0,None
298.725647069651,309.56819606789946,1524.0662446220738,36.6986525077194,97.01370714497172,0.827792329349168,61.46419947242697,5.014551526216523,0,None
300.18679364605566,310.8616208799844,1514.1627980939677,27.237628008775495,145.72654211450063,2.2459821572104377,66.1002329504584,4.405045646464325,0,None
299.23333191546254,307.9598768439793,1396.0906728984965,43.820243220362,86.32637659847116,2.578593342634622,62.96050734195139,5.284877341363902,0,None
297.0082939012117,309.1545428428899,1232.349859263316,52.36850569431995,62.57991699513049,0.5017194707826135,65.62009740808824,4.9052431238146355,0,None
296.54501067093844,307.92607480285005,1654.8201031772285,25.404044845767153,124.26821655374548,1.8685950588051665,60.29707852439112,4.06499424009113,0,None
295.11027031967126,306.11693178052826,1632.7168175023467,38.281357631296856,42.60486261009958,5.629589484921529,69.8267574924766,4.827120377391604,0,None
295.63057794272356,306.56720731354943,1561.72174800115,26.024845237377676,60.0056326793098,1.445728306875549,56.196644714741254,4.927188670735582,0,None
296.5742589284857,306.8064165385301,1520.167231537886,51.20876262566042,150.56130859149738,0.1316107993518083,62.71539956467736,4.624173842000981,0,None
298.7505511710916,308.12037056397116,1522.3955183505918,45.46446901119494,46.565353777066186,2.54810217625336,56.398790886304454,4.293695712826042,0,None
299.5857494281785,310.00300444874625,1502.9635741813388,47.384823024857816,98.91461670489537,3.4923388598587763,60.16866448669489,4.556655289151613,0,None
298.13392932130074,308.48458615145,1650.979542482713,50.46377715709133,14.41063675551261,0.6690480776929209,58.63618329424959,5.260725078584638,0,None
297.4402873633375,307.25144762560507,1479.241335289766,48.157305550089795,79.85177954736481,0.945340113336139,56.25767293113243,4.501663709791598,0,None
299.1378025335004,309.18040569993553,1387.6224270058017,30.056305967381824,36.12747112258707,4.329231836869656,64.59087148242514,4.61695849616542,0,None
296.2699703685623,307.1745587145406,1710.8770845503725,34.694951570786614,57.36256210330744,2.5599861541315176,62.97377693411577,5.55375346911916,0,None
296.28822338249665,306.243119194441,1600.976484658931,39.606259120439034,82.58409423505283,1.7518556968667216,71.34103799558898,4.930169666470321,0,None
298.6784429878105,307.54946658552575,1387.995320490583,38.00050249908478,59.94436516418135,0.7476647183377332,57.40429369587292,4.505313991531268,0,None
294.54416018056304,305.5116115137113,1535.763171936422,41.85887740070545,99.6610717410017,1.3048039741998034,68.26194837506638,5.350610072771657,0,None
295.8279901969675,307.199014677504,1269.890225183947,45.89291715966525,149.55157504956088,8.896720551118289,91.842595622332,2.55938217401452,1,RNF
298.2969352492994,308.8485400275895,1534.7411086887332,44.85408847143695,76.11378256359657,1.7958404414864906,63.03248856314255,4.754544665528773,0,None
299.25351715028063,309.36810437340586,1531.8850400464376,32.66356706176092,121.34951536742935,2.2613373888155235,57.86453008899689,4.348153201946841,0,None
298.72937008513946,307.97244820424515,1765.8169438830275,37.61070748898475,18.248607620520595,1.8731724946461485,65.14002525520509,4.800738663783319,0,None
299.4395455486999,309.2590549463384,1651.5002513298955,37.38225519945413,131.1837022236375,1.0968797561518253,62.317825229142535,4.515487763284515,0,None
298.268070273698,308.8714202523634,1454.2607952738786,36.31978731921519,150.41750869478486,0.4778944127875145,66.3995899413049,4.941961750614571,0,None
296.73957529971494,306.88372982917855,1642.7530669709934,50.98486507869414,135.26336956295722,4.472402928338928,62.30969389068889,4.128706701388467,0,None
298.7151607563989,308.5912783994216,1330.6241848902514,44.0319048588203,101.17461790837105,1.0343870522831102,67.75543887047294,4.70277468991014,0,None
295.49063860454265,303.94779892769793,1537.322894820481,42.2354694046337,67.88863824380213,1.5232046329272462,61.45906519341929,4.330015747570448,0,None
296.8397825331095,307.5891048179133,1462.260730433254,21.350322818707877,96.48406997233832,1.123513310600625,60.63508036553691,4.7652337452263,0,None
298.7776712807003,310.592972355806,1320.1179637359805,70.53613917495707,161.0743862333835,8.076646959676696,81.41638789193253,2.9771886172073527,1,OSF
298.53863698068545,308.4332257990727,1541.23038196849,37.60325456404395,42.6596612894773,3.745345333570774,68.73738275944316,4.499196582690399,0,None
297.6166448337695,308.68923222670617,1556.0918480462785,36.25258485801576,55.26244210197881,3.8010832876273746,52.514861652653934,4.830849868524432,0,None
295.7657024936795,305.8886499167586,1532.011419199638,42.21209552872435,110.51895920496557,1.2051066655099967,59.42662272983058,4.044801158190402,0,None
299.83498241023085,310.7195780740452,1539.4298028029991,51.384485640137896,101.72447809318544,1.7588966000533195,62.172325192634204,4.310753037194311,0,None
299.85556242526036,311.05961519562624,1683.7884597622224,43.554474708531664,72.36097601139403,2.1117884627386516,64.49188277918952,5.423834551059278,0,None
297.23825248100576,307.53041236839175,1542.1038850401935,50.04701197002329,79.7522951190431,1.82911151395637,59.423818370546776,4.453105405805825,0,None
296.46555666406186,307.11332504388673,1442.243341174805,42.61324399925924,150.07179724248482,2.2543792458393375,66.4338395091398,4.773589740476818,0,None
296.9321276745301,306.87780422746323,1424.07306191991,45.37334438728702,221.56962822891833,6.727340576453134,88.50588861583876,3.701247346640946,1,TWF
300.0974597155212,311.7288095461861,1474.889367531859,41.02865598170143,24.245802427821502,3.1422040105435807,59.897145604031294,4.008023931302948,0,None
297.54359036443554,307.0882388435617,1367.0015769130828,45.8087217028888,173.2015481970751,1.6119744572068673,70.0197929705071,4.353163428639894,0,None
300.84182951908207,310.27025369911587,1752.5790842913052,40.81493434721305,12.126213656662376,0.47288876755685927,60.87878930795263,4.619822787444829,0,None
295.3032342211711,305.6482699173271,1586.4914045983535,43.7169107250528,170.87273424792,1.1717973853094665,72.30337612466795,3.5364022813707705,0,None
298.5859402008377,310.04301418847416,1732.7291932517703,53.26276890714916,158.64597786444727,8.846710602333548,95.97836857165481,2.8139855866773225,1,RNF
298.89285452832877,309.87997881333246,1481.5103782480933,33.6578355234032,63.21869655038082,0.5975560408582383,60.32599576768205,4.702657318102249,0,None
300.2229922172983,311.27727682195257,1594.0358129596427,30.812159463232536,145.78368543707342,1.862874606758422,69.36489676163325,4.916394436061433,0,None
298.29035682428866,308.6707922697567,1415.0117369813388,51.98915906732289,174.3263883427739,0.1892334969577228,67.57302323411841,4.50449236230989,0,None
299.6701771460972,309.3914740756756,1264.9649546655905,37.613068596041416,54.97929723859363,1.3135713044335813,64.11015528149534,4.1188613168181085,0,None
297.2603083173893,308.4575278262596,1390.5592493855302,39.15476395360786,134.75688024437156,2.8411226968517167,70.12550228573285,4.387190814235677,0,None
298.4603762460973,309.5829467746196,1476.0933315949014,54.072727067125356,220.86298875802518,7.055219217496465,83.70304495157087,4.37805108102116,1,TWF
299.19905434151093,310.07715861818565,1976.4753580891265,35.24345593374347,56.80085873513929,0.25198790575729485,60.708545371429636,5.156522193495263,0,None
297.6776829740767,308.25337980981215,1700.7327212956407,34.05387860824678,112.73116577964103,1.1092969784630597,64.38593156347287,5.01379839297438,0,None
298.58229687098566,309.96490256789826,1449.0453745446782,69.81692123490647,210.9535112324454,6.020439705068993,81.51225030511274,2.919880266048638,1,OSF
295.6987541091473,306.14989357206537,1420.5240736345245,46.08859404252002,156.69746016172846,3.224560173017147,58.10882782148014,4.344542390316873,0,None
300.36036102603236,312.13919151570946,1271.5711559585582,50.60224579136191,174.50349249890496,0.6982384828880646,66.29533375366906,4.355308432616463,0,None
297.1924763041862,307.12330654891923,1738.0776927955776,35.00489773087257,105.79846630574157,1.8082303656554595,56.10534056015256,4.2403524873675345,0,None
296.809719822915,306.47282295486497,1502.1480041209893,30.12057325637297,96.5178642631495,1.4395990116353645,70.34469032103566,4.872939250773219,0,None
297.688520152388,307.7784928638707,1490.656477570716,28.035529786444336,22.42712229854822,1.4645185830532081,59.39313692198796,5.055581237118309,0,None
298.47983144096474,309.517056378348,1636.1194845454447,33.618705659565535,89.82637693041221,0.638499724174426,63.37268561502665,4.629783575292481,0,None
297.43308542253794,307.4073774527155,1824.9744039407433,45.99694304366024,68.17916847675993,1.7386093411611339,60.249297184743675,4.4072593771342286,0,None
295.5469416807206,307.172489477434,1413.1298535133906,34.302983836277626,40.94938378835987,2.48133171058626,66.79041131253676,4.272349794985,0,None
299.3915760604328,309.23105311419107,1476.2721533257377,31.863498828868433,158.95050911028255,1.9088386401145843,57.31702352601101,4.893094220641013,0,None
298.1186347157181,309.2126018465922,1547.56723279844,31.969145162344752,14.188110325777286,1.0684782370965955,68.75276924210759,3.697884152524034,0,None
298.6900781111176,309.21343051426607,1444.1017949198754,40.64217552873677,161.32662621512955,0.41732435005741453,63.527784957677575,4.316151276359752,0,None
301.0568113158608,311.54946543315265,1809.680019679755,46.36606003084101,78.74292586450666,1.8265313986110665,68.38392952897766,4.8405900666764765,0,None
297.0337592798263,308.5294114081105,1735.6982029844098,44.06874423807091,157.19718868592275,2.4675347180446567,58.34528734904366,3.917332418203324,0,None
298.6790560511528,308.4607919980123,1626.1229577990011,41.33474506202166,18.34069816942808,0.15183422952679831,71.66389909750994,5.171370778136796,0,None
298.61719202792546,308.8419136053156,1542.971171116796,27.86463666179055,110.11332011550738,0.7857262927686448,66.45919782097226,3.905495659882668,0,None
299.24375245437665,309.88768395001375,1418.9802612529993,30.814763618356693,62.82895792076506,1.8039725197789787,66.64929713616041,4.017138704671484,0,None
296.99761272564723,306.52434808233863,1382.6570232824167,50.93190795919528,115.53289956212522,0.7260056378761566,61.523983408048345,4.740384264915852,0,None
299.523126078493,310.11183518475576,1759.7480021715292,57.464849061122464,122.86987128004496,3.140271064296278,63.77619026421393,4.834608743466762,0,None
303.330120528118,310.06654860275324,1321.06933654209,64.27477469680207,158.62096726304333,4.749427429232346,71.76155684319264,3.3215968864262035,1,HDF
297.2768570208438,308.9304109424059,1506.462179748806,29.174103480891368,133.17037379303932,1.0938797527623,66.82582738923573,5.234053134033099,0,None
299.46425932986256,309.9921053622624,1563.5522757657172,26.10041568676874,6.64133509565426,0.7771804844738309,58.515847527217545,4.744399320701522,0,None
300.4708071212118,311.76583289283616,1204.5484796337419,43.43442259518858,153.35355519168894,2.498197130784721,71.95399189790362,4.2208495419820595,0,None
296.44510773514446,307.04389158247614,1589.2327296963683,49.40772509850159,112.47837042230326,3.419913934733759,63.97543596483627,4.155790861855267,0,None
298.41172566653216,308.4716334401829,1433.5490902297418,35.360512899560334,107.3251189207977,2.5084806664937953,60.66447003016467,4.185868263458615,0,None
303.69785340080966,313.708546411454,1442.867381493745,40.59492082181061,121.0351608547898,2.13811380200473,56.74018493596297,5.075015574270003,0,None
298.86894985136905,309.60029678986405,1273.1268731874866,49.22282783599468,42.0564844860767,2.0044121564308353,57.39147107103219,4.834317917593795,0,None
297.12183541195924,306.9095811335433,1498.3085381286455,37.85840032097831,66.70008017627126,5.633152389603288,60.54245924512891,4.061135575579094,0,None
299.6704231909043,310.55428481919773,1595.3523153659933,34.54710969697355,87.83218157046632,1.0116391152640705,61.99192431042387,4.169975254747314,0,None
298.4323409453582,307.8479829428684,1323.9168679539955,31.56755827297037,89.31569616005088,3.479121886362868,61.44693966819851,4.534126784152531,0,None
299.6768842265536,310.7565576495321,1426.6914641287167,52.67269590078527,7.894424216068929,5.6403150832452305,56.192244930066536,4.832740525795787,0,None
296.29940361571,307.64952944834,1412.8096483882932,40.65376631607169,95.74514395751122,3.6220414280728948,63.81883088863151,4.25579678342643,0,None
297.7752949728277,308.70278689173676,1500.2810580289377,46.72747013989057,40.05019826911198,3.1427167827822196,59.41528770896591,4.943966272399206,0,None
299.8505980093281,310.951477572934,1483.023588707728,39.79319911495156,50.87334978326687,2.7147732851257294,71.25784652278855,5.248228029686285,0,None
298.5677890296472,308.50057226354284,1763.1849138685616,47.191869830204084,172.70344821480109,1.9970080605460252,57.36627140539784,4.651564726534591,0,None
302.7320476458498,312.64055051988254,1634.519187896969,34.64319274664078,123.10989433689916,0.45059679038551337,55.70898967143206,4.084667003636723,0,None
297.9008023365968,307.74409919866906,1251.7175322830751,36.898504451595414,142.5721230710027,1.5576279679990752,69.2005809474821,5.085779505235114,0,None
296.12670484358864,306.2062000964003,1394.5091770412928,35.310915178030115,162.68925361334732,2.6851642754191483,60.871320045769814,4.368335773698678,0,None
301.86629709623384,311.50439623464604,1773.4159578449348,42.27307300377384,157.6464715494066,3.0097676013084507,61.300671158123706,4.823280549814012,0,None
297.8605818409286,309.07378886441245,1424.9494822711251,46.29297805436132,233.1674635836415,5.387681002637661,89.44510759567814,3.0702324871835773,1,TWF
297.14443620874346,307.0213665744871,1523.5265776930005,41.76501488578945,23.87894569733024,3.77952918932982,56.82824422683729,3.659793644184181,0,None
296.75501897753395,307.48826991887955,1469.4889635474165,37.90930307651612,162.9526659443589,0.4933429373964295,64.35301944243075,4.45228729620416,0,None
297.59361039718726,307.8491219058642,1619.8682263209002,16.67773390787962,81.0140333760071,2.3065778762762057,61.599364887351484,5.4001142690651465,0,None
299.86194449140726,310.9447594062189,1521.6879168782261,18.50340870782363,96.39285695387343,3.8094427369286628,62.888366788248504,3.7098242760322107,0,None
295.28741745760425,304.11517513852175,1496.2028937727869,37.98142584453534,106.71704014627278,2.5953015132917545,66.74502602218621,3.799413497080547,0,None
296.0281746494849,307.507259384319,1594.8377222414663,33.12066216118645,139.81844191996996,1.7998836066048964,65.39913177140812,4.568214985449683,0,None
296.0791003611879,305.81837177743813,1815.3683747511554,46.81074790160677,71.60814057596478,0.8980874131347487,55.90345167198253,3.9979408397437823,0,None
297.5903499858612,307.00381004867916,1550.1203685974817,45.69170755030076,42.32112411703146,1.1153912622050683,62.966181701391925,5.036273255972325,0,None
298.1614743514785,310.3276026091663,1494.0274636816478,47.908399544187425,159.7724461254265,0.9584637995371644,64.22247213069272,4.450778095965055,0,None
298.42656791620516,308.2568958093131,1542.7364182717454,39.261899546019194,109.61396984584512,0.7406994802309906,64.19640049850395,5.118719276282341,0,None
299.2484919825934,310.06259927511417,1600.0265762433069,36.631300535434555,25.328263334162642,2.0335461070498067,66.76512216152878,4.836127324501547,0,None
299.90635921620566,310.2370256306607,1608.7977858897739,28.51177551807978,114.10255768434797,1.8044708192879912,57.84398305693326,4.039878244587927,0,None
299.67925212303624,307.8955507927127,1376.0705148669565,43.048864815548505,106.79522965829047,0.8733802363493021,70.7289571845651,5.067522188887515,0,None
297.9304958990814,309.73313025462716,1210.841545835646,45.40639491194831,183.2436111115743,7.0848308015636725,92.13046543436789,2.1296299901708893,1,RNF
296.98824498151936,307.7534216985841,1443.1108721869432,36.28518874704376,131.46528305891437,0.6770559076283265,62.32711589754144,4.241133895605562,0,None
298.2566847228287,310.0977991445953,1776.9285201448488,43.757373752834965,117.24110667553902,3.539507005757642,61.65588220168642,4.194882346444184,0,None
298.63775523505825,308.76295834437,1551.066692301039,56.258900861127145,42.99839118481824,0.9426341226026698,68.83061428800355,3.91568565857149,0,None
297.9711177330547,308.5066047710672,1716.5189327999033,42.96662345475925,14.278535317712219,2.187607344196591,66.91344202811375,3.7191890633830607,0,None
297.6236177001717,309.9407774965099,1338.5791858520383,31.71002261066058,146.273981206492,3.1163827782736213,63.419576895225866,4.409422854467431,0,None
295.88681072998565,308.2074710721038,1485.9568082981023,44.99823473440373,119.88290574900843,0.4541565438094097,59.884097986662844,4.042319619078199,0,None
299.0697607864035,308.89363761966257,1448.0150668175747,54.58466066239144,13.09749375749589,0.4407093390958777,61.05239917308372,4.341698505839378,0,None
298.0355131296021,309.55708543847265,1433.3776988949292,50.99171273209867,169.22779803982024,2.0922219878285473,64.02004903766388,5.1270346678117775,0,None
297.6674142833154,309.2277599705915,1543.2312922530589,47.74633345242022,90.35539829070476,2.1148105335544733,65.04894082951238,4.258199264029906,0,None
296.9563477001139,306.564489950232,1596.4619445833553,49.65239815787726,9.946835688968433,2.8416273776335967,59.05794192933205,4.278350861919804,0,None
296.05216579323536,306.45647009374034,1381.991167986911,41.64453004393761,157.79210048565133,1.4146002896136096,64.49897666241758,4.576719152184569,0,None
297.27363744160584,307.3615007223322,1566.6312510582852,41.846195155959435,140.75135616099496,0.5958821481737817,60.39599065629132,4.277993202371556,0,None
295.7386947817697,305.7286247481089,1557.5768021311608,42.31059654375587,159.99049086022845,1.6914492958783718,62.2038070128269,4.118682196811744,0,None
298.3526477657265,307.69986245810657,1817.5458630236499,52.985809655824454,79.97942408416439,1.1160689924469185,62.05411513156374,4.624444261572234,0,None
299.63614800580456,310.60438755501764,1533.1638229692815,35.13990156960115,95.41193879304502,2.104749510527566,62.80310405355678,4.456911171608231,0,None
295.37327499556545,307.5107647521411,1601.6083900632402,46.028079336366545,28.167210304927604,4.3037336083408935,61.19757943594604,3.735165486890307,0,None
297.5008512721115,308.1495213752337,1725.178450798457,38.39069099657088,47.51540110328749,1.5506872569406767,65.7112687095789,3.949913544547532,0,None
297.52580274880984,307.9256193858418,1321.0085637025875,61.69803466043362,227.8712528739597,6.900858049293596,81.68408552393666,2.203762354587835,1,OSF
297.38065486589375,308.3430376848054,1720.4884271969622,51.64187910283108,30.909099554303506,1.0299202232497184,58.13991137312449,4.252196546333469,0,None
298.87407496494393,308.09577725734806,1429.2920713280505,39.579759829009134,48.80239857346403,5.180809674583837,60.88563010329056,5.376382943086835,0,None
303.15752775349847,310.05852664748295,1234.344372360018,68.9183273381114,78.03354775551817,5.077462163018663,65.54844265808356,2.6497897652107647,1,HDF
298.8774605804131,309.4273256601084,1465.3794285443132,48.58056125817514,75.60747486713336,1.8459498200640447,54.85879131134688,5.057827435833414,0,None
298.94960408765473,309.05069697102397,1627.267922094476,33.219065735380696,73.90492862480565,1.665571370267051,58.293807446738285,4.622128833737715,0,None
299.7086558409004,310.45381653127106,1876.2217125442494,30.25173941611311,37.503945878320536,5.306001221493194,61.39440769449478,5.130008869710685,0,None
297.70225472084024,307.5218264978426,1580.2589467234259,39.118805236149235,12.366933303913733,0.6220739065041724,62.59373108416319,5.251291375425417,0,None
299.4681007346413,309.70402858128017,1602.9206922326166,43.83269638650178,174.1162475713398,0.5231269656062315,67.24198982842569,4.855053873023354,0,None
298.44939373571606,310.01871962192325,1391.1749218004795,39.446848096036824,7.606969881650095,3.98134028053909,61.23377661716299,4.553901978764309,0,None
301.3478265976162,311.87494877656206,1766.3862894330355,43.78156216160703,58.6033513589184,1.910389905424516,65.993281243653,4.068497076194742,0,None
295.2724229262767,305.5534395245433,1487.3008423576528,41.770533527116704,30.13299232225848,1.5807834293951148,60.345242267429306,3.37480525337107,0,None
296.2471312852723,308.26734602472106,1425.7726650792026,35.131240142718674,7.894076099933817,0.83868868972127,72.51835311384664,4.4328545340100804,0,None
296.27343788475287,307.7037087467809,1755.9187278725822,44.86395404935666,97.82690620444731,2.702515225711455,65.27333210747386,4.829088849254557,0,None
296.2854446403487,306.0772456914493,1729.4835106669684,40.9374691414325,116.30139990158196,2.153502328976817,63.54023813657259,4.8650939275939,0,None
299.21447766980936,310.7708088776364,1322.575061102425,17.000062728148265,112.77533636505825,0.28429819379479293,60.69002040082306,4.3617009602012855,0,None
301.35675142951965,312.8514760672694,1524.9669934225938,42.130035951725276,115.73437896800195,4.810831852921702,63.795902052195295,4.853233874448988,0,None
295.92499194860096,306.93402557305257,1199.7570353070296,66.28655237713104,73.23422761068143,6.137051583733684,94.60642985006173,2.6479706533031178,1,PWF
299.9794895787243,311.1884425295922,1574.2939930440805,16.30965930874629,139.67188340112517,1.8566021877519332,60.63154948781383,4.126838429514768,0,None
299.92063346373504,309.93973222159997,1364.4368286600077,37.405839089786525,29.17831836593507,0.9032557575110023,71.83417279978227,5.526474219729988,0,None
297.5325153596474,309.8504631360049,1463.6877878006173,42.90987088684018,142.7277215902595,1.0389902692141806,61.73827686573612,4.2826862389927,0,None
300.0200144412605,311.767045788858,1871.7002221136095,29.169308806709527,37.76695762326518,1.004354076545711,55.5526699665611,4.575383332095591,0,None
296.64271366414107,306.3187358443195,1517.5895718748372,42.09995198160306,33.69359310166033,3.8206609023260056,60.72771493342744,4.115605358978704,0,None
298.68846927277554,309.3942284490603,1662.1943916449668,32.60256034005629,78.85909754977192,3.403613146192681,62.304201333046024,4.6934209097667345,0,None
296.89566907041217,307.1736336653597,1458.9467539711509,39.23248943538645,157.57093074888675,2.0632371939094156,67.45602927924568,3.8169388949930774,0,None
295.6905095604982,306.1065353944473,1299.874804101521,32.451456299017764,77.68207754869896,1.3429889628268794,59.70446276731555,4.758165532549734,0,None
297.45659823894124,307.63873963690014,1636.9941294421292,31.907970047275633,157.92936936096612,0.5091387012772847,57.03271808292298,3.526294444172393,0,None
296.3382253115919,306.739242154572,1409.4680259545219,37.97101466024573,6.249416079925041,3.5989497237079306,65.52786646807095,4.023938128925986,0,None
299.9584374689921,309.6099534158748,1605.3003802377243,46.96484240490042,109.71587466730712,3.0471446342533617,66.8187905878652,4.6662126454912825,0,None
296.97617829851623,306.99866247073066,1497.7863185922913,27.391160457326887,101.67784134344716,3.226488008418124,67.86360183546908,4.380282448372506,0,None
296.2033716455366,306.5468128206191,1764.013698554867,41.20597670954921,57.43530634408306,2.1413241153175187,59.04033206314431,5.253837167306386,0,None
298.9085936983131,309.92243468632205,1279.6471743230281,39.00848759648458,129.94976937992982,1.2590596438545154,63.32017780056154,4.724671154976,0,None
294.55927453354315,305.82632757871727,1673.5264358135896,50.34255933870217,1.4207912314741,3.1409917579499242,64.99255113094691,4.096707161264113,0,None
295.3124870620453,306.2275214760067,1614.6048408317856,42.984538214715144,31.508732494187452,1.9647555603000266,64.33430496144418,3.7219760155751844,0,None
297.4555471164554,307.82348266445297,1734.690103432994,34.41348520407828,69.86685469210636,2.130264317026074,62.232085659286994,3.9843160993760565,0,None
298.5742769875959,307.9252738956534,1600.0555127967923,30.27624299701393,75.84125673861134,0.8017768524810787,61.75030128034746,5.231100042023229,0,None
295.7739271488099,306.2798172939487,1677.3609601798494,38.92603671506157,25.228010567964677,2.43223036568408,64.02745675562255,4.370712396464589,0,None
296.93551380012997,308.3783239519687,1650.3485797116061,25.621706548948424,122.03200980563525,0.5151545628014959,63.2817768553392,4.271290607741989,0,None
295.8317034226894,306.67700872639944,1526.5599073572598,45.68758367115614,22.742108213461176,1.89519552596324,64.82951944833643,4.099032538112826,0,None
297.636722232638,308.99699695420355,1672.740013066087,35.85918652533697,47.01686230986983,0.9433492466791228,65.50143634316686,4.455589675287065,0,None
296.4401024164803,307.15553821854485,1482.05470808152,47.806905523307265,21.03351975296927,2.4943934320011594,56.67110991513531,3.4767235690175573,0,None
298.05246963747396,308.87265832189536,1549.2104108108547,41.78179067744545,137.31829662755356,1.2830526390726797,56.01259118306975,4.992429819235435,0,None
301.52744586123146,312.0870535362929,1480.5562567569,48.01371927929098,145.06782801186785,1.515479837795041,64.21049671113617,3.9355795429924147,0,None
298.0109653226256,309.1108855141646,1431.505204631042,53.30122973081123,38.9056866124896,3.0128631197972724,65.30508559396289,4.844107783750226,0,None
300.8024005735199,310.71602545422087,1549.7585977200993,44.05238616940463,51.435404455848996,5.800387464431836,70.18852657087494,5.461172918833323,0,None
294.11995644378584,304.359467602067,1596.6752772331574,41.44452148066213,143.95215312825064,1.4588032998716844,64.42381962423453,4.923426846699592,0,None
300.1965308380229,309.13703343376494,1436.367484643181,40.53634265513601,164.6674087203136,4.718389967661942,64.88122055059254,3.4854892474644434,0,None
297.0192375816704,308.9337730161182,1443.8574646205707,37.22597453245447,57.69660517338406,2.115938706617578,62.702600903871314,4.755683965681241,0,None
297.5617867691615,307.3053812652073,1560.205706041645,35.97846605690991,45.11459087872203,0.04463053144339089,68.11168711016751,4.446839538093591,0,None
297.53106885915133,307.89577071063707,1572.442331884255,39.23102930086318,168.48763904491227,1.8805935941398118,59.53588367024128,4.5992865058371235,0,None
299.67821404332744,310.51959703180694,1404.0136945607046,61.05776593785506,189.72695422377288,6.298350979776727,86.26842600919205,2.753750142261959,1,OSF
296.93726447757587,306.7607259939806,1338.1325501443466,39.79212074377006,71.22688864153142,1.044630124900859,68.70919002196423,4.839040003681325,0,None
302.0789414028645,313.7763097288213,1534.2236486289914,45.69732345105848,19.054282805454008,1.9953691789733419,60.953290857241704,4.726782539508564,0,None
299.6977797665729,310.1097753676121,1496.5444474741644,17.185691603787085,135.95417425770384,0.771774562629514,66.31730695553702,4.445001445578664,0,None
298.71407355467,309.1535410712093,1847.5304476970537,37.19219881602912,161.80517332379972,2.270728632804418,60.04666754433968,4.856450681542573,0,None
297.40066260467063,308.29889325220483,1365.0609123306392,53.68864708478128,54.1858316489688,1.8812277658140155,59.92073238149762,4.305998088685943,0,None
298.2047756932028,307.670675415481,1484.4038535805007,44.92380851336459,132.74716498168843,2.794634082139383,62.87227341719678,3.3094500421714,0,None
298.25460741132804,309.2180848191335,1377.1885418405923,23.307863047325363,48.08038067700401,0.6349087974899322,59.53191621240744,4.141170922218688,0,None
293.23418187260137,304.9571801530341,1624.5672302890273,34.741919022431375,95.7318501336148,4.442626707979444,65.55711829325716,4.461629134593634,0,None
299.5033889580848,311.36667062053215,1420.863488704581,26.85096211437225,9.127515399332617,1.4187306980430565,51.887136006690916,3.615364958850612,0,None
297.74954486699,308.236290139132,1535.9158221082814,39.37844176824581,5.6420647493970275,2.0670343069250636,59.0857084969463,5.79662757304165,0,None
297.1001411855116,307.03635843702284,1450.1581998887018,40.2019035579642,70.87448180346586,1.311118343716256,66.39204753977191,4.623425151327567,0,None
300.9817796037724,311.7198107541916,2498.1833113601797,68.6365901172189,61.85182130770812,5.125607050879255,88.62775141226287,2.9023727156872705,1,PWF
296.85702610583076,308.4241347022312,1503.1206910832695,37.41773261188464,169.3627585883536,3.028947874615648,64.36910404076608,4.701904262849245,0,None
300.970109113805,310.9321206369999,1595.491373905429,34.758754706703556,161.330484977455,0.45069115035363316,63.88264021929809,5.302967069364381,0,None
297.93847575028303,308.05546889306567,1431.893065707387,50.384915842210944,0.20054135994485023,2.627297705404949,62.8672280457038,4.54427943103839,0,None
300.8757979146222,311.4408206522671,1513.4429109166629,31.372402715196078,137.93589443753547,2.8644272290526405,70.56490886640911,4.260786800052649,0,None
299.45601491798817,310.51023014346725,1726.2605282130344,43.94420321738838,170.00848729729793,1.104508926389968,65.36866084212754,4.004757100376172,0,None
297.6977669864135,308.54654729801354,1448.3653000602367,36.53653229813159,18.984220074122746,0.828874603216548,61.37420683182072,4.751255842218771,0,None
300.1517814100323,311.42604222925246,1563.3079381608006,33.421373272577796,125.42683696925386,1.3947002213880453,66.24633868017604,3.796365070280728,0,None
297.4339801462122,308.3494671427225,1594.3460113916626,44.52255019983061,55.109170817175354,1.2979745979363335,66.4380443308685,4.3023910621333075,0,None
297.1704266410024,308.01837947169673,1574.618003295226,38.16463170299254,94.39054779420483,6.50905560224171,68.8151613399122,4.382526334400677,0,None
300.0899466793244,311.3428921724604,1325.424244070677,29.604223287644878,81.32665734375654,1.0914489396638611,58.71564808127733,4.2511366204826855,0,None
297.1411384886086,308.66589014994196,1641.2253115411809,55.307005528258856,141.31452935340107,1.5812773270014768,51.03444368720638,5.203997762722407,0,None
301.74249119461336,310.7282814525413,1637.1188557550659,56.13941580210881,80.62988802070502,1.1578923360598177,63.39259419451406,5.360045640083514,0,None
300.69853760624386,311.51697617945126,1401.8677361186246,30.644589129523563,69.56525651971621,0.2824821642087523,62.487979953773625,5.054864237717268,0,None
297.3293927102614,307.9304068992487,1505.372345816478,31.6977005563973,31.27126665010483,1.0806895418870672,64.39459403526197,4.075699466284736,0,None
300.40121335269316,311.06729603381365,1412.6447384962535,38.90783930212207,136.5361501352084,1.52207430923136,67.39587682867348,3.7110913604802387,0,None
298.2308249437928,307.7952404404304,1841.8889484421018,31.900382912281415,24.238686119402857,4.3047299348312755,62.61347344420558,4.764287753537565,0,None
300.08594338762975,310.89659299196853,1250.007194892658,45.09053215842107,13.547042989426284,1.652849436449666,60.20286428907235,4.703200821018309,0,None
294.6445883188442,306.66357630392844,1557.7554559188948,30.92610290385037,154.01342405467275,2.0025083762457054,62.21178175932864,4.3684336466611455,0,None
298.796217654361,311.22488059644184,1565.5335184245455,55.97304665783537,229.13403045313848,6.93471023422405,90.73196729495771,3.269361575988989,1,TWF
296.7385686584883,307.126268611364,1255.4704729982261,42.12302375367309,18.67512007696572,1.5499844358212833,57.84333985030456,4.121669854282472,0,None
299.8435609829592,310.70314011322506,1604.4059253404653,41.41904986079255,115.70199720084128,1.3300773713759102,58.888113159102566,4.521046367062391,0,None
297.14420548099673,308.487394097943,1537.8211675581588,30.585916645552746,80.02064080356861,0.6579184702627514,58.90211755130055,4.318424763032216,0,None
298.5054754110456,310.16453149771576,1483.481519240293,40.62153053512348,89.20632203240926,7.0538690855070065,65.33962515521284,4.999500665231312,0,None
296.31866935417344,306.7185298114669,1921.067700706909,36.95948305818058,154.68571937599873,1.6250486025469955,68.41202154487475,4.798883649131247,0,None
300.89895466630463,312.64291503432423,1647.9198970867046,60.08663996808689,189.06304216775996,9.817507344476219,87.400364820926,2.4067200068330696,1,RNF
296.1934156605999,306.96436551493724,1526.4535855538354,51.364521871264515,123.52586065684484,1.65386876600379,57.35352934113024,4.566108346320324,0,None
299.2993625016366,308.0438565257806,1613.2653295820023,34.75055093970146,76.8415587750782,1.7466658483564477,58.33244400719721,3.217646097425054,0,None
298.3260376162488,309.7824221369092,1731.0056741839212,40.5731545315488,92.07498294560061,0.23512367853811553,59.01738212762322,4.667093466149453,0,None
298.43001561032906,309.73572227950757,1332.6395985529598,37.540103778884884,65.48723925433515,2.7077526072256455,62.097393326039786,4.603845561950662,0,None
299.1353690289918,308.4746267161028,1347.178631501906,30.15985491484927,139.61750644678548,2.0078455933393764,61.10913751180425,4.768109462591592,0,None
296.9527031708483,306.2226353336889,1452.3717575241558,39.39143854079551,18.059967083521308,1.4546798325918382,67.35886149352073,4.083991962679811,0,None
300.32806936155225,311.5437871116113,1503.8788049323348,27.96333088820997,159.08769211322655,1.3331618206167994,61.524593536392445,5.343345366521195,0,None
296.10096347816153,307.7157271001811,1785.447272289182,33.21571297640731,49.955101050251386,1.2963324107633103,64.95606990207949,4.592183331904554,0,None
298.9674125059336,310.83209012239007,1623.6396958353648,48.81969583334237,226.08778930393765,4.842922661653069,82.83818710037772,5.328190264106505,1,TWF
295.0330311437119,306.63477589291557,1749.3800431075397,46.155060876855586,32.28537850376961,5.749960465681191,62.027522301538,3.558915585460235,0,None
298.89549316922495,310.2523575695472,1512.639121486813,40.00115133792646,51.24224964333727,1.584805899293837,62.01739670674445,3.8312798340870993,0,None
300.24651352246036,311.34263421388823,1632.9037015985068,40.82803895705871,92.87042468592766,3.05505204042278,62.86154800006173,4.863676054790841,0,None
296.9040033392721,307.4843651867227,1199.7570353070296,74.85097853017652,89.43215172181354,7.174687584922559,89.24155024142962,2.51522117596838,1,PWF
295.9198905272946,307.20072310277936,1492.0773219171192,36.906346362207636,23.665014470659152,2.0110312701385378,63.254542122009646,4.230776202376637,0,None
296.75272423419824,307.46617895123455,1777.096598677914,37.561632839958136,88.52677724252047,0.05548634376149743,62.93614398596798,3.2588756609887763,0,None
296.4821887130184,307.2170187369933,1383.041238213891,44.81768420228133,27.57830637738201,2.065191611339007,60.03860396293682,4.625400407823027,0,None
296.3434281446408,307.1214774356837,1528.534786859851,31.09931884295893,130.7400866440944,1.3836721843241986,61.1824271254631,4.090361387543343,0,None
298.39656951422575,308.85956054041264,1564.3526091777935,40.19593089641771,94.03547797227509,0.6357213657161377,53.61336639651164,3.884786103376395,0,None
299.57197933856054,310.82814856624975,1584.3732809777762,38.65265633577193,124.14548470088297,2.7080274118700833,66.16901666071243,4.321620880407869,0,None
298.73369971372574,309.10519481810536,1550.9210385870401,49.73872833299364,106.60560389144018,1.7799122342495977,66.19299769486307,4.305405959441986,0,None
295.11807822618005,304.54180983624786,1624.9719651741293,21.378720419981317,61.48782750806165,1.7017610513950057,54.07321670998404,3.793594910028906,0,None
298.8911022151164,310.74245336203774,1675.9977300741302,28.90044799906046,21.479380920254066,2.4463158183556937,60.14005286548132,5.040233080035618,0,None
294.90277658078304,304.32423494444106,1715.8676415179154,45.624564346189814,57.38052576150033,1.5375221811899222,60.78742591040224,5.066899959847718,0,None
295.95905859283886,306.61777340658085,1548.5099521501825,39.6046052283123,33.640600792236185,1.254830427476245,61.98436561398479,4.468791075420813,0,None
296.66744037289146,307.95142414632477,1683.169167231938,57.14960142232962,117.7456555752168,7.306367875455459,85.23647822675302,2.657659510848882,1,RNF
298.6864333698479,310.27452608999215,1658.4565857014306,31.07872370891777,108.82481495980078,2.2836484386561247,57.159972362324595,4.051241395275097,0,None
294.8229140590127,305.30447361414434,1485.4835013864472,42.06794371349122,38.49598911445342,2.6889042030500634,62.30321271089481,4.346770836585325,0,None
295.5354532648158,306.88243608872295,1623.8744664609032,33.60734592778038,44.51291929111682,0.40479101467837547,60.91436096578066,3.9659582801963067,0,None
300.7770430796047,311.2931282531,1826.3916366748017,46.31428461555023,171.14996387322574,3.583821129657883,69.5294337978766,4.039003048920026,0,None
297.39355200909046,306.6418543072218,1562.0004097183548,43.95985820979768,111.2389374528143,0.5746962918817099,65.6067238443329,3.3611392970322687,0,None
300.3997968124192,310.74144662923146,1406.3534657269915,36.063634900391214,5.334570554492907,1.123716789607519,63.20950388892571,5.1632202826084495,0,None
298.9680481148252,308.66250622606907,1403.2731557791021,42.62279530784458,172.51764351736523,1.3492174476117473,58.73139388389436,4.588895635885582,0,None
297.6150676979998,308.47088674426504,1351.0104106994218,19.305559840333345,113.42063652864606,1.0866683506781367,64.43068432557939,4.565654707697229,0,None
300.86070987784973,310.7815380934755,1258.0311416067132,44.375829176173404,80.65422342126824,3.228245662582605,65.1796383894041,4.552354975610032,0,None
297.86373745923385,308.76301411214405,1467.3906803521593,40.32854772346871,119.38205407673617,1.8601470170482073,64.46556256850066,4.578512408617395,0,None
292.9299280160931,304.0074508044436,1299.8008353906619,39.8401788868882,114.59841091809737,1.0729160104541162,64.91269319467261,3.8331768216989004,0,None
298.8561700828133,309.04907028974867,1489.1363188256037,43.67830691815565,4.036092724514723,2.719329224352571,63.89282422724322,4.501123053515626,0,None
301.2085349322202,312.241550669855,1364.080852967639,28.935108338404255,38.108458246078115,1.8526326955929076,63.51365326745086,5.206207265609166,0,None
299.2154806027391,309.93035546757454,1581.39317720748,39.44064514349611,172.4458371091105,4.860908725022717,67.53613841809643,4.984518016587912,0,None
299.00984628649996,308.323458740914,1456.769482567139,36.21238891291657,103.07020305335988,2.1755525699466167,61.5398264581876,4.7153790025712645,0,None
300.12340289597483,311.44695534071644,1530.9318836282973,39.779534143752365,41.50434422725438,0.47702971036379244,64.50404526240715,4.099710976573584,0,None
297.5356465648897,306.86310747901604,1508.0138438666643,28.34846912326245,138.7718912518466,1.2500876549070858,64.53532027206826,4.089404294654096,0,None
299.4298588655975,309.996124922012,1650.706303712554,28.047343934241848,35.46758360377832,2.3522148010561152,59.30179348000995,4.839552581373791,0,None
298.2595836637306,307.5626566131989,1573.296135706167,48.15923114424129,38.02378628424887,1.773731410086019,59.244360034724515,4.02749629177598,0,None
295.7776151921317,304.008432736954,1256.4499324111894,31.068322376577978,165.0326581696268,8.335882191813088,92.6654516627002,2.056432880744348,1,RNF
298.27161955899436,308.8016530321838,1528.3559519291532,44.3584891151753,102.45725507900562,0.6887202228232459,66.0444410093285,5.158855863104444,0,None
298.563954572257,309.0737334109891,1556.0266482346292,51.62982397246023,148.0428889490272,3.6812997832649623,55.51058011548176,4.059202914897094,0,None
298.14359502201097,308.26295866680704,1442.369008091736,42.06412576162246,129.24622801476914,1.4003909253489926,56.15121783448043,4.518663475492983,0,None
298.8376735824713,309.6955887321265,1691.8300742407296,38.273371268346004,5.381764589200358,1.308286507343563,57.80600100111464,4.380531962763457,0,None
296.85456547421376,307.1574587522021,1584.0074156384003,39.271858696745305,141.71220467920492,0.5435525524809585,63.54676121249486,5.25634712904647,0,None
297.8277080894237,308.4987551245766,1301.165726715297,34.87026325944165,150.33859652880997,0.9363493552596962,67.48038581751,4.710911643087125,0,None
296.66145438802954,307.1501752153042,1672.430141937853,28.57772507907788,100.43449605584462,3.2651238367397037,58.490046543445274,4.280023003889494,0,None
297.80647946490126,307.89535896358217,1536.6219245363038,44.6407842928769,141.77216112709286,1.0665782652275768,57.23940223871245,4.55877984722487,0,None
300.71444156204734,310.4314488929995,1477.593955628441,26.127065438554304,133.9823247038789,3.6378616706062865,60.68639005127558,4.56282061807376,0,None
297.2964194938091,308.50946244330487,1373.137541413225,43.50350159128314,131.5335963978424,1.111010045030352,61.9269321411678,5.304173052864307,0,None
298.24729284538563,308.6049585447421,1556.4790385845342,34.500383127958195,85.48988699925678,0.8142710736063108,60.780274237088555,5.061933247845963,0,None
297.52150548502465,308.1199680463496,1585.3651019789147,34.20480784671529,109.60269158542653,0.7437638412494264,65.69697577931106,5.335838303319692,0,None
296.74645520287015,306.8370443565163,1650.3608319290406,45.38083411780575,156.7840992780109,1.0058427896217386,59.58740976197155,4.601191750993962,0,None
297.1558635206964,308.9911191413575,1473.1024209014693,34.66405654764296,149.40854285034607,0.8514334227922974,56.96377174562099,5.474829876175701,0,None
299.8488277117179,310.3208216237129,1575.9451118126503,53.51826501131718,42.11985911408465,2.3819559432530015,54.527879015884814,5.5590336812794705,0,None
298.3687910014366,309.14880123458533,1539.7249083941845,48.302423105869,230.62757654303593,4.825551561641724,84.27290277823319,3.5368594820085226,1,TWF
298.4759544710086,308.27109980167955,1685.205396790867,41.25320794042911,12.815513248515934,1.3600974708074223,62.7866780746155,4.135254944619296,0,None
298.53335572307947,309.4175641242042,1372.8138688023419,40.479338678831816,78.44179814719438,0.7383969990664618,66.94858799017983,3.946002622654809,0,None
296.8973406460298,307.2840217772217,1679.3971256118507,37.25262592642994,70.21524993204606,0.6054856788135181,63.65889413202386,5.170066686069805,0,None
297.4532742365833,309.0385409452457,1597.13902778897,47.879925812329766,107.05413352243254,1.9140585893196653,63.94691615583043,4.6230901169191565,0,None
299.724098912816,309.91486562009777,1459.1452030373102,56.323554356912695,92.2326994450192,1.719368698538249,58.51608375001007,4.146233041558792,0,None
297.43140644120757,306.40500473150894,1407.17518266248,38.92220882300847,16.31960221243989,1.028552928110469,63.633429798821496,4.04132024245658,0,None
296.3807793571712,307.5773766728419,1528.4223156974242,33.36834888239518,80.83587634686155,3.4429269602534456,68.41771235322288,3.723949100434569,0,None
297.9319036539801,309.1678008667436,1564.580371889615,32.027489585160694,25.688907901468514,1.858332482797659,66.40420000028303,4.661408419063376,0,None
300.04162550017634,311.1492374101652,1461.768585356106,36.61739452408592,108.93458083008154,1.5274743616721758,56.63619581009716,4.595150894934181,0,None
296.3840085051343,307.0770007038597,1650.4705281959873,51.8128256742492,46.12553543524217,1.320500794143335,63.10553379584738,5.95108531740182,0,None
298.04564477023337,309.11376218256436,1271.8514788814616,77.7491998501183,177.89907910897543,7.994196763677655,88.78609592586928,2.9271270423394506,1,OSF
295.28436509892015,305.1858882472228,1656.3695544479658,31.89488675779809,116.98980675686882,0.8509676467512202,60.966414268096806,4.25787488978087,0,None
297.9229886717695,307.65162861463085,1749.3042433630173,34.37753272392567,104.31724234226675,5.064873933587241,64.10533026194007,4.541776792622008,0,None
299.19644861763294,308.93039345362075,1353.3592788131907,55.931639710703735,64.65877663590332,1.5296165882019577,65.98699988648676,4.321876810808221,0,None
299.57661922270245,309.62130066376443,1301.331395808074,35.036072265673965,109.33998636273094,1.6794969012978145,62.570406696825785,3.9352559285788113,0,None
299.7671877240349,310.99552252378334,1623.0955205210466,44.72219067431868,172.17182649463555,6.6713031214889345,55.83527762962865,4.960925185214415,0,None
299.8928858344505,310.6778880654154,1763.0149734438332,51.0037558451647,22.158696295885274,1.7152500868309988,59.434505670497764,3.935777372047565,0,None
301.2586295275719,312.1286164268254,1168.7440711737072,44.77479864668419,15.982337763933163,2.211620551783167,56.27098852109705,4.241955349635818,0,None
298.1353099838492,308.935674669951,1597.5900683612015,52.99416599047184,100.83244718877268,1.1239172759472524,56.58431600320697,4.236561222020241,0,None
299.1046511261333,308.5042424144783,1586.7551209546666,46.00902472526026,156.6765924773593,0.2044748862078371,60.259011644878065,4.878681765604441,0,None
295.14892850745423,305.7228299407662,1484.032128397972,46.86111403092702,104.85949092869393,3.0072335231410787,63.292255748633124,3.9754113910884126,0,None
300.127817053186,310.754026204621,1774.7962218261619,35.759474808791175,55.48942304376636,1.1759820060109387,58.97434010889769,4.597230607941881,0,None
297.22634561390765,306.69569951993685,1524.415361168308,30.769627778707132,130.69842122682067,1.2318259826516076,61.33154173036803,4.945906215847345,0,None
298.85775129990094,309.33674266528504,1673.8310151263067,24.228661969592473,18.97763310647083,1.3726748277831045,60.52377197274677,5.070748917566981,0,None
300.9432298623153,312.0037903520118,1662.3585651409635,38.139808606106556,74.80124217147699,2.188455932781843,56.93407667035971,5.19993593935955,0,None
301.4771075105886,312.8426953579886,1538.278217096872,41.98233154038315,9.20270053751599,0.8659767045043851,61.56043686592452,4.170728575533446,0,None
298.0292468822703,309.53534212735775,1574.173782090334,20.063293351559366,123.55717219267945,0.7585059004791472,67.60989487828857,4.95607351350823,0,None
300.5739885677075,312.51513264712065,1665.41147055303,40.468506552296915,130.47439155368644,1.750114587142371,62.12014284066136,5.061903380402549,0,None
297.7045906018925,308.4754329029212,1491.2579644455761,33.27969731892037,91.24407884601364,2.056807141967405,48.91653404440715,4.9338834802664415,0,None
295.9001699439945,307.6919929765624,1727.9052183742797,45.44814336288226,115.74535579578705,0.8754897367724248,60.510084599942374,4.942746633696034,0,None
295.39465340888876,305.88595969926075,1511.182419611012,47.572853190482796,125.9084563058813,1.2953666366814578,63.80062504870944,4.70051189983303,0,None
302.11634026314675,313.29141187086014,1462.0594942999971,38.048761851380064,17.305896996905467,4.18836724283234,68.08098746198444,3.6963645521968482,0,None
299.2658393685813,310.86226828377863,1346.3322912239746,37.26764312336493,62.99536568091715,1.896997482568767,63.215873545756914,4.814768238095098,0,None
300.04884389699674,311.21230291506305,1486.5716466421504,44.46899512299178,13.479671864965512,0.9186007608592648,56.61251121172588,4.27319496373447,0,None
300.3244079452799,310.89062626830827,1337.9518888699888,41.338506005092114,145.95120978784252,5.125181427543779,61.81173714628592,4.5740260687926995,0,None
296.93442474985676,306.9278396324848,1344.0920967811721,37.36626952733484,154.2122281814649,0.39873611164536793,56.24840654024483,4.288966524245404,0,None
298.55569742846836,310.32802028332725,1383.0744236724577,37.4746919513921,171.7715541355136,0.43383102214039165,64.5434370488373,3.788770965348156,0,None
298.69756459502423,309.20008277654927,1565.4937544142206,40.12893330819262,14.397580868336126,2.7562941270608072,62.905512189594326,4.801960603420703,0,None
299.3475900930737,308.5708749182144,1520.821459122848,39.52530280982735,149.39674994668192,0.8397231663392262,58.70547347498685,3.9015380673069133,0,None
299.855215520152,308.8831533245474,1386.437488886242,50.35082310561893,5.051346905155382,3.2234069842902637,56.0670441597592,3.5620172519670765,0,None
302.079721009448,309.8833808934924,1156.7832100125704,59.96482867860099,102.98294583031009,3.8724897539274012,62.164194940861876,2.5024301486684313,1,HDF
296.83641496194787,307.61671113505696,1277.7791836697131,41.710433389217044,72.0388894402855,1.2355585547283439,69.26351532242425,5.035054421494936,0,None
299.98767282754983,310.5988957771123,1459.5557398543253,16.544836325082628,125.35150783519671,3.654656355673324,53.943365119084376,4.606145660739616,0,None
296.1540860103202,307.461663441197,1622.9261365818681,39.062875333569465,18.41323297481925,1.9345648593858924,68.15343308417508,4.7666328774896245,0,None
297.32725599586894,308.4736849473906,1509.0979740258288,43.3552574894955,133.56815036498028,1.1657654059533795,58.792305433200944,4.865978138745021,0,None
298.4901960147728,309.13425284492956,1567.6745793735943,39.0227413135104,33.276926009706834,2.5257138608225556,57.62964902027549,4.660518433932326,0,None
299.3482620414452,310.0667567888801,1635.1011347975289,37.07150460177872,119.82644401373311,0.45708139213733257,57.176569155620086,4.071566690133685,0,None
299.60000104120456,308.89315626663426,1587.109970434926,41.19889976284382,171.39076844162955,1.8473562336555038,55.53833004315483,3.405813853915771,0,None
297.35248175497856,306.5722648713756,1312.4310821720235,34.70694024475395,161.8375341999524,0.8680501351910597,62.34116645445796,4.7730633706862875,0,None
296.8613293786801,305.464001889993,1319.7815040097994,41.016078777974926,42.096048437552724,2.956065330890327,63.35561551858349,5.107746334243543,0,None
296.43251396603324,305.94603292202135,1747.1274466605223,49.32150322779469,159.16233251462532,0.974280271548391,60.118479464302155,4.678336721025964,0,None
296.2960093659319,306.0737622243617,1476.9484532240665,44.41924399549519,38.54321457549007,2.3396030429645025,59.45891697284883,4.849981533161721,0,None
299.074546389504,310.6350233384675,1469.3743390241218,69.76995969156037,221.52228736916263,7.4351533933761695,79.0854656151319,5.07550580860565,1,TWF
297.76648221402013,306.71708005201816,1665.0463686090152,47.55823453492265,137.19313773567814,1.0797356523196568,57.70787639048606,3.3788950498636776,0,None
301.3468221049582,311.2542455296447,1540.7870324179758,39.24449310930581,146.9484906414034,8.776746446168053,89.7652642085444,2.6276864344461144,1,RNF
299.2528636313615,308.75190432205454,1363.730912397253,37.08289981710372,111.13393728543561,1.46491113160371,59.738846341878165,4.785000970646451,0,None
297.5191762900842,308.89603221606615,1448.9080730129326,52.733097062715174,100.57306068591036,1.1574474332691282,61.41661680839478,5.124815157085072,0,None
295.46412521562235,307.10372187261993,1567.356450979665,58.46400349846494,132.14561312844802,2.7692321382543432,57.43199358673413,4.633249933638904,0,None
299.6131583881797,311.1404350233382,1508.2280547406906,37.37988043993696,87.25928107159962,0.9492299803910206,69.70867677387675,4.266822210857166,0,None
298.3217686522121,308.97584618719713,1389.1190955891757,39.50406949387787,8.140736860387015,2.650393516574943,66.83248887266632,4.203842730941758,0,None
296.4883766197466,306.8779107520174,1518.2408594461137,35.0408107100826,89.84326286743168,2.48836202961556,58.42350948874158,4.643207802230419,0,None
302.8382877167073,313.4915496336626,1581.7026667433383,38.54535859229022,6.266626523102878,0.7045184825986949,62.41715615735701,5.0201804530857705,0,None
298.8974038348053,309.20918470682733,1421.6226953103542,40.40807719374124,151.66496170505863,1.9124533916093878,70.9662293391049,5.523140828144539,0,None
299.40637992301765,310.2101940318504,1536.1661951434758,43.5281849897108,134.08086990723447,2.1510832840737986,54.06491801684898,4.511926851331669,0,None
301.1536214629221,311.79142497205095,1436.7168613441222,55.20102001222976,5.444002232797823,7.325445075232139,55.27363794821183,5.257262122392492,0,None
299.1094121474628,309.5476353112844,1791.5331282345023,44.2174379854151,90.41836870593485,0.4602909231204102,60.67790416110501,5.123455964121588,0,None
300.82007887444524,311.62546620961524,1568.2434116714462,29.024634687361406,161.9540286487433,0.7069405125662738,70.81512480837054,4.935590764295245,0,None
297.2428024276196,306.5664107866346,1614.9642246373487,43.35395677483059,139.64068490617393,1.2436195354532493,66.6612295278731,5.056072842718272,0,None
296.84951636403974,308.3515489488631,1494.9546214413708,45.331730637616886,66.21188057083461,2.290931577231415,64.5562347034039,4.712789557789481,0,None
298.76371966517155,307.90774091435827,1386.5780864881795,36.753221384290256,79.68935336312362,2.0498582191669805,69.95897557810636,5.284188377623834,0,None
298.95246637514333,309.5141915721175,1474.2329749928008,32.07284652485242,57.462612398278374,2.774867646219581,67.35585105086045,5.290082093848944,0,None
297.6699222214946,307.5122614120322,1405.1245122322002,43.16959020460023,36.40816449659712,0.41348507649231664,56.14213345139866,5.054859790852991,0,None
297.29686982021343,305.8873259240569,1860.4306925232404,42.83958692227074,157.11046194463393,3.236555654672993,66.7328826498172,4.432452700208343,0,None
297.0550577903515,306.7254049314955,1695.7688027284623,49.21680061035056,49.77355668316353,2.0487619379918467,66.11727796342662,4.36892673013971,0,None
301.2335977219874,312.779957765591,1642.5280375148493,77.37571342369756,168.08029457720198,9.20696952530339,95.53070761914339,2.1927492795422077,1,OSF
296.3730093738978,307.2048276865288,1642.9377033964981,36.88164702950429,52.23646973778952,0.4481401854788623,60.99943540233717,4.632137115740955,0,None
299.7116397753727,311.8047361101062,1471.3142872362687,29.818972230855586,61.97286136084667,0.7925733034649807,64.4943315385541,4.399184479890705,0,None
297.8205337121155,309.41661519500377,1525.4387081185428,45.439351469508054,137.61368890542232,2.4007971783848077,64.42124469395684,5.071814368217819,0,None
299.17660745161766,309.59724875596004,1448.8922014767893,71.758948417156,171.1202674900416,6.873778643964765,90.51933731023483,2.666994296192164,1,OSF
297.21123815030967,306.48950386503793,1605.5956226164496,12.72319382364432,109.95131498427172,3.8871200579246445,61.668302686414435,5.372847762145834,0,None
299.3146750858999,310.03808935647317,1731.5331931540857,51.53898457995387,37.26204133445521,3.4002898035737386,56.883453332150694,3.0236851912448786,0,None
297.0149228195889,308.06149274278977,1577.7028665387274,41.01266412495691,31.28585032133525,1.156238904584258,59.051369196752795,4.310951572907586,0,None
297.08435432241674,307.91206321736394,1515.549287604572,29.798168803421714,9.389128701695881,1.4060256688542359,66.693092280132,4.685533665834772,0,None
297.98446128120474,309.03112089041764,1559.5047483021383,53.90863197792484,131.54854303138012,0.32374326086521854,59.36384012640873,4.70019111670356,0,None
296.71877438680156,308.1359270831221,1564.994083760867,35.990671666959756,77.22944466798053,6.9370241063643885,57.390326613406536,4.059530992362665,0,None
299.0394948181104,309.8598799273155,1416.7983225632931,22.586851513179862,69.14685483554928,0.48058017307949,62.55495978932864,5.060743516290561,0,None
298.71851292122324,309.4036696592437,1596.3175308081818,28.768113809946037,107.94671593724236,1.380493697483134,63.39873825806254,4.760820705865137,0,None
297.05046061057595,308.0491863211999,1413.7210290779524,41.58913647328212,2.298340399238402,1.5038718252704808,55.999648762384226,5.0029359843708106,0,None
297.98805616940126,309.7426021130231,1421.353655320891,44.62435622134038,137.28075670634135,1.7754411759567539,56.96818486004214,4.688115135623971,0,None
297.79366767945515,308.228933809325,1597.6192006829995,59.48642869910536,62.25812512400296,0.6376776643234628,64.42532126466905,4.852506285623319,0,None
296.80087240399297,307.0445643564435,1441.0663254297604,35.29546226231878,4.464871051334687,2.209418038320762,61.133962032075864,4.259398877221399,0,None
296.92711937430954,306.97863326483167,1557.3999972791191,38.36044095107385,148.84136918087054,0.9848262706600106,54.505155271759065,3.6487982300950232,0,None
295.7669900043502,304.99848943893454,1452.2131939423164,30.056280094227535,111.65843520072693,0.18346374259623235,67.21594361837754,4.696812554592897,0,None
298.9486430428448,308.880811849058,1623.655278825262,39.67224606517856,119.94615903205619,2.2137505724071858,57.52794224898105,4.256897438781233,0,None
298.59804343879404,310.6760771802259,1647.4471082375783,58.60693234375573,125.94567930793704,2.095353731984358,60.99448725827284,3.967456557910625,0,None
300.34042324532624,310.65595412650737,1565.8757847070315,39.47015684321903,10.042983056240878,6.5126154630410635,59.21578612407624,4.275433592867216,0,None
298.79874625761954,310.8918829848133,1265.9374434966503,77.63003024156369,162.16920607754759,7.748153296098229,92.1433449778563,2.353251111789144,1,OSF
298.6881405762842,308.9702125630012,1416.5254930025956,45.693721386654516,129.46412371512528,1.3121862606084136,58.12256054193078,4.408431950241378,0,None
299.0958521959726,309.8528853725785,1470.0180551692954,38.114886367403685,13.911055961720306,1.3310190683648855,55.28707656853478,3.715599182457676,0,None
299.3990097152778,309.4541147178692,1478.989437852691,36.368707642926616,138.13152681320364,2.0456592589510985,54.805853934581705,4.463060874341697,0,None
299.8743139922238,310.3452495057899,1502.6007519681543,30.59782659586044,152.41111564873225,1.2990164253715144,66.0099198019912,4.099514749227515,0,None
297.1823479522564,306.32694323546036,1444.1263046365546,50.16433715666858,57.90957999371555,2.2662689968964225,74.55836754304428,5.114406557676688,0,None
296.146729052196,306.28835998143603,1401.6796054795882,53.44597466120681,171.89539637737298,1.113690855374964,67.6091600057491,4.902235291489563,0,None
295.2233761666093,305.30215081693245,1354.1081857128797,44.18251568369356,124.70868888595632,1.3944072820468543,70.05231603937936,3.9167944240024086,0,None
299.9704012173565,309.94504974085453,1717.2862375138805,35.10547650704953,79.23136407515628,1.1231006949899882,58.33899956533575,4.532167020408061,0,None
295.2063922441359,307.1524790503513,1294.2292175813523,26.486369992258012,11.047778056779286,1.793222060294487,65.73813377528664,5.170652937421143,0,None
296.7936611363238,307.5841536385194,1636.160107541716,49.082977234465254,168.08395652317105,3.610700194626439,65.7866443376002,5.0633257815193815,0,None
298.86588187983244,310.1396243777836,1472.7699792214642,68.11500471094702,22.14199335522615,0.5301758861116974,59.429467070291345,4.207644298142647,0,None
294.656095559616,306.6852308293278,1453.3227872450095,26.589959810101632,102.11767105153481,2.276703389564199,61.56359000047488,3.806061268556314,0,None
297.3070773051052,308.75099195732173,1323.2153584219698,61.85532545972748,211.3149541458296,8.838875945547906,82.59063031530499,2.4411046920243744,1,OSF
298.2763696762476,307.87222669265986,1572.2996448704948,39.17577198185545,83.22476343188937,1.0984363368736025,62.35501011993414,4.209821812339313,0,None
301.01098263494356,309.93712258356277,1662.0178352803398,38.13733507786946,130.9211400194121,2.2646618712582582,65.72630143062595,4.753592794188086,0,None
298.0370207171055,308.9795400422089,1579.3722689106046,39.85825975644078,130.54205813319993,2.5648606020631033,61.525117885706344,4.603122818813719,0,None
296.6892218019445,305.805011617557,1530.4399309129992,41.145398346147296,128.8682132587578,0.8460834310829337,56.029597097550045,3.90722244143089,0,None
298.61399733474383,308.75694092255634,1703.0987235589491,51.466751867630684,114.55088998047424,3.0077697200927775,59.37173121304479,4.087183530373852,0,None
301.0112363636071,307.7313628960711,1311.5589898933633,59.614879426875106,120.53994353262969,5.3834075571615845,72.55371176823859,3.043920622715942,1,HDF
295.6680661408256,306.2767536800909,1586.5864670091814,39.55486032682288,24.31806487988718,0.9647264642942257,55.254208711609344,5.193396820413255,0,None
297.1131161691349,308.07427724523285,1445.8648981942897,33.56656084960667,119.64269130441369,0.6629865518811426,65.43037009511137,4.084387972768026,0,None
297.661908837125,308.43488151111865,1448.7980430190846,41.105295912063085,125.10232186854242,3.0134950555072053,67.77157395153309,4.963506722424918,0,None
296.83097865963487,306.2153826045475,1602.2854253013838,31.498892157888932,21.72803264586689,0.5131978915475923,60.71200168463123,3.900222947846285,0,None
301.40873061823123,312.25633273510425,1524.097097361725,37.81759693884397,152.0214316072991,1.8788876346518328,65.74721624868647,4.50234362368585,0,None
299.5654731718129,310.12094290118523,1473.4450860899642,51.89797175040237,40.820087254449646,0.35394354340575274,60.925399840384806,4.330528191470154,0,None
299.67390052528293,309.16368470472406,1709.2614278461397,33.95271163931324,100.00349900591377,1.2066088252458202,56.010074755197124,3.9098476216813856,0,None
299.2106107092381,309.28413838762543,1480.6538498734365,46.894118256778356,69.61772914639528,2.3394354565240185,59.09935878274862,4.683558522211184,0,None
299.4241195950424,310.03227186783226,1598.8375940679186,29.377691421736124,130.40153936718752,2.0808236279756755,60.0776192026475,4.797296420809045,0,None
298.32080656879066,308.8884106853449,1451.9091058013692,42.587892224056525,133.16858060814153,2.4051727760357893,59.93397777136031,3.8956137705481755,0,None
301.34338145790815,312.9837406935298,1350.2670089706526,77.15454753233826,196.27784384731723,9.027667156106572,80.1919468650028,3.189119805128501,1,OSF
296.8594619274388,307.7630485325452,1683.0274670159927,32.37870603260967,39.866800868323004,2.0398544811883816,61.88686731104361,4.018685186013344,0,None
297.3270700259746,306.95822636028015,1552.5153390504258,28.83568735580529,124.93997446129109,4.717904410437067,60.8431469113978,5.215342658259625,0,None
299.71134779604995,311.70640206848503,1648.6719906613748,47.44139710172217,136.68254618846942,1.5925032676681807,60.46434790855418,5.305617878962754,0,None
299.368904314314,310.0263565856889,1144.0108519784565,57.96662845777113,80.40330262183151,8.231753968971374,97.10710122795594,2.051355015759107,1,RNF
297.2841895112109,305.24784892250847,1408.2035563397164,41.80185556964891,147.39936728093775,0.7936796398391036,64.32354350244826,5.033249657354804,0,None
301.3313804406422,311.2320430593596,1615.6825358537137,27.874860972575974,109.1513446238571,7.9615742354694765,54.31447909277589,5.484490855399582,0,None
296.3205360071284,307.68458085443984,1356.1844058073818,35.53242491158859,71.7464520301492,0.7078007580646174,62.66361066012312,3.8255225978286838,0,None
296.09937567751336,306.13024355840236,1486.2145668010235,35.55758811414684,109.83117623311114,3.2360582276931393,64.52964270300838,4.50900441260703,0,None
297.2369126586814,307.28459828245303,1641.4761122880163,34.993317329990475,123.24607519356051,3.2427884293981917,60.75862458917201,4.132627061273042,0,None
295.1906409048142,304.5792019206454,1696.9663399597866,34.32603779215189,118.59291058440817,1.6362400825248973,58.99876894608429,4.090894151519823,0,None
298.91426923324957,308.3338244617752,1648.8634486509181,21.70783539560566,149.0011316250581,5.106976564086142,63.8413107371397,4.408792381342412,0,None
297.3487397355109,307.692111518736,1654.445397737772,46.21526507423157,52.06767184421056,3.144655761336556,57.50725244918631,4.890053157549541,0,None
297.52028927082984,306.317301995298,1398.8984921489018,43.390557417228024,138.23454753899088,0.805429575808331,62.95391268343704,4.351637993503242,0,None
299.06267120542265,309.77407501630853,1570.8265039887185,46.59239426076005,112.48055606088226,1.129880141067732,64.37082210068286,3.9020350206013212,0,None
298.00567198896056,308.59332925302283,1409.3633275839402,31.17095730258209,12.034855344950868,6.486826109405713,65.72008709498562,4.736272758776206,0,None
299.40973317854656,310.3054977015666,1552.3162965980837,21.08777945675293,71.08010225951004,1.2095295217144677,61.72555316110388,3.9861198745288,0,None
300.34013921341426,311.1736523387488,1188.8517228124426,62.90068549719054,177.8427389394318,8.892789144727471,92.00384619668029,2.3354631268030137,1,OSF
295.77210867583193,306.1992479875495,1565.8802115684512,54.1155352150145,76.5891638267739,1.3235976659591362,64.69565037777672,3.9562238647945813,0,None
298.32238585272006,310.60758498154223,1706.7642262916133,46.768191212314846,78.38985197441757,1.0949819983600946,71.09880269117816,4.476105183606658,0,None
296.81416744755256,306.4949445748435,1725.9432475540266,41.94663463426017,155.12630968719333,0.7913515116133708,62.914189987725464,4.549339963110401,0,None
296.0412928268228,307.1087748383871,1884.3820779041132,36.158379699889736,153.50277394725927,0.6680137817199238,68.51779740463338,5.35869727562586,0,None
298.83485496028607,311.0821323469904,1516.4212403159565,49.46185094472787,25.090742436941923,1.6780679931467803,61.858002500222014,3.9861408219749506,0,None
301.2598562569679,312.5404269591033,1408.460876584446,53.71411255589091,100.99859610212008,6.532070163587795,63.62629537069666,4.174370907650088,0,None
297.0028780361133,307.3277850347248,1342.9789179110637,49.458814098914345,170.32873891256588,0.9398737907799322,65.82119436836093,4.626988079428081,0,None
300.54014814584895,311.1861489703283,1326.8731954405557,38.87052113026118,164.4005347424644,0.7951100194283366,52.41336753116715,4.7149619233498985,0,None
297.4032205355461,308.27840299806485,1566.2443134924474,47.758739110451295,173.4716372803826,1.784189173654643,61.75509300851378,5.061249898429716,0,None
297.18750228433197,308.643176060743,1502.8170313432624,41.13855339904202,101.01039132204255,1.7443998711630742,51.72105810821179,4.460542728764166,0,None
296.97398713728285,307.36827786616163,1502.9901833515146,50.18547530198083,71.40247922469703,0.5355961214951211,57.88743441201787,4.284882332330374,0,None
298.6817018855326,308.99296866208294,1448.3322314126472,37.81514049391231,41.55842162598421,1.5123566324226871,59.052121125760024,4.8952332915822545,0,None
296.4359612213668,307.7519904268885,1718.9808941152,41.24938922743772,64.96611353297091,1.1036130842968586,66.97731713118357,4.7567760984314456,0,None
297.8938282785453,309.3496385680468,1459.06411577981,44.263321429134415,138.23822618477902,2.3616085488605356,62.38237427717474,3.9998595587306918,0,None
298.05616173393025,308.08424787972575,1374.663852286986,38.67314183183312,127.24122761424131,1.092958097002005,57.732829286263794,3.466892684495057,0,None
300.6609466449799,310.6768216564951,1455.9525877390918,35.948702209674806,166.24315765345602,1.821955103945173,61.11083167715174,3.843675372354896,0,None
298.750706345371,308.35348222743096,1592.9264764599036,39.711224765243216,57.73775364743309,3.876330797495922,55.761541636497164,4.710898520291047,0,None
299.16654850856213,309.7559878351248,1500.152429404485,55.548185463988254,59.74714420980346,1.6968440688337885,71.81366772366883,5.749136689644547,0,None
298.6275304519377,307.78140349663954,1282.3627061286204,39.06713092055218,51.820497857084064,2.2416937161450625,68.31897272753812,4.931448026117645,0,None
298.6981652215633,309.5354020883925,1543.1274935046051,48.00102968125867,90.87109753537275,1.1574514542572645,67.56306517748946,4.88304036636269,0,None
296.27283045470983,306.79138723755574,1699.2887492936127,47.18633260053515,71.88680500915109,0.6911297590583445,59.04235689399495,3.9461470506114606,0,None
300.0312687904779,309.7562352431136,1199.7570353070296,67.14648203252511,137.43267759871986,6.475797843875559,82.10821327466167,3.490424238984142,1,PWF
299.1881275874397,309.19435779012133,1618.6061681756587,38.55104426318369,173.9804135443035,0.2746580623167407,62.10312194797159,4.67841682379293,0,None
297.8525926736702,309.4553683756394,1630.1136254231487,39.90613608337054,13.377701566299432,1.8514062716910835,62.098167727502016,4.068192217944125,0,None
297.42532254641077,306.79987053881274,1627.486503251566,52.087113941089235,77.84512007964283,1.9753008257180968,58.48857232652391,4.648267915979384,0,None
297.17503954879396,307.5613223192415,1451.3418213405619,39.54664404046888,169.61629952174408,5.058825309199433,62.10908797631996,4.943751997698833,0,None
298.45567928844633,310.0401376370146,1606.5468895598488,39.688686755056416,68.80598052783007,0.6399917420308213,60.720834254432894,4.437154689868691,0,None
297.9888244402518,308.86318477795726,1413.9775680976873,42.15890898533488,43.192055401956324,0.49620956173369785,58.74746066152727,4.481412882507582,0,None
295.9340069843894,306.248875951299,1508.028915395082,51.60537940711197,181.50259068300363,8.395193301738935,85.55408352652857,2.292095349498639,1,RNF
297.6017360602,307.9182301947156,1641.5113462226511,53.84024760450625,32.39402782487292,0.5622760420747744,62.691208639393956,4.131683898900146,0,None
296.3510178778257,306.58639796100726,1580.2181519638398,43.321198289590804,44.969549432372396,0.8755299278654715,55.06436859183195,3.470478362126051,0,None
297.09394067491115,307.90464125829527,1781.914936953447,47.22223773634438,86.17397064475406,3.2084378949470613,56.6846167647213,3.810158870436913,0,None
295.23261127964304,305.892978984774,1799.2856062739138,33.283851111330804,165.96365292875905,0.40891678095419887,61.187301373574925,4.445240782016182,0,None
294.7948303284141,305.8472084773113,1360.016124032612,34.71810808726047,130.60357966033163,2.12307912580151,61.71557959496493,4.762270837290817,0,None
296.5039743398898,305.7657330948426,1592.1979148118155,51.532289771730376,130.53546414974736,1.220234819364749,54.72736747170806,4.596995664474543,0,None
297.1937438225909,307.5841474310369,1720.4408795288823,35.092459005242596,66.14792033674328,2.9751549021959645,64.90316888628728,4.1088333000752275,0,None
297.54566924664977,307.3026355814878,1356.3831206941845,34.85823714217956,136.2518235261126,0.43508400634466216,68.48160175320815,3.7488634189671974,0,None
294.7246895546377,306.5033470007505,1540.893415734864,35.25656351256865,64.20674082644064,0.061004819861667454,66.79510750018505,4.99502855539388,0,None
299.8688437711019,310.17724223348455,1404.929436731844,52.93764406569376,112.49414544820054,0.5061229996014575,67.11162168169695,4.691713684321074,0,None
298.1331810795177,309.0632850018776,1805.7042209722188,29.749291159481256,61.949224670316674,1.519355580448984,55.62376336133269,4.018544799284016,0,None
297.0114596038312,307.4242408678604,1718.959332644328,35.05988963359844,169.89829525987665,2.1046672730510525,56.7670098044477,4.097308574851311,0,None
298.7893801725337,308.7079866486281,1624.946701028897,50.04866969840107,98.64027243612765,3.718701177665983,61.396764441597796,4.351274391171135,0,None
297.2004856829271,308.55076863735366,1590.6679979022738,33.755607534250615,128.3134246767468,4.699970094320795,59.60431872498324,2.7977567570340733,0,None
299.9205977704636,311.4619118816505,1395.3629272371459,56.775905551089195,208.6770717768506,7.349050118862752,91.04995483982172,3.2365801317178033,1,TWF
298.3694605618059,309.87115868288106,1347.6980076265845,44.52234144326782,240.91862740022697,7.038022431335327,83.89546430308036,4.793294863033492,1,TWF
297.9981407199802,307.8497178161229,1373.548243472531,56.966929187798925,164.20771125089075,3.2934136698651635,62.53295140728034,5.2642418982749035,0,None
298.00963168932486,308.62122992624285,1560.8332266351426,39.583939383450705,142.26677213826105,0.8136814529611656,58.64528928806218,3.9342606180624697,0,None
295.8844442304189,305.6006672506455,1288.9693042922654,30.143773120377,75.55931918474764,1.2803490151545718,60.27104973682087,5.204427654083936,0,None
301.0690656097831,311.2587649842931,1649.6417918418445,35.2126695337949,162.42541365673736,2.659139671254293,50.776120168657805,4.9995361764269335,0,None
297.0169280979871,307.9995260984442,1545.2604803070212,44.32024450773586,15.449437252360376,3.8883441111140415,62.57029168537055,5.00443475138357,0,None
297.1284325754432,307.4044379339436,1691.9311169126283,55.59822407214826,107.69599354985988,2.616292177398803,66.54786527343244,3.593242857415172,0,None
301.00620182962336,308.01776450702204,1204.5980423578424,65.09631961223883,63.17278596886957,5.372935278237561,67.33776549276706,3.3950877689896437,1,HDF
297.81558578255783,309.35243623198295,1347.908913782254,32.72240242823127,42.741906915430796,4.6910753708340724,67.65175684447244,3.8536217900781757,0,None
298.05883748786204,308.17949494777884,1262.6828940708313,47.96566134932829,31.31831799862518,3.579510330023716,57.981242128926915,4.87306371489761,0,None
297.82678682893595,308.5851664318301,1426.9372123862386,20.284167635959356,25.469417981463103,0.5585524780104849,67.58828519821196,4.664555724836615,0,None
299.8969596166664,310.9336886152879,1507.4817096080737,68.91103005095958,125.16512571085218,2.5951943791435714,68.1811464920184,4.552134478571533,0,None
296.62533585250134,307.75202282092056,1643.784774367108,25.99367572510444,1.6732997488336925,3.0118975308303915,64.46952368714359,3.9922372326872817,0,None
297.5097895102768,306.9410995869419,1619.9597738853304,49.77434432263756,39.18392301969501,2.3788466665331534,63.831183150179804,4.811943665627787,0,None
297.25548382621156,308.343193862579,1375.2697078539925,43.8851036890165,94.08430513078706,0.6199857329213789,64.7436984003652,4.289042129847226,0,None
297.5455382884657,306.9319715837043,1573.8898938403154,34.843027374005274,107.37723234977841,2.3461343895197184,56.0049175454983,4.621016032303101,0,None
299.07793645226553,310.3346321672129,1541.081905044596,37.409271987130246,86.4675727577269,1.6504529229054339,61.36566409109375,3.9634322866634366,0,None
296.15574474201213,304.8458647152309,1855.3410270887885,58.31006127208532,123.64435165784914,9.870551263651913,96.2580198933644,2.5098833141090062,1,RNF
297.136576619191,307.64342148385043,1504.3733492696522,35.09294806768473,27.141381097425405,3.614282556913146,64.71751855562725,4.567859202346477,0,None
298.253377009341,309.6621352860961,1428.5995271071145,42.675911158367185,129.82733489196727,0.9636203936011206,71.57912656873685,5.760391686447253,0,None
298.4309291805567,308.9202854722538,1486.6407224657214,44.50929893953921,146.97515059492747,2.198901843564212,54.55189265579599,5.7600539544110845,0,None
297.42464651541695,309.98224276941295,1478.923175494796,47.763784090176706,119.20599181234232,1.2788613771225414,61.2678282160138,4.327634512689324,0,None
294.1299810972217,304.65748134444283,1531.4810671995901,45.55124611155961,22.688820085947512,1.4652111087806023,63.37854277716694,3.2834734257466955,0,None
300.9449732358231,312.1188110974342,1625.85717625256,30.695028515473737,15.44100692498603,3.3162846768538436,59.17939020092622,4.406326363376061,0,None
298.6753732866542,309.51804692718275,1597.279729188639,42.76056108077682,36.352764385311175,2.123090661342371,64.42823075763947,4.951870468478703,0,None
299.1270776034677,309.7615254482411,1492.0991888421865,45.4603128062294,51.990514307767135,3.1113944579719592,68.05199645917519,4.255557882653608,0,None
301.0556272882455,312.3511851886526,1742.5721804941772,36.29219814196417,83.90309002897602,2.239656582691485,58.50524563711366,5.121790860267395,0,None
299.57083792442575,311.662713932079,2498.1833113601797,77.14782914679111,57.84787659995212,8.138371772148867,88.19447877648204,2.962522298644825,1,PWF
300.9131997833148,311.1226944658611,1399.858663772406,30.93913602967563,91.3925690242047,2.1521544152414442,65.54607810902287,4.608368227099821,0,None
298.088261632587,309.2447044348973,1493.076623748306,30.0987302987094,142.4897824127874,4.140097541588144,62.91747832291844,3.8983315782070287,0,None
294.993547888177,306.05606192195296,1496.6686159701878,48.569039606614275,167.92184750248248,4.783813114319883,61.722593329390165,4.250146575756981,0,None
298.02291791363916,308.69808904632396,1608.484969089291,60.33084361040372,126.16717933464265,1.1193703281063199,71.13163427521407,5.047718141339515,0,None
297.5708594942045,307.2926478807965,1487.484740707901,35.758572100018085,37.8559945783201,0.6782748684499199,55.86990105263733,5.24120682547036,0,None
297.5602912467052,309.260510933906,1278.6619178474482,35.58707657182779,95.07633806493817,2.0293907333420496,69.80731809545978,5.056418371774728,0,None
298.496974568625,309.3591796502863,1596.9926536758364,47.32450636659522,57.04963574373047,2.814885038423686,62.11053319893232,4.619364164178038,0,None
296.11587413029446,307.59291008684255,1614.8086098835297,32.125036520082595,166.80695445940492,1.0918642234923006,57.297059207754984,4.186729442794691,0,None
298.44124690987775,308.7056823038073,1635.5274294883523,37.525887696742586,22.36602248916226,0.43823773258107235,61.02629072819795,4.216085619290623,0,None
297.1682996617349,308.14469237984633,1410.0492045712774,49.52862225650189,5.377256438837419,0.094512312153082,62.19944683400054,5.5402303857192345,0,None
296.74031072176405,305.7285912880871,1837.0283830262285,33.82480720669141,119.5337321551736,6.129948670904879,63.35527824299369,5.51915291287984,0,None
296.629515792223,306.2976705674015,1709.4944373559076,51.79066200919745,39.44393150544521,1.876254938287871,57.21977928794744,4.1093828522723985,0,None
299.711068965337,310.22267616474716,1634.7110467015964,41.24319571549661,29.125613415929987,2.359822939246261,55.427023854980206,4.773280742702213,0,None
297.28623740090046,307.51011989599004,1520.7162515456903,32.87905112971984,103.28766623500623,1.393551466215824,64.0198450425874,3.7659087544565115,0,None
296.4119149281528,307.76306771820146,1791.7872121993364,39.94698484914059,15.997896095040595,1.3333745515895847,59.7162294711603,4.505005991909254,0,None
299.2424986434112,310.21241200325596,1337.4902515043038,32.87773084955357,148.62025963743815,0.9526355853359331,60.67200495016945,4.672651648676702,0,None
301.9831547838779,313.7912078994999,1470.8133967706322,38.290220836146105,28.965953730859184,2.131688191264358,57.9408074841522,4.405672715245923,0,None
292.66487811952254,303.9425236921143,1678.4052310898844,50.25465415979396,58.441866575643225,1.1740077600849914,59.26417907209571,3.431708557497908,0,None
299.3876863677943,308.2885752423053,1602.4174425320946,53.83286157177686,76.34674859077347,1.3804188112360976,62.81575009524601,4.486230401036344,0,None
298.0750920570304,308.64470524134435,1488.712165200714,21.435845691793485,94.75774479729024,0.5737971823536017,63.34819204741825,4.762415872357174,0,None
296.6852189710857,307.0139648129034,1769.2096302583996,48.001063279687756,110.96541008247067,3.7720189684698346,68.3675258877082,4.5162985233181665,0,None
294.5372603413236,304.5779798010967,1631.7327079919264,39.090108612991045,95.99432361245805,1.3179362183157488,66.4074365855742,3.9914637744860366,0,None
294.72220512912463,305.2491803730455,1570.3364736496742,23.647611082373654,76.28853590594744,0.5251312351963107,61.35640751827542,5.3771946801364185,0,None
296.1135392290116,307.3677700403237,1595.1565316210163,35.14676935937286,146.73447084901923,1.4685442534786795,67.02263455818921,4.8301472238396785,0,None
296.51633416369634,307.66400971247384,1378.8282679489998,33.60927824778285,18.876259227742434,0.7595273814848452,73.66904457963273,4.015665249158367,0,None
300.8601806623334,311.36519918728095,1569.569315891424,39.27478668691213,117.68948962704604,3.2400044403269277,57.24433618633074,5.184057709024856,0,None
297.18386547372654,307.0929074750629,1322.7847610644621,29.722992954564223,38.15288724308925,3.4796221535595553,67.46197525383872,4.544993219863463,0,None
296.687183036452,307.03448526080945,1492.697111433667,41.73287887064305,148.52897370380543,0.2729550197431176,57.20674370420737,4.05923634562391,0,None
295.66845423848605,305.88839904754946,1719.981790648928,39.335865749044416,151.66692833000133,8.178851308535217,89.92832478016435,2.7976518421744103,1,RNF
298.5306443554001,308.70467626956685,1478.9737943273394,44.146724767026654,89.99449883584563,3.15539213295172,58.038804622353354,4.000936992453791,0,None
295.59876955982554,305.56529058626427,1607.9503870574465,26.824153312005635,88.4698016002044,2.195050329769697,67.2040541949527,4.90398513295773,0,None
295.8596215340395,306.74966977170885,1526.9975698049727,39.13989565498987,14.553303298181355,2.4229283215962307,59.99354298697928,4.3461362337017935,0,None
297.8612592565114,307.32881011895444,1576.9257818751605,29.23775316733103,144.06173988161126,1.8785870791841826,65.05950353617736,5.172802842125419,0,None
298.5726103922035,308.4519105336703,1290.8174848508565,33.005614400889655,172.56723985903483,0.6057676441984859,57.38896071776234,5.222314223315245,0,None
295.2452300379717,307.25597958966307,1764.150402863015,28.419623339252908,52.60970864426349,4.001751039477003,61.24471263569202,3.942472142969401,0,None
299.1942211683655,310.5395586687832,1553.1331274691715,52.447456912216765,202.94181067008367,4.713185024470461,81.84295020834476,3.8735733362421225,1,TWF
299.50208570632185,311.33802393144555,1358.6637931066032,37.781662413116614,94.51880181131341,1.4909043051500404,65.34183497261355,5.234672369240265,0,None
299.3573735746193,311.1523752751961,1399.7703958218135,69.76514298317124,169.8957463157449,6.461481287761986,94.21906505856106,2.7810883309970413,1,OSF
298.6259469109875,309.3123812722111,1475.0603798691677,30.67831018774998,131.79011902723263,1.4426439973495668,58.93094845960977,4.270108594117705,0,None
296.2782121245317,306.4858073749435,1642.4657296928133,41.07649945078792,17.412397494907744,0.7667976369888662,58.816519638998535,5.579707185654656,0,None
296.62000328798047,307.3062326823326,1708.270433735536,34.432794790858615,47.0530986347651,0.9815692097863503,59.83735986839946,5.307413604976192,0,None
301.330204154332,311.00463996065645,1755.4876080244871,29.885561438700158,62.076869390817315,1.8787862579383225,58.544300840313284,4.208137170833043,0,None
300.14078617436076,312.0257218797746,1534.2715450726903,55.55830051524535,37.35363314280662,1.0909605949966854,61.192643525031826,5.522629312536105,0,None
295.7239594798028,306.184787455116,1573.5821853198615,29.929420116895677,142.73278518572982,2.1947423072102965,57.529475710852815,4.499688411550064,0,None
297.63399007062685,307.51598895309314,1199.7570353070296,76.67423224309255,165.16594420711425,7.07959274723348,83.29357895686798,2.8137883067967553,1,PWF
299.35196796361845,309.4584024397229,1547.344034164522,61.841463555513734,79.7086765291444,2.254340983359801,52.63019415022245,4.1089379605057905,0,None
297.98105636243486,309.48333046997686,1807.6807656673777,49.35699622063339,15.990002098247585,0.8015827561785279,69.68911192142275,4.680781434278093,0,None
298.51805665488985,310.4638139698001,1452.8821687948405,49.72582850459206,21.458363580051728,2.1023729037910135,53.7285812618633,4.679071338902076,0,None
299.0348237256341,311.23464084804766,1407.1466041123851,53.3311524305552,129.39700470492102,0.7682462989809065,60.012312331349946,3.683214371185592,0,None
298.45330005231637,309.20110993424026,2498.1833113601797,73.68659048220476,57.92589883034171,6.433274270362394,93.26620504341899,3.0111010721655287,1,PWF
305.0349166831785,316.4159750493671,1568.097817200443,37.55252884335679,168.64525404241394,0.44006477169511615,62.881027200447214,4.555022029453662,0,None
297.22317430922357,308.18936437576264,1691.6403297725028,44.45926507912456,65.79319287823694,4.279403533992282,60.502437861992775,4.716345498081238,0,None
297.71482008039413,308.025210504384,1647.7956223869312,41.35167666469248,53.421252781301284,2.657582116166753,59.19436962309286,4.191177320561067,0,None
296.58942259878984,308.20064208916006,1450.0113063940073,36.54507302677387,134.44829086491646,1.2750978145029208,61.84406325336352,4.895784434138921,0,None
298.4325330420123,309.5189764671851,1641.7116271270484,43.12021390483946,58.061064075813256,3.4669220655908437,61.209783103682874,4.652228330786695,0,None
298.466234544561,308.296697981524,1439.594533898854,33.18608985216293,5.484055618427098,0.707823449110324,59.44307491606329,4.717786991437714,0,None
296.77848716219876,305.7547474074264,1514.3043549176948,38.36767248093893,111.41009572788352,1.1900995095240243,61.32688057401267,4.517718325023955,0,None
299.11503641609426,308.4688993843025,1450.7517591244984,42.58757457610996,70.1421777552562,2.274694444280864,59.84496696644792,5.269817333890619,0,None
296.97378088250684,307.58317820042623,1637.253677376602,65.23459346444835,107.94872397328638,2.530260571534301,61.96969634406933,4.221011555290098,0,None
298.1092042219565,309.50669050694086,1467.674012173585,39.123355767544865,27.445897481863522,0.4235030942933937,63.57300944382885,4.920613753365971,0,None
299.3030128796926,309.4669906978572,1443.3613273467913,48.930097555475186,148.91289480081718,0.6196762123262562,65.95130604040605,5.347176946772801,0,None
298.50942788228747,308.0867619597229,1499.693149238491,48.13738862163748,66.8947850648708,0.7552292315199691,71.06776809124621,4.229403258724689,0,None
299.17128264578645,310.8320837962915,1512.6338298979636,35.918360136949644,27.601055489568704,3.6099482178729083,60.17154097413945,4.497917292087188,0,None
299.43682835304753,309.6633708968506,1569.983651758445,39.525130758223305,143.1915252283652,1.003962001454709,63.327782886795596,4.0227019121503655,0,None
297.4978977754863,306.9285174243856,1560.0628827000005,29.504750650378057,63.774691983668944,0.22259376304178377,59.43333808331388,4.374903307663018,0,None
295.9745369324441,306.25469508864194,1712.2644066863966,34.623704554954436,90.55647188940212,2.6852009932392593,69.46482521157813,4.011323633084155,0,None
301.0021008643796,311.8137844836532,1848.9056571838541,37.630028686180125,24.112466118141953,0.6287094285011845,61.86585854480107,4.970624817125898,0,None
300.1675472289717,310.6216309369125,1460.8637765105434,49.87179109573967,136.84899996443556,0.9264257309594437,64.54487596316544,4.706820847205402,0,None
297.5661065736744,308.1668276843904,1530.744264846719,41.082548497777935,131.4036108900357,1.1804223640005433,61.516714168480306,4.724519742917688,0,None
297.70817383419103,309.4061191807347,1665.1925884301309,32.443000315490174,152.48753471563637,1.7310224137037775,60.40239870471726,4.4958419184898055,0,None
297.1006408519523,307.55231786859474,1569.2394959548064,37.82552290001617,43.353828706145265,1.4053014813240483,54.19542799705032,3.940871927675199,0,None
297.9711213466555,308.7964189740336,1759.5926579661575,27.865616115032726,88.52080643990541,4.749504453146302,57.830468291083356,5.295247870487687,0,None
300.09566644504923,310.7811401187571,1473.6896359288332,46.25628775778337,133.21201515395794,1.625622070026006,54.217052911849564,4.979295159347114,0,None
298.6021894920029,308.88415371491345,1240.9880211771272,48.561756373180295,107.9883927510896,5.523979865073314,60.877243700541904,3.9725271782146914,0,None
301.4978377832124,313.5017374227492,1551.1411365179185,37.36916190621919,102.0810836926599,4.0861020123627965,60.264735754059146,4.065793265202373,0,None
299.32999218705993,308.81548274307966,1619.068677003981,50.17022544289627,44.14186333846664,3.7531659621516806,65.31474843893098,4.444233338309823,0,None
299.4622196239766,311.2992976843266,1619.8680520511566,34.617961601900035,162.2146159868569,2.0182731770121127,60.418056875982145,5.567576943997626,0,None
298.018259807722,308.7572980319794,1497.981969844052,47.12481771699959,93.69456729945846,2.5243206510074616,60.97188924204945,4.439895923295852,0,None
298.5018300454325,309.0143882821987,1534.7238030960866,47.9167452717339,152.30732889832112,0.9409410230408712,61.662803211695554,5.144197746609724,0,None
303.747947360588,312.76553257426997,1563.6111914654273,47.87599441726393,32.817408390648154,1.1481207887166351,53.752809117126,4.189306861601798,0,None
299.24971439965253,311.3083885154844,1676.1421597085214,33.900117316603954,73.82521866431196,0.2589727497576519,55.9154540574064,4.328356750424458,0,None
296.8124533233321,307.00229339020524,1594.0049955454372,42.37580574455956,156.7767143526269,0.6076412009953668,59.7206897175658,4.337533632824028,0,None
296.0449595945597,305.59378885893176,1341.826630632081,47.8029001663936,15.762926015705947,0.8060843938099403,59.458039789738606,3.773452697719067,0,None
295.48788375790724,305.68918901790477,1614.251686459832,39.052583062194984,10.260172842257703,1.514842933627757,59.78323234877381,5.015898330742512,0,None
299.62838379933766,311.19082931052725,1649.176009705707,54.7545898432196,149.0713452833326,2.056061899156655,58.56161509581335,4.5870113858121755,0,None
299.142724699282,308.8550974588964,1444.8156044369339,26.396698338155282,170.1639598364962,1.0266532388223866,62.08167844772351,4.12038185281922,0,None
299.6895975988649,310.6598823093751,1480.6832996325054,34.092886126130516,56.568187190201236,2.197290392494566,66.7006885132031,3.8090095506434043,0,None
299.22613568056283,309.4455131160816,1598.8751388265696,39.59152161040203,13.548896083247014,0.2932417142729433,54.71957219410478,3.944639427640851,0,None
301.00199713085976,312.08679763228815,1276.7596225203702,30.31696126571403,124.9310071324198,0.6114908589799282,58.28473663864368,4.767040205291158,0,None
303.51346157353896,310.41883357119025,1362.839906557801,59.55358000512844,179.37160441416512,4.880585950572671,57.47617570898328,2.7874552519348943,1,HDF
298.4581066642337,309.8372933501873,1374.7355320675085,35.972358968307766,112.4715228959087,2.292171374727467,61.11407264676626,5.089551935066991,0,None
298.7092709182311,308.7228660038812,1545.8654289615988,38.89524408765684,121.10537165179483,0.32373597130096127,59.6379153616714,4.6472764401545,0,None
296.70882019791753,306.53167275675037,1463.0105234549917,38.418060055937126,136.45818467384635,2.8097648015466126,57.73348714197413,3.5952463871228035,0,None
298.2044409226551,308.0309836171606,1374.8312550875687,47.47640880559186,158.21429899472895,3.736752185495462,57.90750673990004,3.8447504920337723,0,None
297.85824426535305,307.56337265287783,1743.5376331970638,51.38893111891592,7.754216966707089,0.3564888538617799,63.865004526494836,3.842446932589015,0,None
298.6321240797448,309.1715866123807,1700.0992462900058,44.541252171661824,160.87722671609302,1.087034330018294,63.14028269070151,3.327291532716034,0,None
297.2870129429127,307.2761442827967,1325.8351462994272,38.891868921122104,114.80255142851361,0.6356784194968631,57.90167057784757,4.539679733825143,0,None
299.0944819179509,308.03483254374737,1489.3720646878437,29.018774739958275,136.34166976727428,1.8578659488808817,62.096363290226954,4.424207956117853,0,None
296.6142610460379,306.14241613732696,1519.3930148924783,45.829602210130574,119.99341135839647,2.485447123687843,64.88395836765415,5.432699600846358,0,None
298.8665969711475,309.06063505301205,1718.455738955128,38.18284600934065,136.48526134344672,0.7215439909122172,63.07652690257624,5.964838843130145,0,None
299.9411018384125,310.546866262033,1286.7363864399742,42.89363915126276,147.1287486252098,8.663538819003962,95.37840693854704,2.301972137741846,1,RNF
299.3224569957888,309.7662807065747,1233.1229881208167,36.94094749326408,60.51957866249386,0.958044265897911,60.96394193780372,4.314030529966265,0,None
299.8266874869534,309.14313210844165,1245.0355239523487,35.59895769282097,40.6820820379336,4.68401811860487,66.2634240754123,4.531754687983458,0,None
300.69482351718426,311.85344744972645,1445.959089503869,40.66895042190745,98.03369699099083,3.212247854528762,60.33980334061686,4.210254853122931,0,None
296.01494355945346,306.01389133850705,1615.567031795968,42.12348427156921,47.200475714444295,2.0802524911175353,56.84371487144983,4.133508328370313,0,None
299.266904780919,309.6083482398152,1540.3124271027364,28.782720180036847,40.22717846039451,1.4840792616923895,67.48302077053613,4.554768157482675,0,None
302.817427563854,313.0895580136602,1510.0502947108369,38.86971744322172,86.61315675936633,1.7870915427086675,58.73062279222829,5.16453933699451,0,None
296.5674684183315,307.1466154479546,1498.0171535704742,43.46536151272356,26.193563474828537,0.9339685755089276,64.84264256039633,5.996952533967333,0,None
297.8907877223805,308.4417069715777,1494.7693960252166,52.26867814267095,86.53792958928638,0.9542613269484833,63.9423169372631,4.367915946872044,0,None
298.4652614375324,309.4721902573516,1447.456492352151,36.70428634089039,17.18655558355113,1.5739164379912856,64.67543003338527,3.9770918407082654,0,None
297.3605342816818,307.28966654575606,1502.890900435599,32.12411116226198,100.32990530001636,1.1197469077204416,60.67381769848857,4.490738229848849,0,None
299.17782990121145,309.8252771524739,1295.7653955951523,41.847289067020284,68.046390483295,0.6226304447941265,62.61152463884092,5.393395242719836,0,None
299.0016509377239,309.13537222877795,1553.2338594623857,39.537656746732615,78.06001449127717,2.2468133713461347,60.03198526676654,4.793111337427881,0,None
297.7834620720223,307.2896648451829,1743.675664380531,33.31724852718661,90.44847985388705,2.1422973278162307,63.94834662881687,4.745251864205306,0,None
299.6583593495062,310.9771838648545,1532.843382977847,39.84732561109228,47.40505962961558,1.6720671227096102,67.5335164687539,4.376472335302428,0,None
298.17718958501996,308.36736479393335,2498.1833113601797,68.6168249477582,77.98859041934105,6.771847717179419,86.46353989630992,2.950982171298797,1,PWF
296.7089146138324,307.6679101506359,1362.2992452659655,56.31704784816195,0.0441795358483682,4.87400545082642,58.31583153457708,4.871682615252967,0,None
298.69627417652646,309.2599524664273,1530.6971434566763,45.256262173876586,75.3187081528132,3.4229746711118323,59.62748250227917,5.614732321456167,0,None
297.11597584774296,306.8640015844229,1530.1686931195525,35.06574597346445,0.6870599731214455,0.9264322655716816,62.624633204324326,4.522713393480889,0,None
298.35845828570933,308.88147873697415,1518.726842713922,36.560764686561164,77.71132904399408,3.3707920242030256,60.006540952517604,4.210954531712176,0,None
298.26813115805896,308.3430313127542,1199.7570353070296,70.77820564379991,98.34671823288504,6.4609994602002105,75.76582184975898,2.748091189100635,1,PWF
297.30791992394546,307.068268632443,1744.715644564862,46.05020754156552,40.62250536804354,0.49009567637094426,57.36161614620379,4.296034093727733,0,None
300.59900800077526,310.4104025594138,1690.4341706321904,41.625378046306274,32.61391541284052,3.118211780177548,54.278829579373216,3.8307387389744916,0,None
295.8422790382954,306.02237644736067,1600.343214121525,35.192136702094,36.91672586923184,2.010594323216589,61.04484610246875,5.131363847101277,0,None
297.25197562672787,307.246654407117,1643.6175929747342,26.410274787002997,69.71322509667951,0.3715436843082753,55.24891373742803,4.9102743167001615,0,None
295.43866041733867,306.4709938762921,1638.439627613047,44.81060374102287,60.40255622379652,1.4956636895127948,63.41201167922502,4.868051436648833,0,None
301.99385850194983,313.81882510359566,1738.7237953116974,54.04920739825371,58.59487402218637,0.5970708293098488,62.85573437513979,5.091048519275015,0,None
299.84502296094814,310.3285745150677,1451.2974678308663,50.27255936045564,39.44537008454004,0.6557645292941633,61.85266924953703,5.051616193060775,0,None
298.560853521765,308.9864981564741,1706.1908750238458,36.20282641173596,80.0999590121907,0.6789231964504616,53.46355710275441,3.032254589283653,0,None
296.6158745092502,307.88719921658776,1640.1331217447726,36.0904358525478,128.70501904319872,1.0550154433190997,57.65289966308231,4.88616019088674,0,None
301.4341007321161,312.1726275049085,1495.9432839696672,37.63471280613185,35.33965128959695,1.700520714455847,57.62854732434905,3.9564163671418404,0,None
302.338264630376,309.75501932125337,1268.765555916007,66.64707352655901,176.70911648472583,3.5611591527976816,72.52153465631304,3.520006380100968,1,HDF
296.9252768372557,305.4841631808275,1596.0000007858994,27.206973981796068,106.48594014863295,4.682287811042929,60.51845675079363,4.680880553880859,0,None
297.22644949633786,306.53064457917816,1587.9115811194083,39.370224085920356,81.84017173290717,0.31421748438583536,62.09166074725831,3.922311725253515,0,None
296.21934345076215,307.2292031971806,1475.7572416965004,51.44839784116448,70.17671846026919,2.239408901243529,62.19946445464461,4.64064367212026,0,None
299.5296764233193,309.8171927750904,1499.671208230821,42.77526092549191,18.613723279753984,2.896135338917737,60.68832329257226,4.413561238640356,0,None
296.60575606842986,306.68655417477174,1374.288324035026,53.31887654826739,204.44025197120038,5.969650015496461,90.86245708719474,3.3794170054260904,1,TWF
295.3597534648078,307.1745866721042,1609.5288460971854,44.84601266835343,60.06528061932151,0.9476088334320959,62.70252895034529,4.758766722881253,0,None
297.2159232551442,308.40674584916144,1453.5800010369558,33.59667216171817,97.40603218155137,1.7062443880304365,55.72486989677007,5.066006511710877,0,None
298.15903459174086,308.99404255984285,1663.7049500391836,54.40573091258089,38.29714296638581,5.4501015613369805,58.89879684740892,4.496913512860009,0,None
297.1588519511241,309.9105755067022,1550.9814944517138,48.378789917939336,41.71867738307672,1.4247776276526452,67.51826186037968,3.8314369104493786,0,None
301.03107637558685,312.05886160206614,1347.2445689744522,77.63883062516311,164.29969711688597,7.3322612160604415,88.51729778173917,2.7449420834999314,1,OSF
297.85829750806465,309.4489987188953,1422.6552924735856,51.72690707078777,169.25370964880912,0.29643447240025755,66.03907382085386,5.073013857154621,0,None
298.99593756036455,309.66433459950173,1487.42874271047,33.296559490326196,132.85343420359172,6.327838927328419,61.811889885117665,4.058269152458715,0,None
299.4597042064864,309.8620585007894,1294.4001206048501,38.49514496442597,49.81023458938084,2.598913648167946,58.85243124857426,3.9986450728748,0,None
297.08788244736627,307.7394663043431,1399.3993211108045,52.819455825950314,147.6094362425,0.22910572604298035,58.65351605742681,5.153904664679027,0,None
299.1554552337592,310.987736767858,1308.2685402934794,35.58278724680114,81.74654122129941,2.107626179452532,60.715594155701524,4.070870938768386,0,None
298.9822956481058,309.16550939368585,1330.2485175982986,67.62123990300184,207.96973553485157,6.800647520709233,88.58806457881039,2.52245301762217,1,OSF
297.30209194785533,307.4343665300369,1769.4959123438452,43.30393650891073,151.36949790033404,2.4400287893409245,58.65148715702235,4.75090476247715,0,None
298.093515429637,308.68194368361617,1288.819908432196,33.504359317243086,137.57947375363997,5.803101135826415,62.269334137674484,4.401179505530722,0,None
297.4031648303789,308.6821458150608,1350.819343622219,49.32339150334014,155.7512730714601,3.3166274026524554,68.57236382064036,4.298476213098166,0,None
299.70244550150574,310.50706795859776,1367.8663248295659,43.7482997924918,35.814367688107225,2.168353904453154,67.82643544135517,4.025037678101873,0,None
298.9265241426112,308.92261650072015,1532.8878895932653,31.26700008739384,39.02105808784424,0.5952884761102029,63.51522213935628,3.9377617650232875,0,None
294.6914935994832,307.5400199213454,1566.3302699788483,41.06209519603709,167.3701364008479,2.3616146085160588,66.97168204831979,4.9317791228622525,0,None
301.04650278161625,311.3754532604462,1629.259341304927,60.53900518106749,203.59787110599015,5.215817663352259,88.53955657867942,4.147546611678063,1,TWF
300.15708106612703,311.0593086076432,1635.9406118595355,47.31442481438623,29.684216280525177,0.6148598820215384,62.88917922017,4.670632972736319,0,None
301.05041024979937,311.7813926522072,1436.0518511122561,42.48484194273347,127.93125770745439,3.1193964452352483,57.13171267231946,4.213702381796057,0,None
301.4719359971916,312.905032433727,1416.5992812682207,34.718385201523134,75.22300514861128,1.9052292259841905,58.88851381073845,4.978455785470483,0,None
298.21605394665823,309.01222345861163,1745.4990622996233,48.22582614214043,90.0281249236792,2.981377289068527,68.42676169804979,5.46990124493405,0,None
297.0635271668396,307.4421556199778,1415.320366517258,30.427197629372913,65.26312318226611,3.171424875467089,62.2963711542311,4.485199259445285,0,None
295.16514816131274,306.0158783209101,1653.1703369531992,42.83558500293878,145.10149555215182,1.5446811133270497,58.91659896370142,5.2381943547953,0,None
295.5523326643093,306.2092378315284,1579.2063479776366,28.13481782936742,16.308037545154747,4.1447008917898165,63.533927362453056,5.180522798829962,0,None
296.62924046407727,307.46190993310614,1849.3447806459328,35.62082661705525,155.56664474586202,1.4572801164811762,63.76750186729414,3.4039180379996816,0,None
298.364227421574,309.8676981101799,1392.144380313808,39.1413379226654,75.62926965544753,0.27445459464102384,61.193015149027985,5.439215349330418,0,None
299.26495269146494,308.8916525537377,1718.4216318988465,39.44714592821529,83.99238635607972,2.315919960939257,64.37125798565444,4.481113215282745,0,None
299.20838806958807,309.7720468975418,1410.1677792025694,37.31013836001209,99.97081997745839,1.1010023714880495,64.85044502113442,4.048475811632044,0,None
300.1882908704681,311.2975378561622,1199.7570353070296,63.457877989859156,91.6859214553684,8.461220015732584,75.50320979772485,3.218107431047117,1,PWF
297.8741823319948,307.91491627032497,1500.486317130748,23.77483725628563,55.13652817065995,1.2606270655995861,48.982672076999506,4.341191543312335,0,None
299.74045289991454,308.0703628488662,1368.5857817298863,40.403544250818726,171.58078614422035,1.9015810085103728,64.85134322655865,4.858539514532849,0,None
298.2256437529821,308.5791233761394,1784.2417418105347,29.464815036627762,74.04568457085281,1.8484920847138304,59.344287173958826,4.063705492538234,0,None
298.75987684297434,309.84498104503433,1333.3232438397508,44.984740612423224,102.13213782468368,1.866307607587052,70.10626136423883,4.437654304383991,0,None
299.46874638105976,310.42568990603513,1505.2967833289872,39.96225997686065,5.210083796248097,1.621070607243772,59.38419969564015,3.992841409510394,0,None
296.2769039833981,307.5828591619542,1374.5225205504494,31.475994209685886,63.213978666000095,3.1137230934506794,63.26750856429248,3.7829408012235612,0,None
298.5388412847882,308.51897977639027,1620.1423428617143,42.649275353092165,68.55591533091206,3.4849469598889895,69.94040805835172,3.8537898278188942,0,None
296.68742856537017,306.7075714502365,1483.426656343464,34.4122749523466,17.014273137124334,4.161644807936117,62.658215046628264,4.620874837773581,0,None
300.4498618528778,312.62653665432515,1268.180507913169,53.08020380175232,37.71270227090896,1.2786142193691385,71.67417659361163,3.8042118841013677,0,None
295.2083966235364,304.97533988827763,1600.5293799880476,34.97297512861363,102.78706044914814,0.9690234079062112,62.858871384436405,3.7134877862617683,0,None
297.9668943819049,308.8244797555128,1398.8193771256397,53.05257756770236,18.92617965232096,0.6986774393626343,71.49935578601946,4.327314091160433,0,None
299.15037974542145,309.22722233524166,1682.5952398710551,33.18976117422992,101.69399129723844,4.033848317593957,60.44424346929486,5.656455314880437,0,None
301.03150798202836,311.53725075555474,1617.1423884316819,45.921636383980236,67.97646424670047,0.8729918841259042,59.18565754370309,4.503976026687027,0,None
299.686951562509,310.2185092011016,1389.5474544793992,36.857791468701386,146.73794193163647,1.8987687532342115,55.73648271457086,4.3324658640361555,0,None
298.45252145917584,309.3647569164754,1472.2877907587404,19.02512803071259,99.79342186579491,0.3760245074554977,63.97576397391668,5.628407201262602,0,None
299.19866647778025,311.001999569701,1331.055282199161,38.20668595125993,62.743219589722685,2.5010686570049545,57.731174320472796,4.698694379890731,0,None
296.3170346147648,306.5895268950796,1746.5157310033799,41.840411955069904,59.93269734127005,1.7405572709868116,65.36877664422249,3.325164071095336,0,None
296.967325891353,308.4013337497422,1596.0237447280697,48.41224960547902,169.23469556495425,2.513683276766226,65.51059230761078,4.492182850272081,0,None
298.23680970454234,308.96545233397813,1384.1387232239517,28.625762241059142,68.5303291612722,1.2579870157530675,63.01755367346722,3.845108367160732,0,None
296.67574263593843,306.983997346073,1199.7570353070296,69.10926320377276,116.87026203827168,8.430043314629978,80.11737281151952,2.5209901328954265,1,PWF
297.4947414703741,308.7697573869192,1707.3248376115982,28.867655041416537,137.92520244438444,1.3068410909368477,58.29947164633651,4.357584052374014,0,None
301.80349184548106,311.60394332680914,1343.5017918610872,40.24424472610705,65.06517460052538,0.7977175496911826,62.983995301663505,4.2530096851727395,0,None
300.3444050879625,310.84598656376716,1505.4314341514764,42.691836415245234,129.02219454699826,1.6127660781174122,56.67903899103818,4.347781211622363,0,None
295.2489749177257,303.3428690459707,1537.2114245180376,36.28666517241844,107.34959576621559,1.5184920933783177,65.68897415638193,4.541228514948792,0,None
297.26584815293756,307.43152051632484,1501.8017635123817,41.79041035106329,90.16968871970096,1.9657406681141927,66.66228993679782,3.9212873517951192,0,None
296.39765709074584,305.3441701632423,1557.9098083324411,48.183224239127405,119.20196265782809,3.636294430141082,61.987431173020916,3.98890845928166,0,None
301.22993243333605,312.13193219023947,1479.0805752853153,42.89758238267058,51.891301068450566,0.5775121629103319,62.14780615076038,4.069026906789348,0,None
300.0601110745413,309.64730426673907,1410.6312069722508,30.896797932903382,52.293541091998065,5.332610525903469,59.23919828639582,4.3789715806445635,0,None
301.24923813773654,311.362976065091,1391.7348029183063,45.258615080267035,128.43887957832473,0.3753235754874947,56.44086526082019,4.504938031320011,0,None
300.05461201849687,310.5121265771393,1642.1747107174683,45.38699754839897,99.38084595344591,4.106645471075594,63.8500136359129,4.796162364102607,0,None
298.9339193542126,311.11815729777925,1485.6128130519926,46.06449235361674,111.20952772063544,0.355208228411033,65.09448180707757,4.926316113353576,0,None
298.892026010096,310.1841590012634,1605.8676194580748,43.05664100629545,21.18353583015927,1.1243950744621118,62.3277872208605,3.9451509990755085,0,None
296.81687759118114,307.26561537986214,1628.651543416113,41.749381900071896,163.24210261979493,1.217739758910352,67.59043490422145,4.480784719619205,0,None
295.1971114318587,306.9680129742936,1160.9438602466353,44.0054182643576,106.39794045939409,4.880780426187423,59.64903596619057,4.610558228006697,0,None
298.76535594595657,309.20964918331646,1353.7683242102128,53.84194326490817,98.11494936261933,1.3905179628005329,56.90994430957776,4.9969920452724,0,None
299.023590436717,309.99340036748833,1520.1607789617447,44.27020437235075,102.40704976222236,1.6731392301612904,68.80376073891269,4.830264443554789,0,None
297.2470891752724,306.88813824813815,1547.9114907851779,52.54137637467514,129.69001460418843,0.5438859882834854,62.12185117212157,4.527931567446762,0,None
296.2619075763915,305.52595883866877,1645.446592962557,34.8140611397601,21.646070611791362,3.3798328337537655,63.221002109653824,4.7265386133761975,0,None
300.87783835089,310.50893731154486,1486.7948415194905,44.861937825094856,167.56102262741652,4.516291162578272,59.657655140334676,4.541322269932834,0,None
298.8594573576235,309.3974521322248,1544.1714631169993,35.975053861896704,3.8239910113612803,1.369074955109565,59.273387127690285,4.879323587796914,0,None
295.8456918000564,306.2098099139142,1535.1610064218676,30.818052217880314,122.34929519763985,1.630663291381822,63.69584248212115,4.568238303956003,0,None
301.2540867981625,312.3225260800007,1488.87863415225,53.99999829258036,52.09259638560315,0.45663513992985044,60.013787711644724,3.9603672614470797,0,None
300.23910789220656,310.796931064514,1286.7025199576437,56.08248109862127,104.366470722914,2.5899687348769573,55.75020484296739,4.812764621850229,0,None
299.0148835514143,309.3492958801356,1611.331898950156,36.50475277094438,160.0709118239406,1.7824196039177351,61.65361228120543,4.239117027072131,0,None
298.5806904785647,309.49424769116337,1528.3674941159543,31.75167210200916,96.011718546726,1.9395655265820841,59.83305083962528,4.611035558333971,0,None
297.21900900346725,308.79986731739774,1476.2346121250364,40.787224138156304,99.45339330409645,1.0490547230823954,64.73672868244508,4.499425222830061,0,None
297.72538965690944,307.88627762305157,1698.9868819688068,36.5107164882494,36.485086179988166,5.500580466800962,65.2948428160872,4.7979186470204604,0,None
299.18656844334294,309.61776769931686,1199.7570353070296,77.81106495205937,72.23567424069108,5.615414345297237,78.6578496971473,2.4653191823628595,1,PWF
297.1527538582687,309.52301605457933,1428.358663610186,38.25533307668526,63.31106852677846,0.7822847467993712,63.98146099506829,5.351931308487642,0,None
295.7253550497222,304.38198550096706,1478.8879191428239,42.32937073192258,72.00134154966591,3.3506406423505433,65.17860543077879,4.616256678193034,0,None
297.1963023961653,307.52259753620837,1816.128227071508,44.45095905177737,38.781607941851405,3.9310443376858792,54.08802798557956,4.405577772498315,0,None
296.98894426421555,307.2059956565619,1581.1714854310499,28.20818057672685,165.09145082408142,2.0867680603042924,58.575923989910784,4.524149596967691,0,None
296.5512559424889,307.1340064459354,1584.9396589160433,42.51640291695154,88.2166450683048,0.9809090585310105,62.57910681042273,4.11466877235776,0,None
297.2611342966372,307.3333289599617,1551.1881369236053,37.25811368986987,85.95180550432883,0.6518222284092672,73.37473315571839,5.03470688236586,0,None
295.7695733437024,305.90346674423233,1568.7637961850824,36.5020528979952,42.669174205070846,4.019054359066817,69.65455584741525,4.604827132914353,0,None
299.6680244661771,309.3339623104406,1640.0643909844523,22.67805389580531,63.52525374694825,2.578425015142945,65.078919832088,3.8098591368104735,0,None
302.83880097161654,310.554042698312,1306.4866979233639,70.81095530800465,107.80939941781796,4.191071962466958,68.8507099404931,3.2830929387387306,1,HDF
298.94854800149557,307.8425825128996,1391.7679792453052,51.016108312214456,126.69437791036546,1.2911566041977716,54.635710964276676,4.564552870211143,0,None
294.9342689244384,305.08936846877833,1354.8713591443386,53.00225154658705,126.94346807781528,1.2651579181678931,57.8999351456343,4.270660872647547,0,None
299.41848578500367,311.7520147984586,1580.9036359490256,38.195092551463745,2.4088213336949966,0.8222324834523492,60.38884455759456,4.224211277722084,0,None
295.81520510621596,306.122060654436,1205.2490008602458,25.258806896492388,93.56668210625442,1.4737748268689699,58.59356154115359,4.391801413996063,0,None
296.30290620946107,305.85646126167353,1570.8883126030028,44.025464705073745,61.98861865599829,5.843899252211671,55.87632878148337,5.414331064014703,0,None
296.5496884376091,305.34361193668525,1538.6469810161313,28.230072469386677,117.64418751298736,0.49934014571041896,62.52098410724994,4.8915146462693615,0,None
299.62535901887077,311.0232583938333,1327.2150080533422,38.03583211888199,74.46803784015457,2.0571764432445088,62.98782027273209,4.703009669839898,0,None
296.3670813824877,306.0643302596881,1556.8888665250836,28.414839924124436,157.78773110980413,2.593804069972689,61.85363232540469,3.9159879040841297,0,None
296.77604610333844,307.98096347998916,1438.251620703262,31.311592747537752,132.3846735924854,3.226014977799905,62.90884764177803,3.6366468457772694,0,None
296.38002720691924,308.0421206033082,1451.6815035873935,46.599574192697176,13.851008666202336,1.1213126901114239,63.48870226384387,4.148011003744895,0,None
297.02109323820076,306.9458056770414,1796.7455164434125,38.35777979217008,142.52412423885158,1.703793353554808,60.18322700302118,4.442973809425992,0,None
296.971459295982,309.01021593184197,1362.1493135144879,49.60492505190261,74.71911898342661,3.6659010856366767,63.971374767187456,4.656963223314669,0,None
298.21541564161777,309.5927406634391,1362.7991584058557,46.952625765031,212.5371338912689,5.293063267701208,89.18588923946685,3.187518563272177,1,TWF
298.9658166171261,308.6913800103179,1813.4350077581603,41.36740125880339,129.48796900732142,1.430714622907391,57.45366293936667,4.745014126658801,0,None
296.91539031966454,306.45561010759235,1524.1578107761482,49.896679303846035,65.70394601001219,0.26367157070649483,61.87938745814057,3.927354489895032,0,None
297.65830139119487,308.8476102907932,1429.7956302018206,44.64142651476032,109.41145630501276,1.1883838222406335,62.06334569599144,4.075618062814746,0,None
297.3273600434624,307.6631328278654,1630.5666332559192,20.792471605772167,79.74464163773037,2.215206540245987,54.86291334877258,4.662100697681866,0,None
298.9854545087117,309.57455259018377,1434.8978550192162,45.61339634636093,160.47209450674544,1.7012628647528074,66.64141559439867,4.959070445001064,0,None
301.13302570167536,311.6533339240532,1546.239745524498,58.919067823669764,112.78365454647961,5.918862229591771,57.75038184254571,3.227741408849109,0,None
298.32748324318356,307.8099480422934,1325.7609209698298,46.44261974888217,128.97953351331194,2.312128817979896,60.24539963114006,4.078601196095715,0,None
297.98455097613265,307.73223184294517,1704.714655530287,25.39229910949931,83.12793247384829,2.430326510553597,64.1125647298927,5.271172591433925,0,None
299.6100929008453,309.26558130900645,1470.3755995099264,41.92959702934445,33.52911619477403,2.373382553404719,55.64104261220344,3.363495541553812,0,None
299.7786634973716,310.17573594028994,1624.1026221203829,47.83557167235681,114.32579283290961,2.8558537681339273,55.70434116534249,4.18611214943319,0,None
300.47834725809145,310.80083664105763,1660.3483101596785,46.66997933193893,88.7326189639242,1.0841961840561105,64.57200456967442,4.2149486923682975,0,None
297.0335643335248,307.5960585217136,1769.800007881124,47.96654904491203,135.4466043467093,0.8463633511247297,68.33721083648602,4.328679149041962,0,None
300.9149932624148,309.98648259032666,1524.1509256789648,39.29315422022802,183.99049488458226,8.338035245302367,92.33831457174588,2.670910607981305,1,RNF
294.99514790147657,304.4707834446746,1329.0864638745238,45.51752607130576,61.13223129578446,1.3452878807380133,61.795210969833825,4.3529461145380255,0,None
298.2833413314716,307.47772942345046,1542.2923938703811,24.33690955377849,69.4490073098262,1.116515157527285,66.46782986829021,4.519024753109456,0,None
298.71720211101774,309.57646092937426,1286.3138520609596,58.900953489697415,180.07608914616088,7.910316541990815,90.95446220628716,2.6124702814562095,1,RNF
299.70731696619583,309.8571271082724,1419.153440296644,26.827690013725494,60.20713800757738,0.6695544807119309,53.44657178579954,4.294671648630768,0,None
299.0250341293861,310.60592540137543,1313.5959353936237,34.41340768623597,78.56217412205653,0.9198311801331615,62.63901397356422,4.420332294423032,0,None
296.19396634329814,306.69485429904796,1633.9424926884878,34.39505159632092,11.650090777926142,3.1114508022590472,60.94560351096353,4.719892756569221,0,None
298.8052472097246,310.761682336078,1495.2243210955742,33.846851347381765,19.619888459184327,2.746726056475954,61.699838185404246,4.11358712356394,0,None
299.0032089251016,309.8093317662836,1635.9867123905876,39.53060046692056,2.876310138157254,2.247710413321532,56.46932584126115,4.687901997115214,0,None
297.66577509585863,306.93153252126433,1719.5912956374573,38.47179457395119,98.18352868917316,0.3118595492615625,60.06683093858763,4.8829864540772805,0,None
294.1891948171748,305.91678049861036,1469.3808243383962,42.22193882896538,155.59015208220148,2.458442286667766,61.71274930073167,4.07386690450983,0,None
300.57956519172495,310.9670028088743,1297.4878218535216,36.89597194364309,172.41736328855455,7.88571132804153,88.65520065887661,2.030779151387683,1,RNF
296.2846015686628,307.145371676484,1542.0002096637584,20.174689138075262,73.41262953698424,2.1539340428290936,65.8046702786535,4.165385805151226,0,None
298.06533131647814,307.2038095324635,1669.9221922812362,24.59395509146694,99.46213304765863,1.8754996626412352,66.7890521647276,3.9877871862351117,0,None
299.5643309912654,310.4308654830964,1575.5232215484766,39.22089920539993,6.880910341982821,0.24260748941713411,64.10187233679136,4.529387975460727,0,None
300.1522682693383,311.99988813702106,1598.6671028654844,50.720773898868416,94.41312832875106,1.9907793129927949,62.02198583418587,3.806901787305275,0,None
300.0748748811567,311.12693382222596,1571.535935477704,41.73421647666369,62.471816028607606,0.4050554503368591,63.40500554688646,4.227027393467795,0,None
298.85529794964344,309.84157022063147,1456.423916093844,42.0710980936461,4.753227754389338,1.8115243794017117,63.085321498187405,4.330813908607857,0,None
300.03051320715764,310.6334071674816,1560.6949034651138,54.90940259053765,54.49085895843167,3.5097434880599185,72.711266166029,4.565913087740557,0,None
299.03479117284024,310.7560587225086,1368.1605004335586,55.82944959620251,223.57083680175253,6.220413203294994,79.97474431180325,4.094133820965503,1,TWF
294.4547433440163,305.82575906738964,1544.2666979488881,36.4308499450022,122.25470017723187,5.092436290576652,56.654222621409254,3.9286935924006654,0,None
299.00196950589174,310.39736543994303,1628.510283964459,53.12544081614488,100.43555269292631,1.0538840828488112,70.1223313538661,4.355732945407762,0,None
297.6777431599248,310.0337757375386,1396.744548727418,35.51551195965466,121.20104139445849,5.9321274907058905,59.668349656785296,4.246056462819869,0,None
295.6391519483716,307.4769646716496,1491.9531803838604,42.5329808529108,25.005388483646758,2.4203169580109267,57.64575112919031,3.923089556678201,0,None
300.83781120888693,310.2814164541629,1535.6234020184056,53.43608637520245,101.59922912838783,1.5072867815929292,53.39026467081534,4.5336612847860485,0,None
298.26124522625946,307.1972062100048,1208.9202478091884,24.687689150830508,50.29148516972447,1.6855755272993507,54.38883129730874,5.3447314489993705,0,None
298.3844962818563,307.74671256225133,1600.79691098909,27.722695490070194,47.12479096652414,4.966772247130559,61.7274829221854,4.440382291311236,0,None
298.65404318400573,309.4573656789866,1578.1131415458344,60.16742274321278,142.17894805110396,2.0087385464133884,61.97771926942138,4.997133067891997,0,None
295.3700434110426,306.4480009992194,1554.9091572406128,31.547429707851222,136.13118327080198,2.09533341785082,67.50280470528338,5.156685125588997,0,None
296.1784407543423,306.56522015164876,1726.7920871841766,36.400690801148656,32.68447284725155,4.9021060436180335,63.474240312538555,4.234825590983747,0,None
297.1130828663169,307.4099215011991,1586.309732915353,30.21978983391053,124.82430141689133,2.3075349050496357,65.30451860719575,4.438505771231124,0,None
297.73463485268786,307.94582747408583,1690.0352523446825,34.56371652248421,161.32103924424376,0.3186878897191987,57.2361111314654,4.09243085901502,0,None
298.5579575179422,308.450195023958,1690.30707214706,39.24692522930357,63.359773780185996,1.723117148480706,65.00437943981002,4.63176796662826,0,None
299.63814540871994,309.35409556724744,1561.7716245268984,46.60231429453734,140.50161516957056,3.5819205932835687,66.89957134908742,3.7354971817014286,0,None
295.61668730337993,305.70855865245977,1672.120170805846,39.93249335326869,53.74612160261065,1.8352488387728323,52.907324603570636,5.15289738386762,0,None
301.34859339069055,312.13537747381946,2498.1833113601797,64.92592696375416,187.32935425623705,5.78540845457059,75.30810987176145,2.637826750101639,1,PWF
297.01283487325543,307.3860047193223,1250.9188611242903,40.370117342513694,72.88582216458724,1.2748709636859914,55.84821382249865,4.493252094156577,0,None
300.55570148113856,311.9062583883476,1306.1201769590846,74.20707207693783,222.43083424151607,6.87961772950098,92.44074981840593,2.4782688749766875,1,OSF
299.8055476318212,310.0360315303931,1553.0109913756169,38.05988127162578,121.17795921727071,2.774934533066218,62.903590612903514,4.4731927922563175,0,None
295.1092638879159,305.87254931088404,1532.7840907949287,37.94045889200057,108.7278656051173,2.158560411947149,62.440352691736166,4.317779498447237,0,None
294.74023408926854,305.6189600218385,1345.4307799530263,37.439693551803224,122.58355719577482,2.8990205153812663,56.496802604093475,4.410570948029531,0,None
295.9438197933401,306.3768454254607,1333.569623813247,30.655225241695653,138.51967610831005,4.430223155133894,50.34611512404078,4.719982345869278,0,None
297.65535373865725,308.1073237053064,1557.68375204218,34.89942651717257,65.4033654455068,0.24905945474221622,63.28770597754796,4.1577195450116395,0,None
296.92744759349404,308.57551751287184,1412.643429622833,49.57288239163222,98.95762302129381,0.4467071823700401,60.234823893390654,3.9509434388945874,0,None
297.97673690959965,308.1156374473014,1364.7281429661366,50.63431365003399,171.05071141221768,9.461348370768064,93.20643636814097,2.785443228935258,1,RNF
297.7991809151845,308.8619330216956,1935.3908596953283,35.1231290453069,62.03078355178015,1.8451737609825787,65.02308625333812,4.579180076117088,0,None
299.62717558796953,308.1789257225432,1535.8907617038028,25.885965848732603,5.918787300859862,1.1791270486669272,61.62113424032729,4.4740807180103115,0,None
296.6956415675886,307.6128010868362,1368.2180291796049,58.53633504330577,161.90209321834513,3.5600663313677283,59.54165309349493,4.429320911442025,0,None
297.71580283232566,308.91406231313016,1499.338192518439,35.145279609121566,119.42882353332003,0.3470351094867689,63.35583357192082,5.393934952275748,0,None
296.2501847463333,306.5862834152415,1672.2139311969545,41.25963884396424,159.9363848366032,3.837379238012142,61.882554336644034,4.293208838171624,0,None
296.61098430160587,306.2579963560865,1712.2984066978258,55.4534612113338,100.93819898701635,1.0899421109777478,66.17495550967179,4.956960567152148,0,None
299.46257950996164,309.6426602602567,1647.294386720136,40.54261544430711,32.62294966178232,1.225698192089195,59.4887328785723,5.012508416852514,0,None
295.52460481618755,305.97410640569854,1705.1983941565702,55.589441066578445,88.53709453612983,4.698881735951993,63.61479972167211,4.010172098640543,0,None
297.0834067924923,307.5194800303623,1454.0199056253941,45.195406665876405,81.08203934542132,6.135618496433564,66.15769509808055,4.154355128295465,0,None
300.7158691939779,310.619734977724,1468.91965231904,40.83132636661623,48.74847485370371,2.6821553423937683,61.82732629567552,5.245648818795751,0,None
300.34593573081276,311.4026268020878,1493.315502954552,23.628483531828724,168.03297525173693,2.263533000094318,66.24868486140387,5.174572237123809,0,None
298.88580764748383,309.9133686403747,1737.5899606443875,32.89459235069186,114.88231893021498,0.32559433254888837,73.4792301583727,4.702274394413073,0,None
299.37504160513885,309.4931130401846,1625.2789726674919,47.717760717744774,63.069720895915054,2.5789832859951844,61.502214146530335,4.736601389036381,0,None
295.85767019831843,305.6920211544385,1433.261486915592,34.7445180664731,66.96220213647501,0.8727755499123878,62.62050570010268,4.271078872529067,0,None
298.241543342569,307.8395464634066,1479.5962097616161,38.967213622008416,93.57945019736444,3.1042706917434746,64.9647226015694,4.058166312200566,0,None
296.1386605327837,306.1852964463397,1732.5835750025892,33.07141008107503,75.23945586239579,1.4755768604392827,64.49737188095061,3.8865598077141432,0,None
297.25213104988705,308.5188397057607,1635.8230668690999,50.37601751742626,95.3204163509459,0.9554946494179025,63.6574714939459,4.9925439540414,0,None
299.38090678056,310.3580596906254,1383.1414913489054,36.45233139680773,119.33340413063503,1.8737196491136594,64.03870212704459,4.591365399205473,0,None
296.94532356372025,306.98907230949106,1611.301345309881,36.86759384732953,87.23880664171774,1.9484568411406618,67.08922456652833,3.7270705151070107,0,None
301.68652763570265,312.23322386835696,1387.7151854504864,43.32256296775364,123.4735583131465,2.7427128420575664,56.3905363212804,4.888274273464333,0,None
297.85273078088113,308.87997425601185,1476.7702475152275,31.671934436708284,8.862932127652106,1.5006069927549943,64.85063629749013,5.224679485841737,0,None
298.70929353349,308.098459490425,1826.8191560778391,54.52846490929726,74.38693038280131,3.104527264649405,70.28204534566055,4.6407873580663,0,None
300.7045601918367,310.28363720259443,1687.9414875792586,35.975239129339776,145.52043298498938,0.9780525585365798,60.53014969128085,3.7136586153635744,0,None
295.72358022736285,306.0803055993499,1378.72034333892,34.49637381186915,87.5734117711393,3.91133582692484,60.18771104488825,3.5288825834956343,0,None
298.22341335465086,308.450687052774,1355.0750804491374,43.050196679377116,31.361723673179497,1.9602598322387044,67.07685047574415,4.473935538397071,0,None
301.83814637040956,312.9008887038394,1603.171642259054,36.8660483035758,4.6092728059966035,0.5012242438924436,62.016233091684335,4.946748381611765,0,None
299.27785818143735,309.6158387997855,1675.4912256604796,37.08030777486605,171.18914200174055,1.8534008313091956,62.83148105728815,4.835046544677897,0,None
301.4782324626045,312.9156067943774,1462.284708090031,43.606266656378715,61.07827469492754,0.9615742767024554,66.49074963547683,4.123580975506249,0,None
295.23003021417014,304.6317426529853,1450.9286802287297,41.388481547404794,38.19323458670191,0.799674576697367,60.68483888506944,4.827892830576683,0,None
296.9313004188812,306.96728735275826,1679.2092127741594,39.49863508925315,63.421862317327786,1.2670452536123253,66.31909307933037,5.845897336907246,0,None
298.86582361121293,308.49365688577336,1538.534881932618,35.09569359898131,140.74091308063967,0.8399595137891179,61.8108030441606,5.763089724572432,0,None
298.7617687273846,310.600522235883,1498.6921334272101,33.02024326200738,20.60068483945979,1.6715861795215956,65.28568451327997,4.793120421996266,0,None
297.5344737161586,307.39638807923825,2498.1833113601797,70.25464835137336,86.98640892758665,6.147568829637435,84.51420192773593,2.703393209075971,1,PWF
296.187853315293,307.0305066691932,1840.0209876418874,41.73259293636878,14.385278159338394,1.8274480130584627,64.86370697844038,3.829824324348037,0,None
297.4955875412778,307.6340280437483,1588.009692824988,56.41367071670278,51.55820244485809,0.6601533108435274,63.65998475697582,3.6955241353367727,0,None
298.8375730327271,309.9143705950516,1603.8898362385776,39.01344141951611,93.86510415172201,1.2952369026528732,64.26979638458954,4.299806945009905,0,None
299.3708267891376,309.0743567867978,1199.7570353070296,66.2694344645372,138.73269903370732,7.589516234773702,91.30843320032122,2.542519817549875,1,PWF
298.9395739683804,309.31948040737734,1487.1658875552905,39.39868190353679,47.12055538242108,1.1235218269811216,71.63785874577741,4.100862612348408,0,None
299.7817758402307,309.29842896199034,1450.706782999609,33.93633850602971,50.38056264147243,2.375966871394454,69.08860523046093,3.8896100339121644,0,None
299.1821721480724,309.4320373914865,1568.2798615060249,39.20201244706861,68.96984211472747,2.0983063309573597,64.41521113834466,4.929732207625763,0,None
298.3152446631455,308.8104808957753,1428.5641476609303,46.686709556032085,128.7545787313536,0.916200398943368,68.46041728438401,4.649454338645356,0,None
295.9701346772016,306.796576954671,1597.269091366768,36.46977508093555,96.11351748020115,1.4367490096290625,63.624974112063946,4.181913003382725,0,None
298.6057853619231,309.50597773747234,1393.72291605357,38.51637414373044,85.60649327073135,0.9348527356238955,58.578941524385606,3.6385080051756136,0,None
298.5355320888189,308.17885015387134,1386.2227094852426,31.46835895620641,10.149575182723975,4.3727252782096455,63.245204561125064,4.662460313185128,0,None
298.99405860182577,308.8122788874279,1411.7942942413015,30.32511394850051,117.51836758456004,1.2191781971471605,57.5794160951776,5.190392893348508,0,None
300.2378228992308,311.4804194523063,1663.9358849212344,36.31805727010514,124.40323482711992,1.6707153932319072,62.45004724703812,6.070035558746894,0,None
299.2331532515993,308.9344005692979,1772.986887669746,32.083612806535356,80.4320425603807,0.6318248157335837,58.801465256293405,4.855348416994401,0,None
296.92400738136735,307.5295497547849,1410.4450839299861,59.94217841473352,140.9223545112689,1.792123981831299,66.34104856263824,4.585314372705273,0,None
301.7240970455479,313.37765305018945,1629.8725981221182,43.49076068651771,118.90328376790463,1.3365689858816812,62.80968640315103,4.75650796539231,0,None
298.68349943447924,309.14427596180883,1828.9908188793374,31.592172711367816,152.08324293344296,1.4649602241520254,60.5138771495177,4.626760740176307,0,None
297.50457939621043,308.4079959946411,1664.8628688398385,38.654189440783625,51.006729217033985,4.125472077540543,62.002276557739826,4.654831529982791,0,None
299.22591443029586,310.70754210793496,1583.7951131473585,41.672179963024355,110.25913537618497,0.5603403475552476,55.71427935993685,4.627699554027464,0,None
295.2993878368335,306.1092850213399,1512.5469505052288,34.27599758882618,27.796596691852738,1.0322868029628847,62.251501757929994,4.624328961381041,0,None
298.77753714697553,309.4561618775798,1495.0902593407202,40.77975765212411,125.59615434473315,0.7477745636989112,62.532192046991824,4.7176601901765025,0,None
300.6388264613663,309.4396683952058,1429.669324453486,46.738329856446924,37.080144403742565,0.8946171054852899,66.55896542253305,5.447683827049903,0,None
300.7584819670129,310.96625728044984,1421.9382364201067,33.75305665508765,142.16454050291165,1.4224986983281689,58.48421905735627,4.35771337736051,0,None
298.14696389037954,309.2620356311547,1409.659760371458,40.321859588493965,44.884092114418536,1.7250062761698757,60.6746181346301,5.359162795073285,0,None
297.27400832683594,307.5445729382453,1581.3716368226474,45.40901523418923,135.0835925950156,2.080437202164185,59.22000522748807,4.818515530301864,0,None
296.3829090450861,306.6608981499979,1602.3949069914693,42.5735408603785,122.56739830007635,1.1727325742697992,71.22805402997284,4.553807482442879,0,None
296.5408852732139,308.32694791833353,1396.674167320901,37.210888437409174,117.35601670123545,0.35990932831656913,60.98366830007494,4.622565106765029,0,None
299.3243889898108,307.91694355878224,1784.2035560640356,35.97655291759701,162.90279126004106,0.874376994378598,63.299567848340125,4.442745433765985,0,None
298.0899271661077,308.2977343841158,1530.9927293669166,45.66309579736762,170.65867193751714,1.700297525997037,48.166505028729816,4.677038401890685,0,None
299.16758226434314,308.4683694959764,1485.342776640734,46.10177423976904,171.03105339477094,0.4193948928542945,60.82085353856158,3.947344442744315,0,None
293.5029419571765,304.6849168719229,1554.8656087216302,36.23373877050702,49.342707249962956,0.7064197410759345,60.86909523391779,4.766287750298692,0,None
295.28625654434603,304.8371874026582,1375.1616892650995,35.9567830146546,132.16639295999158,3.051712072025033,71.18834339088394,4.868206897528289,0,None
296.60272002518525,307.13952513457434,1614.3214026894009,46.68884117644675,101.626851574991,4.920430636330989,63.954251722975435,4.261396988907711,0,None
300.55545277395294,309.28077456591205,1284.0231766821253,35.66232052757319,173.85961629859364,0.6850011774425029,66.14850524667034,2.9465369904004066,0,None
297.99285435908877,306.4103446888269,1519.4405070242578,42.12892152230211,96.54392365671191,1.6594250986391443,64.51671951236371,4.906019511898912,0,None
297.00989202847364,307.84731608787433,1477.1826044332722,41.593354540544155,32.67150205574711,0.3581015508664254,56.532897598473134,4.791875071831505,0,None
298.5467970553406,309.4576886267255,1595.9257121643059,35.78140976133558,139.2039176810778,4.968599732370607,66.57511338282721,4.958594720567673,0,None
297.79918745542966,308.10502845716945,1534.8787944172416,42.52933014551908,13.815718846408851,1.987037561970478,65.18557752947065,5.076567439339591,0,None
296.8536422362271,306.6751897578027,1353.4250182564715,40.3549634756655,106.47138633940894,2.105726178631395,62.36892412431735,4.674492516647003,0,None
300.1152348405823,310.437058279961,1535.5874081340655,29.183586110996615,21.120481873092075,2.534180532069655,66.18444693131077,3.955849183910389,0,None
298.02880072305805,308.1441336914485,1504.012662766171,35.67858217951722,122.47002093942365,1.8152768572733133,57.871736066315236,4.5618561258080055,0,None
296.7350922760024,307.73356215431363,1737.9754546849495,41.671075012849705,28.194233407520798,1.9603295060965966,60.46720437209491,5.102853736441668,0,None
299.6661219152398,310.76990855369405,1326.4199608714482,47.66856622653322,165.6605555439341,1.4597210503758127,62.59450279898656,4.990911886441696,0,None
298.38774150559533,309.48266292602744,1399.4288513862962,56.03438753190151,28.74839903289504,2.5281016500921183,53.432501606666065,4.233481856726019,0,None
297.707602226388,306.4017553379444,1308.2601010721546,58.61466006076455,175.8836738101349,7.641233525832461,97.27591065869761,2.428851609416837,1,RNF
302.0690328939926,309.1361127648063,1210.415607523615,56.406326533471805,60.36095526728657,5.314208884743068,62.29108508149467,2.9173248032623698,1,HDF
297.03517150009554,309.1894965706264,1612.5506530623577,40.113252396677076,3.6343801743184607,3.234014477957246,60.062571008460615,4.49735063528987,0,None
299.9882166065064,310.66760440213466,1595.3838368668119,33.988088432325604,100.33164979302906,1.7873128861226002,57.07398375775631,4.345713221640121,0,None
298.21570403437187,308.6264969726575,1364.5091582679534,39.00765752282136,56.80801740450854,1.328749151640501,59.86006286570575,4.087359875192446,0,None
294.8580960785251,304.0923175451279,1847.082937040374,35.17525194563231,134.0265477142914,2.090358590807876,64.9656288192166,4.77782944592852,0,None
297.8298999433415,308.5511805557504,1536.049496948788,42.665747146901175,79.46332525465981,0.4681064448320868,64.43275041782879,4.495489059713313,0,None
295.54174499574503,306.2111843560982,1199.7570353070296,62.52502906597818,187.53580026580292,6.0569391387089055,90.00075075081321,2.449813960404041,1,PWF
298.15072608326443,307.5404312428998,1738.664985591417,45.59958706113363,52.919740970071096,3.7398630972089713,67.77799250036807,4.473071579407741,0,None
297.59800989052866,308.86127797225396,1270.4205695533972,38.18675758246149,140.3703782535075,0.70178013745794,65.31056971681663,5.431195984101893,0,None
298.4641918335611,309.36863811613307,1677.0963642001748,27.812956055537434,49.73952386156993,1.1599411084584497,67.15271237719567,4.210345929450918,0,None
302.51954025183966,313.25733567054374,1686.6186971983248,24.19857361252656,125.49590996815115,4.127105466362649,60.03233952551126,3.957636881354225,0,None
302.67162776420037,309.9639549948098,1356.2480793328418,67.68058211084197,173.4973639869755,4.1300472814736295,76.28099552825738,2.900178948752712,1,HDF
296.44849492217435,307.1872563733595,1259.7563765533234,27.423181908403386,48.13843739913652,3.5182983211506644,61.851393141303866,4.600030916533128,0,None
300.0325371497476,311.02764618816616,1433.6457775146425,30.946603833998175,157.27369517558878,1.3369833902250479,62.93356106119285,3.8987184319861865,0,None
295.5578533375965,306.80818576760504,1557.384595864246,40.13996531131795,65.56429103932068,1.3923447997986045,63.76453061999384,4.354354106681939,0,None
301.0902665861862,312.1278222724378,1529.7999235622524,34.55004230621638,55.64580865315876,4.6262585644446395,64.35446971369754,3.6011800963816225,0,None
296.51262562779016,306.6070187003741,1567.2937129377062,49.48657158567058,81.93218180503425,1.2975215012239039,68.36107865491216,3.60397086260856,0,None
296.3919502625153,307.16193592229644,1563.7964355648978,40.84097759585966,57.623252613930084,0.9136724303164803,68.1445605252455,5.257038897380838,0,None
299.7763042144092,311.3606584552936,1593.3995864548078,39.63758955635531,166.41943262916988,1.688529266702067,67.41292562552023,3.9383373062916918,0,None
294.5880166447305,305.03325945059737,1564.5844969726118,41.441090183093685,57.30836767505904,4.687832548881418,59.4968526613555,4.246681078714557,0,None
297.6870966606776,305.92067242856336,1480.3854802286828,33.33866674138226,109.53078771929482,1.8721816594836478,55.650196898718065,4.170480489361643,0,None
300.4126992320666,311.7866931889871,1261.8720118664994,72.60921581382762,225.22580413664446,8.230266908827712,89.36000100004063,3.0726301227630852,1,OSF
301.6792426237244,313.2194130401509,1519.7983685827417,52.97082610362683,197.1646054578578,8.883799639051853,96.88946897224066,2.2991192792049575,1,RNF
297.22230879666955,306.2573928939989,1647.6644317619186,47.820247196701416,49.970014127168355,3.28923771462674,56.55177890190146,5.03249429601593,0,None
295.9144604969821,306.6649662089926,1597.9062760600352,36.86182697338055,60.99566403059108,2.137832125685458,61.064919781225136,4.674146586339769,0,None
300.2601421215684,309.7602858498969,1648.3631883699472,29.385980168528313,71.85571175105967,1.431337158599447,58.0553720520438,4.23661609715796,0,None
294.71613610674973,305.0847425187241,1664.8576811432738,40.146159806045326,116.7704380469111,5.197357294588819,64.37246517806801,4.731779160414782,0,None
295.46603798240704,305.7155250615922,1515.5151499943697,56.570368864516595,95.90376748630749,9.938088160567881,92.27410409368207,2.4804452385001787,1,RNF
294.5605581391232,306.3535981733007,1397.5381311901274,39.91892198842498,142.82197538944192,2.8633752257644516,63.011822249173846,5.857948726522718,0,None
295.69638015432184,306.1714173631706,1221.553055631132,35.59622351187191,100.42598544346379,1.000706059108618,64.47748826561913,4.542691155217495,0,None
297.8668689556458,309.1327128137207,1359.4699902386428,45.18781573125307,28.513876819583064,1.4928307576134023,59.41605963310197,4.440600496263916,0,None
301.2294973112389,307.78823193941776,1239.6504358712639,59.52769796463082,168.79355932975204,5.589605912878856,74.87381567808035,3.179749579143346,1,HDF
298.03237283903695,307.70197975504556,1461.4475216626604,55.059152366456416,13.068900742924185,0.9709421324005848,69.33588560079222,4.919479435577181,0,None
301.1140863800256,311.4559900057888,1621.0473745296788,37.64205000975387,174.5977698164917,1.5249385537364684,64.5005172628588,4.5891427126468045,0,None
300.8042426937729,311.4237334795898,1351.384451538611,39.23391683875816,72.91906657550165,4.058154900118298,70.92779204426652,4.278217609691711,0,None
296.7071794416136,306.26624077236977,1541.7037555196068,36.57390309156869,167.6999849252829,0.7682764486998958,62.82220919657308,5.672293410027184,0,None
300.30242398835355,312.25754281411383,1663.3482448880407,48.02433138805827,86.49128712133225,1.7480861406112278,65.02220096850546,3.9319703056146746,0,None
301.81070643794556,314.22140403224194,1229.400204766846,36.775915857964165,150.6391057255298,0.29221495949368415,58.686154952938566,5.105110515758578,0,None
295.39445545683236,304.69215896988646,1332.4644498205923,49.260691617720525,66.75170217607626,0.9034434056355427,57.61180362933737,3.8779949923319434,0,None
301.245253756248,311.5346075107457,1638.2552256760682,44.35641101061039,146.89558518153848,1.0738279641313861,57.38935988084532,5.090245184290339,0,None
301.7220868022614,312.73738581654146,1574.8451556786558,44.6267515983884,35.331809823255725,1.138779265964419,55.855883386896366,4.646018988500039,0,None
300.20526198637003,310.2576249581385,1558.960036860794,41.00479181050121,137.84902790512328,1.790066743106912,60.306240478528245,4.023606822383261,0,None
298.2875619871134,309.0470341551253,1426.928921915453,35.43106775781072,129.38383428180015,1.1150465141665282,56.799164268795536,5.702877136831074,0,None
298.9206275513073,308.26989861787166,1717.61994524072,34.056367828721804,0.17482364671496664,1.407808212330853,70.22590212120006,4.554050631562583,0,None
297.44242120763823,307.98711235951384,1570.4805481522033,47.22485144229948,58.37992664739852,0.8066198848370301,64.60823307562069,4.40566573280985,0,None
297.2640723278431,307.37717861619876,1520.633060517707,57.35109441198806,170.72591102622283,0.3524137442693972,57.02837183518869,4.846753098719537,0,None
299.08799090357127,310.40626408081187,1408.614605196248,22.89482815410941,28.107454632110656,2.3190419210065345,62.55819090611256,4.409795072405639,0,None
296.88140875077465,307.7891601357544,1499.0138913718563,42.67668287802797,132.15450365168235,1.1330506465058918,64.02869444430387,4.622488450822517,0,None
299.7117822993294,310.58050214375703,1392.1350682300797,70.44663795620616,196.9404560958617,9.205659721572353,86.16787484067771,2.214596722635448,1,OSF
297.02448164955507,307.34279684333035,1597.8406466333672,33.18783416397446,129.82670051515365,4.833487756459706,62.01110448157417,5.0830850524160756,0,None
297.78847071628905,307.81116746939966,1632.7550446758057,48.10953321425903,148.83865576618416,0.9391564588524406,54.20108773179865,4.173637443436191,0,None
297.5281128258388,306.22856686247815,1686.7363462976816,43.77651578140799,65.21831671177164,2.4903744770130705,61.694043990628245,4.10732200439684,0,None
297.73451830512266,309.2773246506705,1832.7531981825468,27.385799970615928,91.49481727941253,3.955246186750274,58.10110293552941,4.377659709265681,0,None
299.2300331978235,309.5347834297053,2498.1833113601797,73.93994046598029,178.6984686428729,5.625902102674655,75.27972723746299,2.616848138570108,1,PWF
300.2669919869039,311.3740515198348,1720.3807071504743,56.80002870899581,14.904254174347361,4.316706636506113,57.605849245400165,4.8718110408868815,0,None
296.34040055936265,306.71291077364594,1792.8524764971746,44.87138168654778,54.616085283739366,0.21180403440043205,64.26238053799032,4.893386060416779,0,None
298.6544909711074,309.37289954510294,1554.2503667190258,24.42456705889829,149.92218904732454,1.414834661323537,65.04046041988981,4.007197708236099,0,None
297.86632274047986,307.7572385246327,1629.8651772002092,49.391194141032564,136.66016912704205,1.6826062292483395,58.680255240388654,4.018554320187896,0,None
299.87380943410744,310.57989012002594,1591.6969288709865,44.49580659972317,41.015027620666004,0.8450279922610288,57.91679064985508,5.448464522484645,0,None
296.99347163873597,307.1727169128339,1657.5946349536225,40.56848494767157,117.36056673147942,9.969604163525265,88.83781054400686,2.6084721170244958,1,RNF
297.5434177234678,308.15085492126605,1705.464605958245,31.140676953535557,139.2523501197217,1.2443192866641415,68.11796674921155,5.2156563064506845,0,None
299.48277298993713,310.36724239667933,1459.5718612417213,44.651686006017755,91.97912321996536,4.151395381153844,66.20648049759792,4.072529219123736,0,None
302.2380166225147,311.4453071925863,1594.1220721867269,28.829769418254685,116.79990105122315,2.1410576825900396,59.11546155407678,4.784520979209064,0,None
297.77513615553687,306.7460826422069,1464.6830059649262,46.220262867087904,13.405508962686778,0.5239576448782164,67.82892542722222,4.8834714706011,0,None
300.2607450343,310.74745676043926,1501.3667967625406,35.33860735731332,116.9918992280699,0.8332530480306493,58.03638951111703,4.630493465160159,0,None
297.2948205878143,306.0522515320291,1703.0176436749377,35.748513595439036,8.320831554203611,1.5499871336524498,65.57711327769161,4.797369435296554,0,None
298.88538260541327,308.150888023059,1419.5208434660558,32.97331916057543,38.05556013068162,4.493597254570372,60.35519313673653,5.2604998245696875,0,None
299.9690819318348,311.2445773737613,1437.4780630368077,43.23005538969068,15.427062744152348,1.2347678467463588,67.53959922810752,3.9828590930890027,0,None
297.43470139512146,308.71359919466374,1335.8501640653749,31.039176553092084,23.028963484014277,0.47889733270461754,56.99791062974732,4.912249194675943,0,None
297.7999293625089,307.96288762140085,2498.1833113601797,65.36864941445991,112.54832735269878,6.931710574928046,83.42329958028306,3.052183212362981,1,PWF
297.736053225619,307.39500529630754,1514.8679595178528,34.008682337445464,164.678468972016,2.848044846947197,66.883511481055,5.1298089945844465,0,None
297.55329314820204,308.6124288962667,1462.261767678156,42.69057486169857,61.80535588669846,2.7003332430466553,65.14670661258225,5.02729703214391,0,None
300.7833070463299,310.51038166763357,1602.180323952216,36.608168438319645,14.94459612363919,0.9344500252433805,64.31389504263882,4.903527567399526,0,None
299.10405855143335,308.9012795103597,1438.5194482679926,44.39216335216397,160.81358004433702,1.6786832418535353,63.903204943303415,4.739284282913107,0,None
297.4724261580659,307.6335472926834,1677.955959603007,48.46140791924539,64.95877266349177,1.3300749391357363,58.666649214999296,4.641176851634055,0,None
296.57655802101647,309.11576578799065,1634.4572968932068,48.07018550218561,34.752021189564594,0.7582670335922045,62.52906697316427,3.553096873832247,0,None
303.9319953668599,311.33572409066556,1338.9378599928014,56.031213843070525,64.92129281411766,3.543063318419815,60.46073033401449,3.044195783676415,1,HDF
294.89830355197233,306.3438164263403,1361.9832070750804,38.94010544483348,112.6372402537771,3.6624382799591837,60.344278428768654,4.834705448722038,0,None
299.32670125527073,310.3836356529982,1578.8573518890944,62.57528273975874,167.7469513911674,2.1236388168544487,62.611360322988,5.39434483312489,0,None
297.26790448033097,308.39477621216986,1449.9543321162157,33.01164085270456,40.97952008441243,2.275090584805036,72.16744460794378,5.508306211730488,0,None
299.81954937542696,309.92876851133866,1652.7804583928644,48.38742553809848,173.62650116525842,3.1485350795744136,65.83532052635303,4.464865482911665,0,None
300.89207355594056,311.1207757325245,1561.1970346874689,34.61689851609734,10.893853239754497,4.729785499991426,50.93469971123435,4.815485475014572,0,None
298.0180779584578,308.4265000610187,1409.156854714214,39.45579485514577,174.06448901766925,1.0319856228739273,66.25217148223742,3.947424383681981,0,None
300.60237358823116,311.50303886103455,1653.4038133908564,55.76132251106573,10.746152049696295,1.9075769607256996,60.17961606403486,4.227192454425422,0,None
301.42812097090166,310.8159434307789,1473.237295509863,41.04162282064169,66.06209909906644,5.992968118558748,63.15381472919466,4.643037917814555,0,None
296.6728289019278,307.2311281803402,1464.5693573592605,41.249062634758175,157.8769830142595,1.8200640513949755,65.39465789918188,3.9907273527890332,0,None
296.8837254575091,307.08071758822666,1376.4988569791606,36.806318509459324,86.54020496770573,1.2256788993636345,55.158065665351465,4.2190510848972185,0,None
299.34690095921036,309.5948354168832,1656.0808649083358,43.66697193262868,64.39735871409889,3.6110222974067954,64.18655002784169,4.499747895063132,0,None
294.6631590424869,304.81732289920103,1401.8983301261055,41.88348387002378,17.166514092171752,0.13866917842459192,60.737229074445494,4.0706170837084485,0,None
299.1838129767065,309.7845222011679,1423.790130681907,28.58720147733108,169.93009796789244,1.4512453159801086,63.411725843113985,3.947011410642476,0,None
297.1000157969237,308.32818842385547,1713.995765065756,39.2345541200383,126.71337381332056,2.5298592405152966,68.03369726870656,4.225621940040507,0,None
295.3440064953997,306.452411391067,1605.9947767870988,33.35960958338733,122.61766034807796,1.201857826862227,65.03404306626557,5.029840966902259,0,None
295.5706582757536,305.78578463685835,1432.6946996572296,49.18500159653091,67.11514153930337,0.6443016866114785,62.403589699794836,4.66440682652113,0,None
300.76389945000204,310.21124679686005,1659.4431428978469,32.93569054508195,22.95739318613976,1.5593181458799101,64.41066419558413,4.9943879642607545,0,None
295.87817203061616,306.57683214462884,1793.068312793896,42.54086799021728,128.43717663568512,1.334642356953538,70.75953764229348,4.83552302329784,0,None
298.1835857866811,307.8071702756046,1397.4923913331977,27.948595161419362,168.9643942993883,2.328382079281229,62.40958308562233,4.448603750131319,0,None
296.9958752056263,306.6913941050747,1685.6081047110745,42.964639244761926,88.7255233368301,5.2577078974778315,56.903160899105366,5.008669270985738,0,None
298.03407666271227,310.3262631748614,1269.5743410446134,64.71014326985672,197.08948664167173,8.22226739108646,95.61548986585282,2.7938105673038134,1,OSF
299.18684318465444,310.333402264389,1437.8011672667549,57.82692627911147,224.3592371738924,5.01916106335765,81.65095421413461,3.9928510400872153,1,TWF
299.37554265250543,309.43717901276165,1293.701125483427,56.07928673852655,227.65739369511982,6.663137508903235,85.90884856976491,5.234078329266464,1,TWF
298.15356105109237,308.5830880558691,1400.4295723037021,54.459816258327145,111.35296756833473,2.328208849251239,67.65707738717438,4.284280510508221,0,None
299.0143843884426,309.7268779829806,1313.7814940646435,46.94273121561776,86.95354354518922,0.5766553482522425,59.156609278333974,4.850027451777077,0,None
299.3770132708503,310.6631597850662,1601.0326681601662,45.17210469123478,152.10700119658932,3.1011541770311726,63.040743510926944,4.735438714183078,0,None
296.7842787037122,308.77916127904257,1398.992701746223,42.91011792873362,150.08306245944877,1.4307663953588432,63.854047171594374,4.098580883138666,0,None
297.4712297669873,308.9737360268019,1716.9398314734945,43.70260466506121,148.04334172179227,2.1937835882171783,61.34956900798223,4.068212532496914,0,None
296.3594429423674,306.07101126179066,1381.2160396611093,49.28891150435906,96.23618734094104,1.0943364898047439,61.92239170260052,5.1824961841751005,0,None
299.7842211076655,310.6276937659069,1422.3309820290633,35.71453799867486,82.05627246403718,1.1535150908972625,61.05632425271534,3.763120996090512,0,None
300.85893004340465,312.4240012929954,1413.0335975389114,45.33482812402232,13.344023760594355,0.48583384453068684,64.90294899290375,4.490360720385666,0,None
296.5500417616876,306.61389276590654,1488.6095495574543,45.3577577130069,84.27316936103556,0.9477434601525335,58.78487597126323,5.226898026036125,0,None
297.009713138594,308.55906789801213,1579.7382394223832,49.33768032334274,25.24397997040352,1.9295530816340183,60.285498973693755,4.310048543837222,0,None
298.4546084976104,308.8626881287622,1266.5665210348495,48.37598213720219,207.607860569135,6.078370835336331,89.88588863333084,4.595604578974673,1,TWF
303.1927810811092,311.36152765593437,1275.034808431729,56.98019356320301,76.95866873258436,3.6140299103090907,71.87103044930788,3.70101194141626,1,HDF
300.77531310662147,312.3170587907892,1377.7652792510225,65.98835624831327,192.65845860019243,6.560183111973975,84.05375956293655,2.5836127088354828,1,OSF
297.4012817266258,307.47116512040196,1508.1120629226912,46.924690037025016,123.48803886352734,1.74883245831145,65.03053898742176,4.262680765328297,0,None
301.9757284235208,313.4831150153503,1340.645864292335,23.397016663945482,52.09128853762999,1.7182187810102247,59.631921465348334,3.923689418992809,0,None
298.05227502419143,307.31569119483885,1701.9567293451785,42.612198236623684,172.99181678203627,1.3304993723188632,63.43042205521902,4.490819091452177,0,None
296.99797387788607,307.0149032398915,1588.6356481008668,40.68031523264877,110.26642365469702,3.9299807046508493,61.45331241260157,4.040232907756102,0,None
300.2908853374859,309.4400811870311,1398.0170094622245,42.15136744913116,83.29579451545557,0.49778514071592384,56.20537783760565,4.287797338534567,0,None
296.9882265882182,308.5464221617263,1479.4778339866643,33.63091328744381,124.04999481074807,0.43713005052256704,62.660505557280445,4.506802036660427,0,None
296.295447143652,307.02501182709335,1735.8919130099623,40.553105644793106,13.964483147905046,0.7711105805614037,57.919674665133634,4.831854246767138,0,None
298.51978903627435,309.300721410376,1688.0921410558685,41.733979205565255,160.173646309746,2.918977498533371,63.17115453630643,4.528090758390371,0,None
298.7005917895165,309.2787280909152,1402.4746018812514,33.668298106320314,45.32188105059418,0.9128603351652743,61.27337232341749,3.5754799072579475,0,None
304.32719291594447,311.35500544190296,1198.345686149373,71.3815843789688,100.27497814150263,4.307254974466677,74.04601274038191,2.635091365853737,1,HDF
300.6987762873319,310.4257792315293,1491.6854264453134,34.418704891109535,143.0769703736338,2.3033924942797617,58.95769744983671,4.465646216647719,0,None
298.64687347208877,310.5156965194414,1518.6003011460084,36.94450667689061,39.223131440513775,0.9936467885503301,57.02927770630082,4.412537168855172,0,None
298.4273592591053,308.2131292467118,1699.233353668048,53.98592685617294,11.064259368860888,0.41247617828664596,63.666721871022645,4.415214742459469,0,None
298.03068475489874,308.2972778490919,1496.3099295126174,51.01368771112583,83.29703460059574,0.9068610866097964,57.9551382255157,4.013947146975015,0,None
298.58130616532947,309.3599795567264,1569.4011631231624,43.17173031374128,60.36836483286563,0.40638923633610097,59.80251149295179,5.00393417709576,0,None
295.83828759029734,306.6539515786847,1627.762788894063,46.15178370390951,165.86587821343193,2.438884360671563,59.23890836274074,4.6561804363125265,0,None
298.0322575356353,308.58032633132746,1486.0309462722698,41.41895066910609,125.95824727838311,1.3246785055974866,65.95352943952992,4.850978166879905,0,None
299.2211298782255,308.96281570441033,1601.1977491623472,39.75397222346408,32.02034209760215,0.6506349195147222,62.613402142229496,3.6270602943542,0,None
297.76345165462624,308.87644603465867,1358.265453483798,43.447286498586095,173.31723109718834,0.516664544908423,60.918086894073404,4.581687067405744,0,None
298.0856492456301,307.4369216265353,1430.470450849721,40.490739818573644,126.40533102644194,1.1499008234293597,59.849477746924414,3.8432483033651215,0,None
297.0673399929106,308.280994072696,1535.514068104732,41.01047733182862,169.1677166734263,1.052452782156736,59.78297672612596,4.546098458293865,0,None
300.3746720197784,309.7300070584787,1782.7658736191668,49.005287780172296,83.40293131093607,0.08205278573285203,59.42311353918491,4.370311746696479,0,None
298.6602502781784,309.4263362864378,1898.4704143097956,24.618051160560817,92.30218297261123,3.758126017307864,61.135616438706286,4.824449399482718,0,None
298.63301649871624,309.08989261951166,1406.866526366774,46.77524050275792,69.09939302064372,5.1333002713164495,59.48891371028703,4.965543260163422,0,None
298.77914088748076,308.3319164409027,1430.4372092432613,39.92056687620431,83.85463579420232,0.7229222250542242,64.08812842631306,4.48267890537439,0,None
297.6977612317307,308.38992590688764,1463.9211398312877,28.464456554063815,11.151582170525698,1.559957992992437,64.1759114327105,4.357906311576414,0,None
297.99961566021614,309.34272890205284,1659.1007152244906,37.77166434121576,88.73334033334368,2.05294550518798,60.04903772566073,4.305978691075203,0,None
299.3348926279972,310.0050844486833,1427.1611576516818,28.45496189717452,156.547650503542,2.7565055695022846,60.96590371676244,3.6470298751407,0,None
302.4427077589033,312.0996393626118,1483.8307110837452,39.521282195353734,65.4498892294793,0.4292666598322765,56.766790145643036,4.1046664998401905,0,None
297.62002580737806,309.0402397240967,1674.5305050051566,29.065199287812508,38.68652638326292,1.3107453800753956,63.80744195303201,4.146699166639416,0,None
301.71096719868643,312.18065273331297,1658.9418343465263,49.65878466270971,125.17437298225597,1.8482607560005102,65.15950219770112,4.668749506634515,0,None
298.2896759110628,308.25499975518534,1690.2101460310284,32.85234233377493,162.87319880868296,2.9318441950896683,60.295379866621765,4.991239213386007,0,None
300.51281080284167,310.8995870929714,1642.9184958275728,25.978785893701215,88.30931951304709,1.634984023178183,59.33542636141391,4.543266220540077,0,None
294.7768618479715,305.80448702364276,1486.405552661855,49.34081971253952,87.51090715328642,4.053391372425766,59.097971042728034,3.8878498928777607,0,None
297.40780002038633,309.5414608525013,1680.3130633384096,48.95872967791273,142.17979132054467,4.325578046019858,61.255413456092086,3.8666063101130614,0,None
297.5947848616398,307.00877082976626,1388.7996348265015,38.20109853486568,83.7264466571534,3.4525133280401406,64.08799608072434,4.44814354050388,0,None
297.02780967072175,307.967556219754,1422.7666894444546,37.07952955438536,25.86222335870561,1.7932566739847027,62.05627256904633,5.40623614486018,0,None
299.714310768558,310.64505873433114,1396.4693279967594,38.82602774693181,2.2963719732858627,0.3166549202519394,64.39194685026932,5.010580277268196,0,None
296.17795474115746,307.5260265330844,1753.9664188880743,33.37143632149161,81.86084637255608,0.6739475097093027,62.68106405380882,4.541970607016854,0,None
296.92266377037066,306.61590478433277,1530.0828412917474,43.618681511754986,6.213089525760662,1.6696754918849577,63.4719317992667,4.816110219351801,0,None
297.6517351287985,307.89966574384323,1359.9600410876908,36.157957202749486,143.05333883871683,1.2282304559930954,59.26823231824365,4.511253674675503,0,None
300.1268904513899,310.0139937869014,1457.5044776886905,29.307326730614996,65.08214835061472,0.12345143720133094,55.7414872845503,4.1653946399444575,0,None
297.9068561407924,308.9581877064519,1261.4075222250426,49.29030279905562,20.980027394200746,1.1387237152102518,59.68256964035732,4.594988220637413,0,None
299.9010481724774,310.56172424696996,1663.5355925705971,39.85968373607066,117.3703588161407,0.9725528999957948,68.11818481467644,4.979963935047823,0,None
299.2234156706939,308.83415147108303,1771.0802148525986,31.861952820386364,174.8511741862653,2.8766160509218044,63.91491556713213,4.241716208655632,0,None
300.55377849071556,311.0897718641343,1394.2279336007382,66.2283419899377,212.78753868571275,9.258752602184314,87.7795282113209,2.427466383965945,1,OSF
297.4069607389169,308.33432702881663,1571.5377610821065,37.511479440898825,58.09709404507547,1.5938221129615748,54.26919264846944,3.763945146836347,0,None
296.38654677196,306.17167076098474,1755.9566095923765,41.565826734068054,100.8540434805849,4.527713706003188,59.451064332644535,4.504459935923631,0,None
297.22175946533775,308.4717414593433,1659.4688568276206,30.569140047291576,162.89648052298435,2.2867440431533237,59.731303024008746,5.220616692706272,0,None
298.9318611278202,309.4795583489999,1463.9257263827992,64.52632289006377,217.31123328709558,5.4179637892195025,78.65743024651516,3.5468705070171604,1,TWF
297.5415198381318,307.3915979589819,1608.8819992793658,32.542170492289706,25.488014304637105,2.0406638429071977,62.62976326095732,3.007368558878615,0,None
295.90271763335454,307.26840748374906,1392.2546177970557,45.3763677951857,23.290161855239543,1.9441405854620855,63.34039702616326,5.4665782470035404,0,None
298.1264387505126,309.0479570894452,1615.9084209672667,50.08250849883264,109.78399432443096,1.4197040173313193,50.86949347849317,5.258651989127859,0,None
294.73446494054826,304.7505395294057,1615.1530456914866,32.60456177218691,135.4030539641137,0.43724421198750957,56.15917254590569,4.015464920903932,0,None
299.57942450787544,309.21917459343604,1441.4805440935993,38.97955649594686,60.37199799677871,2.723900214357064,70.07448141826261,4.387734181115971,0,None
301.33583574832915,313.3211536975787,1431.844104342087,52.389008531708924,128.1643825257802,3.0210637437405135,63.8040914657986,4.295695893057992,0,None
302.78302960552475,312.43894346514037,1398.2297781979676,36.94638358546876,106.88673731364077,3.0495485488837986,64.06701616153542,4.6904754446060375,0,None
295.7380054518235,304.7392524086598,1687.0447373186898,40.59895853652944,57.80734563914701,3.1200167481787586,66.65476230034803,4.552852169358221,0,None
298.10943865949275,307.0268584599929,1801.9504275231359,47.727405194407886,147.43262250383765,3.931107970787712,64.37781860565642,4.2067352787952155,0,None
296.7140070808446,306.9570798498801,1471.1837820670335,33.46796962019042,42.05350616528934,1.9416387882907817,61.04737884693097,4.147315197527437,0,None
297.01282666391154,307.0704899940177,1531.8869241532195,34.34609731571551,145.2614401342614,2.250190422580631,64.80060109193992,4.063990564996962,0,None
297.76547764605306,306.7076036667404,1410.8708139313314,42.80692400725362,64.58020736695462,1.9715729738288916,62.38023467415495,4.226172698856376,0,None
299.0536475202475,308.90323602243944,1501.2354901923675,44.35760973151895,170.2242453732426,2.526296001545252,68.5811429737738,3.5725042425942206,0,None
298.1281130011093,308.10534268452943,1521.6444125847324,44.889281974175745,157.1977863942722,2.162345652332422,60.35026357361195,3.8875186217348605,0,None
299.00897710216486,309.6343320847621,1640.124414617928,30.70272042408451,28.510318333925877,5.2789830079688365,61.24482402044856,5.16687565771853,0,None
296.8100512007404,308.89840266455906,1302.5910812645238,63.16038357465387,185.74432928562928,6.35048254165039,92.37590230196736,2.137352988219213,1,OSF
295.0216968932181,306.50587463373876,1531.9821424849056,48.274057080118986,98.31742905920402,3.3322859883077864,56.286679571169856,4.120937832147982,0,None
294.9526424481713,304.5972388531672,1559.4398445403233,32.417125480953096,126.25716912751025,2.116470048878608,58.78675104511724,4.105455662244056,0,None
298.65589942267815,309.6777443439663,1563.3293053436573,32.96125345841298,159.18241445450963,1.0536092598669529,59.80227303700066,4.142156479285728,0,None
297.1505556520679,309.8263695225527,1539.326428153541,49.514428871737756,239.01205942756093,6.262298576653176,79.47550630457702,4.32898364560079,1,TWF
300.85319057502915,311.74811445314367,1408.8486671056864,28.368142062224855,113.6081248113863,0.5960245446204604,63.34378760185216,4.934110794266402,0,None
295.6751726788466,307.09199473885735,1638.4889007515035,33.06332883765429,71.90786032300291,1.9571391895833101,64.57357255309212,5.037585366141992,0,None
299.0247352421827,311.02315609342196,1471.8857166012378,72.2053100681108,186.70703124167292,7.426598355637075,92.01642709781325,2.8170355046794118,1,OSF
298.17848440347046,306.99899939193523,1627.2121642578632,37.91623804103787,43.38197023140324,0.6466747632476867,68.21605370695043,4.325543946685196,0,None
297.9504099692684,308.0876786825613,1675.3739303482744,34.13415440776203,31.787566397600315,0.6671144007083769,61.647582003667246,4.795171955938564,0,None
298.4877137098213,308.28932253630984,1662.038361983834,45.34712385197746,24.31553878998097,4.427708739502074,64.36810226433875,4.707856661848974,0,None
292.97262328286587,302.2631165472153,1557.0582249785436,23.383728209128787,117.56022711339023,2.731937947254333,64.8077809304447,4.086292392957092,0,None
301.51422736877714,312.07674181915286,1566.292047325953,35.09364258957218,77.0547707565835,0.6916127775853168,55.49563588860699,3.930137465419576,0,None
298.78435613181074,309.29876962944627,1511.4218323578198,39.46037060179584,25.792071829535995,1.1833057567567944,56.55198022602154,4.658118625510601,0,None
297.6160003570013,307.23810570182445,1335.5298740814117,35.38208679868012,93.80986200724028,3.016333849994447,64.47272256697684,4.556759326801258,0,None
297.6936026591243,310.4883251036577,1362.2748627582062,28.431596834887532,68.30059264688342,1.6257196721725056,58.65076380556669,4.405981242580199,0,None
297.86634769626977,308.87106467798475,1329.2450278876283,52.79434586968898,229.31569361314632,7.19606168183222,91.58650889600028,3.918553598827474,1,TWF
298.12340340538026,309.027874798849,1692.5351216307297,48.91057995439469,31.09828070944246,1.80685959317522,62.52144534148977,4.031004764070723,0,None
302.0336387252375,309.2175287947162,1245.2897466391785,70.06163707204944,100.93231964662061,4.281152106372943,68.81466832209753,3.7472612571522763,1,HDF
299.5605137980849,309.4117986491247,1470.0768329960702,44.41811281308614,51.61207342292971,3.5589280921073514,61.811027669471294,3.284074030020041,0,None
297.75958329660136,307.99824469859414,1825.20948956057,34.33792820834198,64.02754805107074,2.5655554335400237,64.05829387026294,4.991325123556191,0,None
299.58170705113145,308.96507568937744,1652.0982726563807,20.17652033391746,138.44000126740522,0.7616494128548859,60.59472589641565,5.222417756213356,0,None
298.15634327116703,308.8445810368271,1214.0410770772648,74.01025333711905,213.0156004437879,7.538436711266796,89.92064058756614,2.390955598851334,1,OSF
297.43934988965003,308.4612141601914,1548.3867359515014,39.38073059132338,90.50229483556765,6.179102846329392,65.01816556477372,4.603832785156196,0,None
298.6917519973874,309.48108084638505,1534.2127913267161,30.36553012685291,125.20391863859668,1.8158167999470902,63.88017041827678,4.308098390069265,0,None
295.6961331756202,305.933888007719,1296.480465807481,34.799904358215855,174.5161375278277,0.6754971331510026,64.82242653724167,4.623299790954632,0,None
298.93266432713716,310.7122410792282,1427.9173520712652,54.30039240287031,85.1567576456419,1.3485898165045365,66.25471547920165,4.420595437815496,0,None
300.20473206280224,309.4803629350075,1735.360771507886,27.772061130838978,70.74125727190889,3.2837849458840322,57.58514547923188,4.903687071908156,0,None
298.9879722215856,309.89296501303033,1603.0217887525307,51.01564125394106,145.50431599293717,1.0767413112280455,55.864813975716814,4.768853325256209,0,None
300.5725853812933,309.9735175213744,1679.7504718360422,34.741023933226096,2.832317063080958,7.073293954433794,60.263227880465244,4.067744487420891,0,None
296.7261335182235,306.4300147327408,1567.3107695591643,34.85151301120694,37.40120174385305,0.5630479790715818,59.05197990595518,4.859204238213493,0,None
297.6606551473865,308.0912942384679,1821.8976012508178,37.39494161668847,70.11462531028054,0.2448769435762043,60.50257924980947,4.736616537446182,0,None
303.46778137163363,311.023417816507,1287.9687387279052,58.70960163732878,135.80362574710608,4.005115311989752,57.959000946169965,3.4459556955839825,1,HDF
298.6051455280823,309.51324501708234,1512.7711921189314,48.74190749957701,119.45117399076449,1.3913148673065472,62.1934320189156,5.601926048556102,0,None
297.08066408671505,308.85312974480934,1512.9201319986312,54.44986717627464,99.30186897128276,0.47726816000161315,74.02348643071987,4.039557184790835,0,None
296.3230768511279,307.12961140293504,1577.6337298977016,29.779915760760463,137.0662508036434,0.9381513834838892,62.3988235824578,4.088670246905636,0,None
298.81860162068955,309.48622900489977,1366.8930398770713,49.28267124687005,62.85521384787754,2.61575312382497,57.00136119310005,4.115789123128378,0,None
299.1131855483139,309.0399267575746,1628.3714099760496,51.551528131730564,164.00817105327454,0.6698842786002243,55.902622531789504,4.244838268650346,0,None
301.6033770547478,308.533793821413,1365.9392565346175,70.55729088121336,143.10602841705574,4.697203380456401,69.7857938697058,2.893668796526867,1,HDF
292.2657187878757,302.47667033830186,1229.2310873567408,25.589091489892304,105.30877736933213,2.5997073603297696,66.1290191470386,4.471714930663413,0,None
299.42923984399175,309.7387514949421,1637.0504642322185,38.10903962397654,152.80287529199464,2.0213958095470748,66.79697046184563,4.421076721894341,0,None
296.46638540832515,307.08243640509266,1446.4163124805552,43.2295069600422,6.013530112950688,2.7963631904921615,58.44319782772312,4.45015545218582,0,None
303.4083699655557,312.1417453445731,1512.1312424736182,34.33200913792655,170.7093486783582,0.4290571863875831,53.594192985540914,4.80381027427931,0,None
299.13163006383417,311.3744798030275,1615.0944906386608,47.635286783432186,169.8896761227176,0.2192124634376442,63.41233999145092,4.542938927084927,0,None
298.4620873805711,308.0392934397833,1407.49128856162,51.626418889494076,109.5265691826894,4.908023731869767,64.10314372168313,4.663487042476172,0,None
296.88249385629337,309.26175448565397,1487.42999438942,51.24890557001014,102.20676511965881,2.258534456764601,61.950063265522175,4.166906357864807,0,None
297.56813542754753,308.7216050366923,1516.0241173245092,30.713454503388895,16.958976068616938,3.034773941180514,56.39378946594241,4.406795824055472,0,None
299.65230825028897,310.768908417984,1418.3725437597927,14.982598915703793,30.067831202723465,1.9774047871256282,67.22684880883642,4.647159624517683,0,None
300.40303687698395,311.47610894141627,1474.5165842597985,36.80790041643371,154.84519665049254,0.8143615218231676,64.49644605091548,4.190106376476963,0,None
297.1231871604788,307.6633693198113,1673.7985559559413,42.993799970720104,53.50779405224729,3.552716241262053,67.46585873328644,3.9108456948923944,0,None
297.4476063054744,307.324332113973,1446.5733266296927,45.63113292080834,19.326014979025384,1.780507416963089,66.12133876241337,4.092484367927913,0,None
296.16906255366837,307.49616739760773,1354.689060082095,36.49521248265805,115.2124911324268,2.6348641322954505,62.4825950677822,4.471385886986897,0,None
300.7381677840588,311.2481672415846,1486.6931234593474,36.82083607936089,2.9458309755982572,2.930096937666746,65.96485696813846,4.81106759326578,0,None
300.2937713330552,311.4652506244405,1511.3901982696093,46.81958161781115,99.46320692626055,0.6105288369720754,64.67099812478052,4.885451194481273,0,None
296.897996798356,307.4679758013006,1400.382905884422,42.95711078107231,173.5923648905516,5.353945547168444,55.76898773133902,4.159934992555107,0,None
298.3070469424654,309.3938851932701,1281.243805789022,32.9280146525047,131.03533131881636,2.204003107036511,58.922142571492756,4.8330032070529665,0,None
298.2108909900495,308.94191929696336,1498.509583044859,66.11049981915937,206.3707621126766,5.1248409282732394,89.50355018290662,4.301965124950556,1,TWF
298.3393454134644,309.14439310327623,1688.3391801672756,36.05907894425228,51.16079923765151,2.4769346643592454,62.57638649694484,4.604815041959143,0,None
301.22473484569747,310.47430740044047,1392.161426330242,27.644102461344758,140.93759227831075,3.714502790327437,63.17094047281457,4.990791166298627,0,None
301.99500311218225,309.011234969194,1220.2846200973918,67.92994168459484,171.43867736799842,4.85798351952584,70.71364835611793,3.752069276206824,1,HDF
296.60428979046014,305.251374700085,1638.35466395074,35.838418405903596,167.0860716744127,1.2179458034194786,59.280141910638356,4.524004244241502,0,None
296.50905661483796,307.6816442005416,1593.540664196955,32.90926799885734,4.599835159081237,1.5268350471902978,62.008904681034366,4.024182839842574,0,None
295.71235016904006,306.39763614837454,1285.9162638726032,46.37130599344934,58.0959666282158,2.1302175156107066,61.6577420198291,4.836372597143434,0,None
297.5456702293428,307.0418024673514,1277.5840431176841,63.37556064646891,172.36872062125454,6.164159282342858,95.50625056258049,3.1835172460999046,1,OSF
294.6301893571779,305.7840343201686,1504.782733974221,25.0852768156903,21.413845034054248,1.5031882877738596,58.38511738058402,4.648459903455067,0,None
301.49499846390506,312.4373103827628,1199.7570353070296,77.79521847896022,141.51908650345842,5.373387679414083,94.27745211291523,3.409683800920833,1,PWF
298.239464933334,307.4263608408523,1341.21719700207,53.925657661102285,84.74557515315723,2.8598937894111285,62.60185220144603,4.4484486681863675,0,None
301.813693131065,308.4228555994042,1273.0133266866362,59.80174654058966,165.5259609258292,3.991667027869214,68.84749791878023,2.5546885849379435,1,HDF
299.09492461913294,311.9160796711216,1549.4942627990176,53.42664931998581,199.642090535786,9.792703838746935,96.4981874542152,2.343677285894981,1,RNF
296.0426534639049,306.1169186134032,1534.1939510801194,57.65978575220579,95.57528233109102,1.2303058783590222,62.96837700576903,4.274031653367537,0,None
299.9258661170327,310.57499905282793,1438.5976452109267,24.30728087338258,158.28115774665753,1.3282179769734959,64.12913407437168,4.757155959125789,0,None
298.9250960663927,309.4999148635436,1406.5743351289211,35.4631088682763,22.671904108086732,0.2361806992066273,71.31090025260966,4.694557477172258,0,None
299.3739534838199,308.5226070534461,1871.438010963797,36.60878488882432,113.91950008380722,1.5633300651394562,54.033296645237634,3.4842113378444406,0,None
298.1783264035583,308.70623676122983,1509.7598009797641,38.49815833482093,18.52882875791539,0.6172654928106369,57.8244335040842,3.6705155210536766,0,None
298.3793432309462,309.45865247839777,1438.711872861228,39.36182860846024,80.10613929188487,1.786952410895267,58.15656402572258,4.293486417138671,0,None
301.76605000284803,309.64006535888655,1328.7061870327952,60.36778175836339,91.21124562093179,5.656850109144602,66.84125280081204,3.685503664695788,1,HDF
297.34283841902237,307.1195837872336,1165.5606020584203,32.91173934884866,164.11365018768677,1.9990716197341591,49.34571077030933,4.54959234692978,0,None
298.4075577886303,308.5777811926107,1436.065908139697,37.35128332038536,130.83780720443528,1.5110439476967474,58.42411876524376,4.830944801758521,0,None
298.2473734508954,308.98154583660886,1581.8720027629547,54.75804699584832,89.20147347413418,5.42923225060605,61.597522293377516,4.094281458617314,0,None
299.48138251247525,310.9810776367126,1475.422612930237,36.948037336859315,132.21233702193777,1.822405859762696,66.54434072335569,4.689277795909482,0,None
301.25887952896505,310.9267205602007,1523.057055658661,47.1252111337843,99.46348279832891,0.6720750247887527,55.39484018375485,4.368851349029296,0,None
296.8248678195612,307.17612823480215,1515.6576651559578,35.29259286647917,126.25648006271106,1.5478721272923242,58.97632703933801,4.075504576040894,0,None
297.3125750594179,307.4372703760496,1605.4766145402439,38.645336676896626,75.36787500942964,2.307946483592002,67.58308774314504,4.463932061911876,0,None
295.94578043643264,306.3799774766955,1565.8947622278922,55.62114903545234,138.33616234345786,1.9933671140444682,52.53856007816144,4.110975683731384,0,None
297.92696795213124,308.38205452070196,2498.1833113601797,77.27776468830555,79.20737551438967,7.6027520193788405,87.82458551728821,2.636209198931302,1,PWF
300.2372948928166,310.8548431315259,1601.649559142908,36.02814503478043,3.207079495409762,1.8126542577760931,66.0406591369978,4.594709432759068,0,None
295.64628679173296,306.84722593708744,1700.5082022226254,43.917667730527185,156.53144138014085,0.9471246771873734,62.103248396060565,4.391588628953093,0,None
299.3534974054221,310.0219780768602,1696.935383306013,29.40084991255452,130.62331445403427,0.9366221676535812,66.30810854800299,5.000145535260149,0,None
298.27937245715776,309.3225174892052,1570.5744582561845,26.897721905744877,49.86944857602953,1.0596036876824086,58.005390532179284,5.001172110139888,0,None
299.4652767641848,310.5176701392176,1482.6758698313395,66.66655568587336,103.21918527548942,8.31421845054286,87.94772174243523,2.7457217952633286,1,RNF
296.9783470524354,307.9359520750758,1126.4051482261157,32.02179956038174,26.00922283223337,1.2469254667694831,69.28882587072941,4.732805172014201,0,None
296.41428852537877,305.99961733251166,1500.1294826678447,46.177355166282325,36.07884781046124,1.34804226726175,59.73160926891421,4.298026503240431,0,None
298.4198618016799,308.22906691770794,1694.9394594002245,37.494441380113166,84.76442648496514,3.64842466442111,54.68126806472964,4.7869437647845805,0,None
298.388032806535,308.2849431155823,1551.8811641705545,39.14344201953276,93.71245019891538,1.8567489576461949,59.56957832185974,4.661855075900226,0,None
297.6944442839685,309.38568513852846,1255.098636865941,71.85442578649632,169.57446427447834,9.378103134338858,86.3716678794868,2.7810426529194245,1,OSF
299.4875573489966,310.1572320314559,1420.449392815592,38.62854757191524,28.500201036619853,3.2642977285794967,55.852964377233825,4.716307824779778,0,None
297.50364491027005,307.3899909459498,1519.651080876056,42.20019593211942,135.7819894181073,2.387594501793451,57.58651285931759,4.376725272534864,0,None
296.9387844417108,307.20835334257316,1739.447882490814,43.4952789717792,136.26806635647728,1.5209300350915445,58.08504958614622,3.669138026183088,0,None
295.3651340612828,305.2915211419804,1612.8965294991735,45.76229913951649,112.23919336442789,0.9407526686424812,66.67367802056708,4.237944952186513,0,None
298.9677201092037,310.1577548968958,1422.9781642134371,38.32329222676754,112.40720609138972,3.1268540769567,60.96664071798877,4.361742318403687,0,None
299.93848993177295,310.60255020316066,1753.4324053562264,51.23584316309105,87.14827235708451,1.9448779633056938,59.545319588659204,4.459373848749955,0,None
301.00767624104503,310.6563002355912,1415.5596422750054,28.087745039569,57.71987014935388,1.8072100205841897,63.425058469054925,4.370081389999464,0,None
296.0341554983318,306.0447477867281,1591.3248745819326,43.304038842572496,128.12096507186027,3.3811630103983634,65.96028973613853,3.471501930324827,0,None
298.25357265661705,309.263657306402,1580.9960381021356,36.78036480660186,109.79764447230167,2.478065063074848,62.91742637372576,4.251121468491199,0,None
299.3828816519504,308.8553720230924,1529.3265375751164,46.30649943110136,162.0732467853159,1.9193118502001258,67.09109554485904,3.643826580033105,0,None
296.575469573027,307.2540862417632,1563.7646875158925,44.5181044739641,9.517719050275158,2.993239467391279,57.07541823589528,4.098631315896573,0,None
299.7592427035591,308.8440024605676,1633.3891661819696,44.56493163866526,16.32770621251938,0.6815755315552458,62.9999648360659,3.7360826357701056,0,None
300.7508072163518,311.609595579709,1396.398724703555,33.428793158162186,71.37601859949082,3.7687413552723985,62.436041533375246,4.45617779493229,0,None
297.8489967037742,308.9060549934385,1451.201539645576,29.782954861173334,104.54480595775176,0.31991344652103526,63.14906099485307,4.903587341156298,0,None
297.9636242842362,308.255377051219,1639.3905847406131,50.70117009393281,136.14757077608877,5.476531586219713,62.09883469497466,4.10968118878137,0,None
299.4358294839294,310.64549330508646,1713.1565452578172,45.38458679232181,108.983208659533,1.848811671064815,63.32806948789381,3.9558759482319465,0,None
300.7556411905092,312.30522818136836,1476.455201738562,47.43698446248256,116.16676841879949,1.495469347586082,67.73374376266983,4.642761579159822,0,None
299.4510425015392,309.328566672873,1517.3525806368064,36.504024790638034,107.21571825159984,3.085572720230439,58.9668805372853,5.083769436812791,0,None
297.9410923129678,309.36082992807076,1586.8057876374905,39.946667854262756,4.851931833323608,2.7264486047218996,68.47641018943743,4.188499342053488,0,None
298.51526163029365,308.96096452493407,1559.0198262192807,53.52622783326315,20.271065209739707,1.549672838841664,59.972527607353676,4.4909281348230445,0,None
298.29157440984545,309.2206071374592,1485.7318234271456,29.029303998203574,125.15382854422658,1.5096248411563957,57.83102495244898,4.456615095333244,0,None
299.8564700948205,310.81280703350916,1582.985493215255,34.602974440279326,0.8867450370208974,4.790619470585484,58.3090472601755,4.854850518167975,0,None
298.8441828258027,308.8080906654393,1651.7165356414666,46.691179272611464,13.791172157946296,3.1078927092517064,70.0324224050637,3.3842006358012915,0,None
299.1179173621368,310.276143586804,1269.0398056400672,39.209849002636204,55.74854217204818,4.572303275405766,60.48388871959542,4.953469659849895,0,None
296.6141050457735,307.6265393938333,1662.1014347957678,23.21406777927068,162.83414342647671,0.863351160182788,65.66248541920791,4.353778035991501,0,None
296.63154148706224,306.4892819319016,1674.7504040120143,33.275171947479805,95.7135991784369,0.48157855465095484,63.459276311701466,4.917250780792659,0,None
299.1437431135313,309.55887060525816,1497.7788269092453,37.9131507189513,38.61304031881748,1.5782978329038762,60.45940711766034,5.099238268049699,0,None
292.8867403192514,303.30092850660265,1534.4102951277291,43.88434575444559,18.780765582952636,3.9884649521422313,64.01005521411452,4.700768663954637,0,None
299.10121401692123,309.16977000535064,1496.940001603788,26.44000813811526,57.800227186119294,4.253608164929715,65.47341190734055,5.304141579298542,0,None
297.40066678444003,307.55774316290683,1581.3197371072383,41.727410739402764,28.046654832102714,1.4604214902883033,62.897709493808414,4.8176582855359396,0,None
297.76358691530845,308.1340230617554,1683.801145025041,22.766054533242237,140.4421436010803,1.3951279732697481,67.37788200335292,4.3676605846508325,0,None
298.97817011276794,308.5348835412777,1453.7500298529146,40.440722241261,107.77121520627563,1.8448698916280128,57.680388417322014,4.581802954808894,0,None
298.48536873943436,310.57861138119813,1484.926478315748,46.03757959927852,110.89920509904441,1.4416993425178652,69.39592189734054,4.9687530183228485,0,None
296.71796438281257,307.37383825502866,1508.3870551293542,34.38394146562043,54.7005772386252,0.8404165899617276,58.99823574197437,4.6910813406804035,0,None
294.69882668429807,304.80212414668995,1293.146862153512,30.72065356224719,70.2539263321651,1.572067952565053,60.679838981163535,4.371289711155363,0,None
299.60105987818804,307.93754657290583,1531.9643550698488,46.77515472840966,134.7779165400767,1.0912639488915967,59.87208202098494,4.046618968541438,0,None
297.94981165437736,308.0410203182208,1638.9107648966153,38.76913010898388,160.37226066757484,1.7055729763899663,58.407825820104186,3.523337634572407,0,None
299.94062677761735,309.9546489475211,1582.7931796099633,30.720404440797083,30.232063052094222,1.0954023040594925,68.24154677754858,5.024657257312917,0,None
296.45085455213376,308.9487866532696,1497.6822851084462,44.37978694642788,20.10454093878806,2.0573175522343212,61.79237735394302,4.288577150808617,0,None
298.7612579122691,309.8873617733223,1849.379793204785,49.65160356731348,67.39962885452641,2.316754055734882,52.07594823493703,4.459537219520702,0,None
297.01753824088786,306.6707857339745,1675.1457334025577,38.45998851506056,24.214900817386688,3.0414392162253088,53.98938463446869,4.2214380011600685,0,None
300.58788618386757,312.3915998887578,1573.8522900178048,48.78148072707515,135.82274520751977,1.6595924086863032,60.43491187840529,5.219015443460232,0,None
297.3100140928344,307.6446582793674,1335.9630077681793,70.66535740517966,191.23064054899925,8.02656614873133,89.49350978650241,2.9619366813923613,1,RNF
299.30373498006657,308.4667991620713,1476.275950246473,46.32543346653677,169.11952607800026,1.2644343638539506,60.631923971303046,4.864442215397401,0,None
295.9941496957215,305.9618118572179,1551.9718661495438,44.31264956272493,84.25601058654236,4.873831748825117,64.57393412842173,5.395204486758504,0,None
298.4238094720763,309.3136536617123,1427.681943249167,29.322993289031437,32.40578929788535,2.5918604940470367,60.244516322856434,4.007316327955965,0,None
300.0494922377155,310.8901671646194,1420.5106327914123,44.711813461218206,173.57804531940442,2.452785145145378,62.70434210585815,5.036737317609465,0,None
301.8934249029857,309.13041510390707,1212.645237671161,56.99003060366119,173.79855839984475,4.405196677250075,79.25658986875916,3.6592036507479837,1,HDF
298.60991816878305,309.3241930790761,1514.4975182598905,51.968292182533794,122.58872424380405,0.8439889791796799,64.76591337069364,5.221598493440117,0,None
298.4403022063381,310.53187647130005,1509.9033256112434,49.7764521163934,232.3353040843172,6.472906868600548,81.25036900561253,4.266655915837026,1,TWF
295.3359701782272,303.51635907433246,1425.9836050609533,39.8171219331312,97.10651583066164,1.9558817819767493,56.81877319201902,4.333180560014049,0,None
298.802836729872,310.12435242447833,1805.3208056952558,37.14738116107457,154.55177261507058,1.8570024042019824,65.26978646323954,4.798446851750802,0,None
299.6443235633045,310.93534682740886,1656.006548771601,62.01563426728167,182.40255321807683,7.414622939084825,93.31340477507123,2.3236441681099453,1,RNF
299.77011223054626,307.9387074386927,1420.2866335827114,41.85722550092145,28.581421700003997,1.1452950587143598,66.46523628247942,4.3912163750996385,0,None
297.1974761356059,306.66900333500104,1375.9436179338466,35.105926296698335,119.93428683623733,3.648822951875848,64.26690791037292,4.874730269845413,0,None
295.6172253895739,306.0264408728682,1571.349762352525,36.50424510633616,23.187317346600157,0.5281828005597777,65.96459082825044,4.701964084601449,0,None
296.7764537707725,307.68072348889035,1722.6768668647062,47.23508883274919,25.700001012035397,2.294745327357806,65.04737299339935,3.895762752374189,0,None
298.9460795372628,310.8759566688067,1319.5921595175253,25.281632734195128,41.939123277816606,1.883242310259496,59.76696247780387,4.07973961985299,0,None
300.3155741236786,310.9248520401496,1386.184887719186,50.64286269752698,75.10510485783585,2.607550248115027,65.66871095675708,4.624576229236513,0,None
301.4876440936551,312.77075574050053,1440.417548227073,49.05861990435565,93.45040350581237,1.112510164261453,68.27912482302483,5.030092833162161,0,None
295.9024814300522,306.52095296589084,1626.2353808465573,33.425613315082046,166.0645229747455,2.262804893394446,65.1278379862747,4.523017905056332,0,None
300.2410468800644,310.92267446315634,1238.592107793948,24.01804505202096,103.45212580897936,2.5596319327688777,60.86853461386928,4.413387578368387,0,None
299.06571771842675,310.50982025741996,1593.9995176744033,42.65938069796537,60.82648326256253,5.595140284071923,67.50226704538369,4.342029574577092,0,None
296.07181855596235,306.56040227360285,1584.2495017621932,38.09271378118443,11.765011224891836,0.7377144740525339,58.21274789950416,4.2400965859241175,0,None
301.52214323435544,311.97581703445394,1569.7954158137957,45.20170753204262,9.269120981699269,1.4840717036212385,63.62045965732747,4.034373729479814,0,None
300.40195846396415,311.0120880166586,1548.918330367208,27.836228055419845,73.52241382423317,0.6080160306923044,60.40254319792919,3.873237725614989,0,None
297.15909856306575,309.14350121490116,1089.0577101620001,40.94253811471224,14.836609152707014,2.587971184602773,64.31326856392813,4.263272871719586,0,None
300.08172734299745,311.17901643467917,1767.7003028452402,37.58559218870818,110.09480010907531,3.756423773570171,55.81658376308786,4.491653380232707,0,None
297.5434901777565,307.7889001555624,1451.9346994314944,34.17538527686727,25.77773549958128,1.3453711791713208,61.23728613136758,5.168541588778397,0,None
298.68335114491066,309.01081703487256,1555.12197693713,31.3011651240913,72.28451089184465,4.72255172962107,59.49324591698923,4.558645933982126,0,None
298.5844284942412,309.0108630681578,1552.9678623128493,30.796074664844575,8.186001283269828,1.3568856099118352,61.733910273381895,4.0692808416163695,0,None
294.7126717181043,306.0502011536948,1732.4278973998582,43.77263344862424,19.762153475553134,0.5920891519922042,60.93174331733081,4.089022947169201,0,None
299.4451284892219,309.1725966464033,1320.4816428215627,46.05221578377332,165.74538806636622,0.4705651293737045,64.59543366562563,4.80857983657521,0,None
299.4166737897566,310.7593553332592,1360.772223467046,57.70984037394769,232.32293696728595,6.016948706710593,84.0931345268702,4.405176908035141,1,TWF
298.8063487409218,308.97636553141143,1561.3536236056664,34.84844902915772,10.219339210351933,3.687804713066019,52.0417835924104,5.0442464766220505,0,None
299.5935183521825,310.85550087774476,1557.0045489879365,37.3352758152083,96.85986687725739,1.141419805438128,58.68525079921617,4.341571793428965,0,None
297.1762465438759,307.0595915016929,1400.7201106545442,39.699125986554066,29.787561104350846,1.0798150093235472,64.6003754634333,4.25691340646805,0,None
297.08529580495286,306.5459227141962,1517.0190822189516,45.67730185507455,154.87388234412953,4.204965429819981,62.519127092599525,4.011345109174998,0,None
296.22816933117406,307.557211644832,1605.871378632998,48.12961051914738,74.0552469171821,0.7505716621408083,59.06887625738169,4.721134261179804,0,None
297.19140514178923,308.97902167441003,1654.6272359188342,45.943147852684305,173.38337721939143,1.5882119707440994,59.27268869406621,5.001994169171112,0,None
298.46197828408697,307.31125576210343,1418.4834408460335,43.51453759475922,108.16585905387332,0.28597757152440934,60.276888864939664,4.0326293973790985,0,None
297.51020813612405,307.1984005415754,1715.7489692403865,43.0609558864018,123.21744476955377,0.8415343797191442,65.4654796025901,5.205535531172761,0,None
297.69525923274546,308.05895062043487,1513.5133746214888,37.015706035728535,172.12970755367692,1.6982842045103579,56.454453834511526,4.0958099266341215,0,None
295.3943426843874,305.72185502153303,1448.7355984456067,31.995680347620343,49.22933233237995,0.8977470255351604,63.32104760252553,4.530284153523354,0,None
297.29627308627937,307.25632587124693,1320.459796121193,34.76685496312366,71.6350186700653,2.272353369145192,57.26224308205491,5.098834374938723,0,None
299.40170939221076,311.27953420673134,1409.8928284449025,46.58658436988286,229.28628095133445,6.2819528514375085,84.77189560459921,4.142795974664019,1,TWF
294.8985423487883,305.50587548158495,1568.6717028194685,60.938932969376765,161.51235890544447,4.4436719939301,69.16749296467127,4.692280550708373,0,None
301.13106984462416,312.42917550616033,1508.430920733151,35.455042769618835,61.28533692976946,0.5885637944147144,71.08361146075184,4.515462410336699,0,None
295.0353495123719,305.9917552790555,1624.5104034545034,37.14607491339546,65.44479537353321,1.2179324102277298,64.30351960187792,4.211131432882898,0,None
300.8974887572866,311.04096851486264,1396.272432396215,28.91618633043184,37.69883313127425,4.474157940698784,64.97084707936075,5.070898549807209,0,None
297.2581378376386,308.9654426483623,1427.9530431368576,20.724011141485448,28.455071470647255,4.388453973380157,58.98473141360597,5.410133165514696,0,None
298.13828883812494,308.6667416973513,1502.4605205061532,28.81409764969719,126.67743170507552,2.6815696271851945,60.63130407895459,4.663887584952864,0,None
297.1946454130076,307.3045386762436,1783.3178979172928,44.14164598923548,173.09285254438092,1.4057293467708412,59.297978869880325,3.837810890449755,0,None
299.37478596186185,310.4580368778637,1333.2679887074726,33.2825840436041,154.26793340735108,1.2825559876755865,62.749476159215334,5.334975641489348,0,None
303.47346620468613,313.1794037993031,1520.4641139900934,42.77517961373922,32.637602095840684,1.8823875014826077,56.9198662430896,4.185087300235334,0,None
299.9634488025028,310.4936060610019,1365.6928287094406,36.265210774366224,162.43078933659112,2.034420730118463,66.78033596860084,4.494041157431191,0,None
300.0287776740228,309.0902058824955,1755.9929483277556,50.99949840525072,0.10703615222773244,2.8110139054401144,61.880246441174904,3.7223415001035085,0,None
301.06094188430234,312.2586994843607,1689.630924995201,31.255199508372844,91.32777023385697,2.2923524998431963,53.150124802789904,3.7351879090461733,0,None
296.979231148878,307.3873893498708,1429.814920949338,21.671796378182915,74.18470281033565,0.9204466245346231,55.01995966755982,4.711563322557752,0,None
297.68444052707946,307.864520534992,1786.8171513552359,39.83572189488713,166.93354989977493,1.6814279932574752,61.815001705261864,4.545502197771375,0,None
298.5220802432918,309.5175902320475,1418.356675611138,53.562959301145945,236.41314965509727,5.282092077230703,81.77481479147927,4.661655383499807,1,TWF
295.47640730096316,304.9570216057017,1472.839354452741,45.240959427405684,126.64388941624134,1.582400550385136,63.65860864454104,3.7863207814440245,0,None
298.0657708257752,307.5497219548056,1511.9718243979482,47.19540303202824,116.72526821915132,1.4434424869232922,59.57558168529068,4.549465115638555,0,None
303.1020213479697,310.1940241306119,1277.5765133226098,64.09448341008428,120.1538518975209,4.785496731488182,74.92419487848656,3.1696042014420756,1,HDF
301.0519361528685,310.5935630094947,1002.8682232156883,41.7658464510058,66.43463162222449,1.2378961423185095,61.733601252554436,4.0062217014538755,0,None
298.4551260781362,309.4449918493382,1316.333237916416,49.774686592341254,112.70406291122087,0.4455696535896053,58.12602606312389,4.399659434393557,0,None
297.3950325786408,306.2353205486037,1582.888654750483,44.33344209029761,96.59548417256146,1.739576359906346,52.51914922535504,4.42880975239045,0,None
294.37860421992826,305.1772830676974,1437.9457049953573,22.327894118671317,63.49350533248301,0.6366999242266601,55.137227881922605,4.928230343915717,0,None
298.5343794828502,309.71527876155443,1300.7083041116366,47.51582608163336,6.427433058535223,2.445614402890255,61.371145634896266,4.682483690129225,0,None
299.6652906561902,310.12937623209217,1604.5116141062354,45.224269516264386,152.30316123747244,2.7307891267361937,67.37482845539415,3.823607980093824,0,None
298.3707088156572,308.2379893103232,1456.3529598765836,41.22168774934147,93.28879390681058,4.351101708525182,66.21146032794907,4.438876144225822,0,None
297.4627267203062,307.5310537437165,1519.7186542795469,51.444872362852024,106.3514808714971,1.1016501420328775,65.2733600863313,3.7617588476518793,0,None
299.7026896943356,310.15183086298674,1740.7365974123782,44.03645415684938,119.65360361874967,2.9721106338590606,58.161443464988785,5.017616377352272,0,None
301.09064629831045,310.6901766070849,1310.903577311092,29.56456271928976,155.61470602737276,2.921425689769291,61.19202009907981,4.590355577972885,0,None
299.9135246417065,309.28796992129594,1651.7993342354825,34.125355006851564,126.85979999916006,0.2232051796628425,56.296263878407224,3.6412311562495563,0,None
296.06587518972736,307.7643532965176,1644.967327988486,37.22525431701405,71.25874869502438,2.6866833205304217,69.3568752497739,5.282442690091323,0,None
301.2228858365063,311.40025560297755,1410.3371431123508,41.55484218109789,61.305567027657496,2.8867356312520993,59.64676988077567,4.427580058524832,0,None
298.5596907602138,310.7382679398512,1268.0503232653523,43.990556105565084,136.51066156317944,1.2734450169931055,62.19723116458388,5.07328341815152,0,None
299.02598990130576,309.01978587739774,1400.8969794495972,37.203356936738736,82.8369813832402,0.896652508432825,60.58275420277895,3.8059325732399625,0,None
299.22620122597704,310.11934478815317,1207.019567617734,30.79160252196052,97.02966487666187,1.0819100958397576,65.78644587547726,4.164786705815037,0,None
299.10498844253914,308.64937009072634,1664.8608231025048,54.01530762713916,3.2778011105734777,3.2466535038622877,61.18488456653293,4.540593735582757,0,None
296.43423567309276,307.3000950979622,1609.8165876989763,48.217143079561254,143.61343150864187,0.2033533048900377,58.320862047516584,4.778293999851362,0,None
294.9156633711996,307.0337355556552,1351.3207077566835,27.823604806555316,93.51377505039137,0.5446307121423561,62.423192559474614,4.276188267236856,0,None
300.3902363001922,310.01252138048915,1579.2330324403492,38.491170439133604,165.4268428640423,3.5485641470742073,57.0785838498777,4.493764796514967,0,None
298.4321923457547,309.21777055316824,1730.4235383159219,19.14119799165336,75.11977805427146,0.872668121423038,65.3910201127778,5.362147723716729,0,None
296.9753265601478,307.51477322536397,1642.1682111847874,50.38613283967441,139.02721016124391,0.8458985535137088,65.66378796508204,4.394269724988749,0,None
299.8127895870333,312.02944952709447,1314.563163369148,32.01731745752329,59.402386004042285,2.4055667910892464,60.8211996593362,4.246895641223048,0,None
299.4462384610116,310.37536958092466,1575.9796423820162,44.12131106080109,137.87080793246193,0.6730728724942481,58.999711645129125,5.124636307091739,0,None
299.3274046813274,309.7772930194656,1606.4486879793508,37.927805303073626,91.96962794700033,2.7834675256848116,63.00305654189932,5.0944892608338685,0,None
299.4153754143198,311.03496455589766,1666.2927836223575,38.0990412959226,55.09014457345642,5.463247548050803,71.16943623907535,5.293779445877977,0,None
298.6296034322243,309.68474201877734,1587.4261427192512,39.007312061599144,104.09442562290997,2.7925597747104867,60.787907824970176,5.2028030122286655,0,None
295.63098734498516,305.84110929894825,1569.3088400268564,37.930468024980236,174.2836620676099,1.452813289064891,64.5498581165679,4.145144186665634,0,None
298.2745927369869,309.03927378067937,1654.7635604161333,36.41073983247206,40.14826839024984,1.275324100860875,71.26616686738629,5.475392851773016,0,None
300.0947290701275,309.98471367881024,1688.1438131353743,53.42953630236002,56.2063703193062,3.3058493217374356,59.980647064085325,4.125669689426042,0,None
297.6049069451271,308.53159434089144,1244.6226463124103,42.95693854515685,102.35951254756812,1.3409726779720994,66.76332465656955,4.260812439125073,0,None
296.61964412171204,308.07251280553083,1817.7185789670252,44.565679002529386,128.84157942514562,0.4598273576274567,59.946088703698244,5.0894094865910295,0,None
299.81925617690223,311.017108480925,2034.0677262598679,56.04569597004247,25.752597668651592,0.9760064693270014,70.5039959960599,4.918919141742247,0,None
299.4664792885448,309.49891505506446,1476.9717351667819,33.59810054973678,139.40434224638392,0.4879417021514893,64.30380294298001,3.9932963703631534,0,None
298.8088351367893,309.9650210554341,1927.572304787632,44.73883677805865,96.90727135913225,3.8569416030954122,62.07645176172816,4.962087174821858,0,None
296.60049909739865,305.8952718732463,1401.247241053574,43.785531932367455,125.22468620778763,1.4993199159729336,61.8054979684007,4.584647112384462,0,None
297.9119914066326,308.1569927544357,1086.188064453923,38.84722949192931,144.45146023087472,1.7587622212025844,64.24696076402364,3.847321291149659,0,None
297.9612169230546,308.40203863217914,1368.3348899062244,36.32958940326485,84.13674814109483,4.451791396132884,62.58697801394976,4.400434511240738,0,None
299.44100956317914,309.904266500187,1737.9277507607762,36.873950935863796,154.358840469044,0.5608142611761264,61.88724620039446,5.372738871859819,0,None
300.36286859035266,309.6988249062802,1493.538919344923,36.18211563934965,81.06772545966639,3.8109702732991066,66.63895998955448,3.917522169758524,0,None
295.67998908013834,305.58954341320924,1299.5258992291244,31.631094692536365,0.7106026002032417,2.071306794816121,53.94198044550266,3.968110404274781,0,None
298.5033664672588,308.44681056550115,1412.5545921300402,42.28673879525166,129.7441201489562,1.4344181267211917,62.07317915610101,3.9459285387633574,0,None
296.867666313632,307.01418717183935,1696.9311117368743,37.14075570468329,28.04003580385088,0.3169899186996647,56.22081465521522,4.683484761661635,0,None
295.9509349884817,306.57061335449674,1621.74362311976,45.043949195825945,117.48271804265329,0.7599406450304333,67.4567317398117,4.129656018635783,0,None
297.2310616600724,307.68094308237494,1673.4446756061095,42.88832713220757,74.92359782444153,4.035944703494801,60.11504642467777,4.100776387249176,0,None
301.1645263846333,312.8379524301525,1397.2278132827569,45.04996995101881,73.94333710487093,1.7851674476702057,66.18931612466697,5.366294471779878,0,None
301.69220148161116,311.5071226669862,1827.1745720577248,33.18667295046305,24.82371883586737,1.9985787014998342,60.48738467337763,4.232924071308215,0,None
296.1827954064644,306.8561419016358,1406.1518027643247,46.59610870513086,85.891268654223,2.740042880542201,59.77658300175786,4.418979770468851,0,None
298.71620810208134,309.698272316464,1465.316657591374,38.79389555645391,134.1208791244774,3.5900861659608703,67.21044611514041,4.807759511712729,0,None
299.6042458017173,310.3619116503309,1355.8382170130217,42.67972816571563,94.39818373185673,3.172450481782758,64.85150573561852,4.9088228630391955,0,None
299.63161633190236,309.6187513186717,1890.762846749965,38.38295289147004,9.691348475892635,0.5716604409831898,70.73004234158421,4.729382760584964,0,None
300.67646020729615,310.46164813328073,1465.6024038406206,45.02135219618792,4.452157698176887,1.0175471664733606,59.65776481011436,4.956477310153459,0,None
299.03802037108284,309.37750893202247,1627.5445667630104,38.784872533606865,88.21242567491782,2.937690533001523,61.07537254565188,4.0194465452871295,0,None
294.4930477440679,305.9551089482481,1543.273930052191,37.096370028735834,110.29179216700827,0.4867659829915914,63.35071089401171,5.549282952279621,0,None
295.2081612186704,305.170951453086,1449.2143119973207,41.57889734364007,130.08821883538673,2.804251460670184,60.95558388939792,4.384288082114197,0,None
296.90878436341694,307.42383960320944,1448.5869781835088,53.90938115101059,116.66330649737355,0.6514743280488315,66.7088538523086,4.48701019830899,0,None
295.0267556763327,303.33544351142274,1535.843569359963,61.01298939947949,122.44657266753889,0.44024571036929655,62.76994814287194,4.766024191821698,0,None
298.43242455055685,308.68470477936637,1424.5489523593037,33.86768047637703,53.13088324024116,2.359867029776241,65.18090052683696,5.547325726553076,0,None
303.09896651190155,310.61402042346276,1151.2283767491576,65.20862682890296,178.91728485847574,5.0652804515836385,73.9961877830462,3.0917176009044303,1,HDF
300.65690764638174,310.8001526752928,1557.1140206365892,41.606678295131694,17.139213941999788,3.3800187774721566,60.126828814026574,4.3130616669783715,0,None
298.0576061284264,308.4528654843255,1292.4580323545474,40.138326563041886,36.18936411258113,5.289796541234756,60.54480869342988,3.9829883453379353,0,None
296.72001814199,306.73693099700046,1522.6550691470718,53.824176101012746,145.04389499344182,0.1654590790937161,57.27902909355481,4.978761064206279,0,None
299.15194336485047,310.17966336331637,1554.3558015744532,29.635591518463357,32.60371068049793,2.5928439018308036,66.64632862940351,3.8857562811744577,0,None
292.84156912970974,301.8103210732398,1750.2734151264035,39.31950289549995,137.71794451873447,1.560292775752364,59.41558585739332,5.3538849119079215,0,None
296.737768840575,308.2469842426034,1745.1294704873933,37.41987583765782,64.7066888952799,0.578093839093463,61.466974745905475,4.798021078561395,0,None
295.40624734083787,306.7371321962049,1471.8653147965765,49.401564573804734,79.46141985810212,2.3677647140840743,64.19813367964316,4.530625373577182,0,None
296.5470036247224,307.6002984848195,1498.1303280677923,39.89903676811452,123.6333852633955,0.9407689620055172,61.26339156600914,4.903335078729947,0,None
299.6292837746379,308.7311745667753,1444.7308333130334,32.033373754918436,13.317684770838412,1.240511851151181,58.696175764444135,4.953044621089253,0,None
296.0648923971125,306.7567785937919,1191.7560537811419,51.11468235060944,104.4858536650053,3.180529443182734,68.29113934265688,4.423681479439873,0,None
297.40685189525067,307.2084830228877,1413.069203678399,45.962744752620495,84.4332027731207,2.1601187026432354,58.87266165475361,4.304985406671076,0,None
295.2624941174284,304.166068693067,1604.550924521501,32.602417624567735,151.44050461624425,2.9107146871472263,66.10179044098338,4.868050277920482,0,None
295.45845452164565,305.7385782811098,1600.3413568982107,27.525820649302478,131.1776007634427,1.3167091615176965,56.303805470111385,4.87196919176182,0,None
295.35405469233547,305.616153828941,1495.7483854427837,44.12830981650726,78.18670353049116,3.631365751173622,59.65874152884406,4.850631962519224,0,None
298.44397832243584,309.19011964515676,1476.817598991887,59.74973755728503,143.47937297040335,1.3142843830643731,56.82763036837386,5.14698693725298,0,None
294.6659463958207,306.12538605415796,1293.850757268239,36.799511811998535,33.43290311467668,0.5115937495544262,61.42719405616509,4.3066509558523105,0,None
297.6159402673952,308.7658370724209,1440.3385585213312,42.13496323472678,166.72017631544873,7.015267097284847,90.88367033201416,2.9666067718544533,1,RNF
295.5079084113303,306.0338340220024,1654.5174162235405,40.098843003699066,1.391981723744612,0.6063551181664787,64.03765126987282,4.575509943162155,0,None
296.46310258136947,306.76895755991984,1728.453971231996,49.30754540716376,11.979304649557479,0.7967364705562066,60.50339401901484,4.892842124786365,0,None
298.89887497066326,310.32174724531677,1381.8210199894015,38.61001110997387,119.69655819803315,3.451984369420226,62.601169596043654,4.256467144420453,0,None
296.10867167765906,307.31004302676797,1629.5864140012918,42.25947507931971,45.39174034646834,0.6000125295551072,64.89930766896107,4.200967721367306,0,None
298.41201499586674,308.96152167817644,1313.315772087779,35.839718926273605,32.357044164059886,4.577378419769572,65.95636483891941,3.7266337560565206,0,None
297.8487386693207,307.4873953673439,1728.87891471588,53.807717931055784,89.7021942134908,2.04481759270101,64.27075941043849,4.0797196654695576,0,None
297.6852787144296,307.1685173375558,1388.6021266965,45.768163149859475,148.3181006058531,1.5427350107617077,57.30697387877428,4.617384683846334,0,None
298.8892563298575,309.88027301448943,1439.1362901054918,27.016277453141782,158.43640790723146,5.906316729382114,67.90371459515721,3.807290233199397,0,None
296.1372816606029,304.97769257978985,1657.1077793150916,19.94652000737895,121.37342979483225,0.8890184745411708,55.62848268320102,4.699276675745785,0,None
297.7254034038595,307.94131568061846,2498.1833113601797,64.70680625519057,96.55757395763732,6.724512653996888,84.4990293174997,2.423882978878508,1,PWF
302.8670423899888,309.8154358276089,1303.7966396757336,69.49161035356889,116.21340754641233,3.6083494690231577,73.70635720581882,2.883403990348718,1,HDF
298.09585105518033,310.6678623384394,1621.4885398092713,45.78785515049435,106.03141494391869,7.8290320221866425,85.96729881937257,2.260993815408228,1,RNF
300.74810658948854,311.24161602819913,1556.4624081842082,32.735965519353655,42.50919256878871,1.9473561756268944,53.976070409125896,5.667760446878297,0,None
301.277817632506,311.41417945751124,1294.2386943765007,49.22544149091272,114.2978673006898,0.5866120371765012,63.1228091722043,4.417556441166122,0,None
298.76361195597127,308.7774948796725,1456.0504007250315,36.473367378670176,88.51686961595013,2.3423943521105857,71.0786983336878,3.350617850785725,0,None
298.82896707972975,309.1540444577817,1442.679089869238,52.21924765227689,76.42644767724165,2.238286096952786,62.46595313372106,3.564307650141667,0,None
300.4668460164513,309.19050920930323,1551.1509415659496,47.35387417400314,7.301838749363074,2.6203816937527824,64.93034203506225,5.1461600675526284,0,None
299.1908179124222,309.4217083560933,1606.6052788564145,45.68927995363155,23.98597179548142,0.826116843718812,51.759364260824654,3.9300488931456568,0,None
296.9072772338975,307.6646200669987,1609.8436472675498,46.46248843392713,142.30146017281436,1.8603477506368564,66.37083019456482,4.799446671785855,0,None
302.4224663066518,309.4114623547136,1226.7460163681535,61.4096659677966,109.9271837754374,3.8287963625480623,67.07338321824359,2.9701585098289285,1,HDF
300.9677359279509,312.7547606125384,1573.0713104769927,41.232567924296994,130.18042522075834,3.8008077350193488,59.294516399607765,4.865402414969085,0,None
295.8722076398109,306.41046789563865,1562.4376400384608,37.595638869764585,44.859802460770126,1.69899219593512,62.598911123397464,4.1804898891687206,0,None
302.09380442020665,314.70741394860073,1475.2168692805126,38.63080654728508,158.08119342211953,2.2246230747177105,69.03177121101851,4.402551803745757,0,None
299.34225918508,309.89926218500875,1419.042821129349,46.70621870218764,106.04128027634943,2.644323776051687,65.14804976683195,4.727034103036864,0,None
296.44065233637446,306.80594439839615,1463.56533020391,28.547842618953453,88.09571904778079,1.0525946330820581,65.6133455771338,4.866687593181641,0,None
299.4660714616162,310.3779783384773,1572.963811315556,52.40477994473014,117.20551629948686,4.371540561784646,66.26508325474806,4.062797218467762,0,None
295.71311416505233,305.991776747677,1551.3807995059474,20.343408357319266,139.79883053511102,1.7236875506199758,58.60710217075797,4.72720421017689,0,None
298.29691063028883,309.7870336362984,1502.1486624534361,41.20597555806901,106.37893767787209,6.5148195673334435,61.39711778906921,3.9246520687680726,0,None
299.4968502449183,309.46512936691664,1277.7463843453188,51.86437076429589,1.6926942982108617,2.3878560213467135,65.35943743844274,4.125885329617791,0,None
297.67852392549804,308.4055247444272,1649.7804982894897,35.169053436083715,98.42856472249828,1.4964527323952233,58.853018103341114,4.649457304264276,0,None
297.8069727690699,308.103015192747,1436.07407819728,46.38054109262669,32.39965488235622,1.2362492821574511,59.664995585815795,4.572808069382589,0,None
297.5940194728053,308.54068861137466,1581.1529143120426,52.563576917545944,2.44884677983096,0.40768740806501225,57.29144779359703,4.129397482680916,0,None
298.79131780809075,309.00328639308515,1566.178629361453,52.14800457881769,86.50499340876044,4.123258086727074,60.60538693138886,3.2791698194056638,0,None
298.8104087536814,308.5503579557085,1501.0277845348949,30.969313048695497,28.433851840958102,3.1793290711388145,66.60238997901791,4.2427097700797205,0,None
296.7561589762276,307.5012705618863,1410.60242363669,53.273138395823885,81.19064480135229,0.9074495509923148,69.95153881985657,4.050475663079384,0,None
299.99350571190126,309.8967520107208,1434.8116342555281,40.35157416350294,145.49084965001484,1.3563831544854283,64.52862924263755,4.430814829899213,0,None
298.4944705897951,308.9963009387099,1557.7042906684967,35.764983412957896,136.9170413141213,1.3571290271364824,58.2996584949229,4.9645045142988415,0,None
296.8077459966543,306.28506389361246,1433.6277015217115,44.32885075337141,3.8886119159892125,1.5100351824841343,52.72159672719948,4.839871897186739,0,None
298.45655256938215,307.73039212147023,1417.1522368982116,49.8298742920588,155.58811043067593,1.062823614050855,58.187170065213046,4.039818303441676,0,None
298.1820293118269,308.57990556661235,1591.6623012955233,37.11300775077107,127.91829892819531,0.8340943211193717,59.6757293252921,5.106337906460535,0,None
298.2747395888265,307.82924028848987,1621.0500107999728,36.08065720089931,52.608597974737364,0.4392891709377585,64.87598746474168,5.0319317320389425,0,None
299.758970201464,310.3587718811952,1560.5907558424365,39.74769429167964,138.8913716812652,3.096217538783453,58.628645623524974,4.9447067802069915,0,None
298.53911575623533,308.29707309158596,1628.1635320172234,36.43006640138452,53.50405795255915,2.9885456532921992,67.41704895499231,3.74529420141163,0,None
296.44278753245715,307.38549871891666,1679.238153003827,37.992370045849476,83.15075652745443,0.7649731215206031,68.3045092540212,4.61820649104839,0,None
302.20697330576996,311.26397291849594,1498.258646332014,33.55147464140261,84.29845897270158,0.40499159617503555,67.19156494711999,4.777238129908495,0,None
299.00728372793213,310.16341027733654,1602.9758099217113,40.95818467120686,29.355271074430476,0.4332676174998246,66.59470568056739,4.66828789774653,0,None
298.50304544131643,308.72236589725526,1740.9799390429073,48.65638389719748,98.36367407398853,1.7289927444605653,57.565097712803635,4.48044798190388,0,None
298.50281831295,308.53090250777973,1714.0799589344094,30.238561601602846,94.02929532563184,0.6784751184428413,59.24241333592477,3.5312976621526504,0,None
296.11422494170097,306.5865844425378,1653.4364062125467,39.83599277785809,145.03024650248346,0.5834778771986164,56.940503036482326,3.9937765010067756,0,None
300.7355190297544,313.7141585770114,1301.912185048807,59.764236242431586,79.99610049690772,3.897426116544843,61.920883481127944,5.032440490621069,0,None
299.58688490859475,310.0513957441855,1368.583691013382,35.083874132072786,33.684134359823794,0.7864033958894218,61.66807801427426,4.163285684063457,0,None
299.0941398878232,307.78129821250377,1754.533253562267,37.09086366493295,66.15538420300432,0.8758962561817232,60.38271333847792,4.944855090801701,0,None
299.2918352141379,309.2899844573769,1692.0932995688172,55.51299146657358,100.44043138511715,1.1419648829773843,61.743784798933724,3.5643249853723677,0,None
298.41424006309734,308.4428227416659,1425.4951421006092,40.74010618876797,27.660727551038633,7.096733601571727,57.90467709633968,4.7806993731958745,0,None
294.5112758433714,306.0472643112249,1749.0204346220485,27.991004115167136,31.961820747814727,4.105894256679113,58.50514178026103,5.093742156230383,0,None
297.4088517104858,308.51158728128775,1558.3567054545206,29.97729218393807,43.114994759896824,3.4925755331010877,55.53702888392648,4.1438534513524825,0,None
301.8354695707255,311.8467834588814,1391.1303700237554,32.78132789501504,48.9876837898776,1.4006819249801798,60.66921558108139,5.158827425413517,0,None
299.01410436132136,307.24824362133404,1616.241536111108,53.48001332967245,104.17938157260377,0.9603998732952785,52.99592548195312,4.149077736314222,0,None
296.3784145217276,306.73633772592063,1575.3072795928001,38.731086508906046,149.70681759531846,1.5461068314559359,60.61652863509421,4.3179478955557595,0,None
297.0875598033903,307.2105488108283,1487.112915746853,48.93560936462604,69.71218134403408,3.0714244826637485,61.858343232308,4.563091578626799,0,None
302.53383580247356,313.49309277918877,1435.3562084458504,38.394160526939025,131.85369929236847,3.511937628877355,67.61864365647426,4.397686759825922,0,None
299.64000018623733,310.13384898966024,1459.6652120525835,51.7749677633919,75.37984560422667,0.6129204419261706,71.11001432404719,4.353759832440795,0,None
299.3821798872443,309.80353200928084,1526.3764389017772,55.12686351239504,89.65517946991586,1.2129712414929488,68.02814322402033,4.9614526045097,0,None
298.94379366093506,309.6434322126135,1422.2919354141925,39.80477906042426,134.5598117659708,3.9559405571866626,60.780360817843075,4.070012792222836,0,None
298.45373810546266,308.2766503295531,1524.619022765729,44.08641090156942,29.644846985706273,1.7008742981886322,72.90200993992559,4.100797171289521,0,None
296.7591752393484,306.3000141209533,1611.4840966574438,36.386926578572485,134.33105340519054,2.4594916418650508,61.631024207127545,5.317315917454794,0,None
298.4583074520323,309.6107082699877,1686.7759842938958,42.85252811967728,101.70088512032058,0.385153537564334,58.83903169530862,4.832696485027913,0,None
299.21925793199097,308.06719149498593,1541.9606954319934,42.333530116776245,95.15217859527883,0.6122693955308469,74.11288983141941,4.914266388561758,0,None
299.4263190147664,312.1304932097423,1718.899931704272,47.51282675504213,101.24800965984598,2.852688424977089,59.87956598797313,5.293476055439838,0,None
295.8018525635235,306.4607965711614,1641.7511664962526,50.284532519399676,122.30795008147501,1.842488836538427,65.07222236418114,5.3149439342964895,0,None
299.15604884265554,309.24144673156655,1501.779055276838,28.79929231848773,141.67637066012233,1.1011665868293807,71.57374674696156,4.330389854327287,0,None
297.47133613222684,306.87884220887474,1317.9816103459814,41.41914596481726,3.948288882532336,1.0295265142079542,62.505448408862506,4.99374721575594,0,None
299.15897097167226,309.61016779418793,1508.7138492668284,34.980675626830006,106.0717680545211,2.2229831644038995,59.316472935128814,4.556089889887777,0,None
299.3054105878941,308.79911606316693,1425.9184591526919,35.55675592199155,167.20742333665373,2.378500452691562,61.24672123582345,4.511172756821075,0,None
299.0411038784639,308.0675856600976,1455.2048000089883,33.1239487153512,139.1164132443185,3.4560039386093604,52.99553075675557,4.191202509523417,0,None
299.49527988926263,309.25197081685485,1798.7013793982944,33.65748965647823,161.81282470192247,0.9135810626344932,64.46595270196511,5.135854546360384,0,None
298.94468166165535,309.30377485881456,1619.9323972445422,41.96675252417,163.01806524667634,0.6665029973412847,67.00149010871297,4.639222668709503,0,None
295.92294151624617,306.1920814225229,1508.2861538664026,46.34609775515242,4.272505093888871,4.980615394742856,67.79920487661526,4.271542283315419,0,None
295.5407407998647,305.50698953204267,1415.1839114203694,37.66743039908761,129.24748211087243,1.4617277020782062,68.24108975326854,4.213253421863571,0,None
295.97772837591236,306.9933431692286,1493.3119206642427,41.151846427280695,147.5326014175481,0.9987011293181326,61.20601587191161,4.877339569903568,0,None
297.8490850388062,308.37449260407135,1605.8019125745327,37.065172245894615,70.15633069665965,1.6381654088731719,64.31044585174698,4.487269444617755,0,None
296.88467910504613,308.8124991363942,1428.608281264387,32.70454275862394,88.40263575992918,3.893371566792733,57.49766269843239,4.707543328927219,0,None
299.29866365369804,309.6703281481178,1448.1463869592103,34.561624250145435,104.7853982233829,1.4299284346065089,62.34819347428762,3.9642915600192357,0,None
296.2243200579624,306.2859234029695,1325.8316287846928,27.9625049787467,77.92384544651782,0.9902142957735381,64.66284194471487,4.286848740910373,0,None
297.7702460863033,308.28068078580486,1501.860233869678,53.32478763995439,45.615289728304504,3.6127313290153094,63.67091712719222,4.723111576289146,0,None
299.38339717431035,309.6257746507167,1269.2277156356593,34.475978963741085,56.85310174237552,1.7800328262440521,60.927025686957386,4.315295438829465,0,None
297.8339954261286,307.65266568666107,1569.6630850360439,14.411090421765216,131.3365172866419,2.798361231163351,65.82831671851595,5.076727320439706,0,None
299.81564594104384,310.58897412660593,1465.4998553757657,42.12561338291347,48.366385430282406,0.3830228052316563,65.920779358485,4.737552789209904,0,None
298.1009503259419,308.4340156289655,1507.2950254623988,40.04412643361347,38.55618002467495,0.8535275391289612,63.782130249085746,4.2806599456936105,0,None
301.03834034707694,312.7624965061676,1482.120672110898,33.10782429549147,60.5824288498868,2.4666606626360643,68.5618993646597,4.799499200562581,0,None
299.0847752861061,308.11942948834127,1469.133531448053,40.738758837420605,69.21637384399835,2.065290188032695,61.6035280389867,4.687615631655472,0,None
300.86827745314264,312.06013700393544,1434.398261435,47.08110605015,38.047945994669924,2.9015391618704163,64.73082161849327,3.87463385579948,0,None
298.9621636863435,308.7769650964161,1610.1284260720201,44.6883060386577,43.255969576856074,2.09142532060468,59.27199853136464,4.116136143093401,0,None
296.5702801349634,305.495476764213,1382.1830690424194,45.56705815331546,55.11455349421867,2.572038391160637,62.33611077904528,4.587697703585887,0,None
303.64198545521947,314.8884879130923,1785.1296318698,48.852634945649555,35.70151138938424,2.9569297443443694,64.03346108681697,4.613672901762673,0,None
299.14777586624353,310.0444198830656,1769.191537118984,36.377973352336085,10.857920573820174,1.3476344670179132,55.7349739417175,4.711163900011509,0,None
300.79287976068053,311.67760623487965,1378.5681935564305,44.49472141698072,170.13873991922597,2.0909622455617694,62.911082682886644,3.6441302688320696,0,None
297.6267965074251,307.67772611027135,1569.1888758805812,36.44999812825304,19.013536348262832,4.017570659747559,69.12264172101376,4.766353202176037,0,None
303.84759362212077,314.4219770193443,1605.3022435576365,46.79324004673336,168.21607318113305,1.494044744098409,69.56369075282377,3.6099130441329814,0,None
298.61964853270376,309.3871993445826,1513.7881749890369,47.373586904410914,173.2847358309125,1.5434864933159564,60.13218226270516,4.995302314931938,0,None
297.22958932907625,306.9888774059633,1495.6056034396447,49.897615805777335,149.18754267890878,0.7644745246617022,60.89156864178529,3.5368840241387516,0,None
298.9163617427252,308.0780466216759,1747.724147428519,43.95206795909008,155.66074831991776,0.472831747478266,58.67328108219435,4.536546017481941,0,None
300.7595541458995,311.27502940254885,1541.2400785136454,39.239660453593814,81.06990576903797,0.9298732785294446,55.77599216980146,4.712687790628254,0,None
298.2483915552821,309.3346548207395,1668.943617562339,28.4244355932218,81.78776980831083,1.2454198304035298,68.2506560399669,4.456211207588047,0,None
296.7811340880798,308.75692067398023,1199.7570353070296,72.97664584820733,99.87729852809717,7.484994611995633,75.5951321283543,2.581469822225775,1,PWF
297.3512595296948,308.4552265426084,1609.8754709518519,30.8487894616962,103.20674954311848,2.5507546999101662,61.54551511361256,5.668057071925156,0,None
297.6410410086425,306.3841387517625,1269.105023586334,41.37839774250884,162.44293562666323,0.47149020391154584,66.52899795456479,5.206657416701742,0,None
298.7237069871153,309.7081919732203,1470.1417841629243,30.777774728227346,40.259514355706976,1.0733921706698188,70.18382497416006,3.358563067440195,0,None
297.8657425021382,308.2374544373023,1562.1332826213534,25.240349501731377,112.58175489326294,2.3183193532349864,57.49389990077684,4.632915262315915,0,None
297.9883927831412,309.71469146765025,1270.3631054176858,51.704338272547005,157.8479165013023,1.2478085967231964,61.639734230537705,4.094234039350202,0,None
297.8197809762943,307.9217243055861,1674.7283236973196,43.62138778275023,115.82012569366812,0.4497283642476209,64.46702473887956,4.408471136050424,0,None
298.03949738353333,307.90180653055336,1687.3566235028647,34.114278602936494,87.62347833642993,2.3406265619306716,66.194130023211,4.74033025170755,0,None
300.52175608307897,309.9243615796682,1556.3973902609791,42.182922849246914,41.46736345292744,1.920493746998475,62.76404497354862,4.953419384184976,0,None
294.9168091419869,305.21178448258564,1630.2565724597926,37.81905643412495,101.25069699206416,4.05622078392043,63.76964178799012,4.553564892653125,0,None
297.8437169269617,308.95494075221995,1606.6736494742731,43.88687233066818,107.10016407245192,3.5346492173795583,63.587719690073456,4.271579541383899,0,None
301.29005287400554,312.3251249784425,1469.421985688767,27.859404666068308,93.36384094038517,2.8974989885538656,63.975789466337304,4.5990942971422,0,None
295.4935749792508,306.062463673858,1484.9186945215629,39.50985793484851,90.25381827251474,1.3425259845709705,59.28281828800647,3.765708891755556,0,None
300.3782741135565,310.90339080598267,1561.2320181003024,49.54544205686305,64.3999407534168,2.8740272918449423,68.68587922848369,4.269264624114723,0,None
297.79491202466636,309.07946652227594,1424.1969644783378,62.47405481277819,214.040848882211,8.518808865860818,80.24547506383807,2.38088820470447,1,OSF
298.23614220474786,308.1398864909962,1440.8696373124446,61.322465259675766,177.90800931829278,7.9707775092333595,85.10402449473398,2.25938847470271,1,OSF
295.922549462886,306.7509895311481,1637.1352835402743,45.51095149595794,124.66900284177291,3.505195988808542,60.48003898209036,4.518016436547601,0,None
296.98247432314804,308.0656272788044,1415.3389945880274,44.18245062396011,52.7806241020038,1.0711067378466572,62.770060812784074,4.620612633407579,0,None
299.45249682206924,308.8740591325171,1553.6018101920747,49.705874162741594,75.49599814221244,0.9650403424350273,64.93970871668877,3.7852701498374657,0,None
302.77995121117226,309.30062568298297,1328.8371281802474,63.31354837432187,147.90284967450265,4.734479194002662,67.76258417690774,2.8674313807793053,1,HDF
300.4069588310068,311.39394730230634,1390.4070944284585,41.22517265471542,128.33006572153357,0.982690689338513,54.348642880097124,4.493761974694176,0,None
298.13742867381575,309.1395137118652,1528.270366015531,36.293354960561416,108.15389876926467,1.0908119536796328,65.9077875335939,4.048739580493029,0,None
296.74286374004,307.9145948315849,1750.7086854051663,54.18551709430133,163.2079780048084,2.0460884841876177,63.789308420175665,4.746323984762347,0,None
299.69128171344994,309.4084820767566,1640.062441852478,26.076561591987073,74.93074530587631,4.221820574874185,51.126595506469044,5.1848205026914345,0,None
298.83557506066524,309.34812084984253,1706.2798737793837,42.008172030130176,122.84034430055293,0.9162567467979821,53.88768966491834,4.530198672955486,0,None
299.767119585557,311.0635847967586,1479.9426995678612,27.507886596224086,110.85060547434303,1.7271152027717076,67.51265012800658,4.481834530185096,0,None
299.7000311251169,310.6583584384715,1199.7570353070296,70.23212604925449,99.27894999050932,5.881032173909696,78.57303263508331,3.4801086371776444,1,PWF
298.10216985565205,308.2590915151672,1633.1468348312426,47.363579255841735,46.83842841419861,3.5506121145921523,52.29754208833244,4.812264455034327,0,None
296.70921299851256,306.5576944485555,1610.266032718094,42.98013935345312,104.46649434581776,1.7696285390445412,58.028479051681614,4.206057008286545,0,None
300.0262704289696,310.929700711677,1561.0664298283461,34.334892901576026,95.20215098854422,2.049988684186037,63.54326943849,3.964797503605521,0,None
296.8068669219755,307.48821432077114,1531.1254207151264,46.05405832871554,62.16621553283796,1.14543544699831,56.704034058058,4.205122260101092,0,None
295.7607537735303,306.52300263238965,1491.8740872685846,43.14715413805658,8.85689713250536,3.5552165177957606,63.14807353367588,4.775023317158533,0,None
295.86933488926377,307.03959931744737,1762.5332250545407,32.057613364290226,18.407949853820046,1.4171623095471646,67.20998268581533,4.285562080868132,0,None
297.3625641332669,308.21415297167374,1820.619262514524,50.307603142354466,8.76873023949447,0.9884066708470748,59.404359436104976,4.4805985808725755,0,None
300.03214557600114,310.08369398526594,1318.3248925014702,65.50304971331565,164.4773940430766,9.180257048917213,87.9014994263425,2.724925599105706,1,OSF
299.5101029167087,309.16912689288273,1982.0879796262018,45.10673012120782,160.1328970753143,1.220058819670592,65.91887940018296,4.899453924396385,0,None
300.0723458538356,312.04667462424914,1199.7570353070296,70.26358188961127,72.07072883431326,5.286737875769596,85.78369175002351,2.506752713747909,1,PWF
297.8406423997011,308.2947298372999,1298.631346478475,38.68099148121029,124.46477425733792,0.4861239253676053,68.00004767369052,4.417764410390184,0,None
296.5196313438382,307.5361015135776,1769.4544738639765,45.9416722017565,18.35826761112948,1.1454722278807343,63.693398733800095,4.403869593887082,0,None
297.66573622168664,307.76474893545446,1536.473584305873,45.717755629098576,163.51554456693773,4.163272561146639,67.37067041868333,4.128702379205193,0,None
296.59674277706597,305.9678973122131,1538.3203717521187,27.926604158816072,40.703879820757834,1.5329684141431148,54.26026136628914,4.10103920564809,0,None
295.2538567363422,306.7843173162241,2012.8336086715703,38.13680699085626,75.6987873719755,0.6669142864221914,61.39573879890083,3.929708033527215,0,None
296.34557299359085,308.5776178478361,1359.4727177906439,42.70916062935011,41.82948644064211,0.5024712786921236,66.77628219470944,4.332668214543584,0,None
299.41875213898805,309.5913053597115,1465.9402220115621,35.26370073027017,76.7983666994887,2.885410177518302,70.46208282566681,4.278014174735162,0,None
299.06233235502043,308.52005654420066,1554.2282074946795,36.51652028178153,83.46938094179029,2.743988113384034,67.02738273953808,3.790797838961195,0,None
294.8048607856584,303.6361424834717,1552.7574814154727,42.31263339351139,166.39718099009448,5.244173260971148,54.84007564946531,4.066510184076727,0,None
295.3369275544418,306.1285767363261,1530.4516457534264,30.263662263193755,49.33140985488317,0.3703702371794954,62.28738200994429,5.386580049793593,0,None
297.87358354382064,308.0032319342004,1511.192620885196,40.27842944046149,140.3405982548107,0.15673846599447125,62.06967131547416,4.587946875979323,0,None
299.11334462604304,308.1842442537593,1674.4427235321336,39.33252067965479,115.9372302132283,1.456489103193929,59.315213155417084,3.871225698787154,0,None
298.4811137702358,309.98468471710913,2498.1833113601797,71.54836710138359,77.07782139556807,6.761192780392502,92.11393040987943,3.257294487581392,1,PWF
301.3624074043945,311.24271542837965,1701.6571273403408,29.573163779894195,157.8705290123986,2.104685174822485,61.89057775351692,5.093139135615947,0,None
297.75615002731973,308.8727918033101,1702.8201357587425,33.04048640745442,23.691857579154803,1.0772085297813458,59.444992797859626,5.172999832362011,0,None
298.62159474241355,309.00133837419605,1649.9259115234527,51.38749669300519,119.38961592354843,4.229062455253544,56.64013175741821,5.171203707322962,0,None
298.4803106461031,309.12123100761323,1728.5717742144593,50.19892447745737,16.65368251403763,2.0732493772591294,63.25953051041841,5.576510694483933,0,None
299.3531714566642,310.6500660285931,1661.140565858935,46.26795827476617,16.259540732698078,4.180501067611233,59.62742642457627,4.853114615254417,0,None
298.66373205295696,309.2215336915473,1494.6152394543103,50.94008159177032,67.44554574065343,4.3568684981488355,65.38007524138794,4.609541657681612,0,None
297.2450984399103,307.4156397447394,1467.7732561614723,45.61070225842275,66.48417034422106,1.9469345816165546,62.07466363713993,3.944056701763062,0,None
296.17239350349,306.82877888873264,1591.1551938695197,35.54886979449883,76.84526049946192,2.170600178018916,64.71002795726994,4.648369881566739,0,None
299.7876262477278,311.05397189190035,1586.5321266513579,25.891251869135985,162.1454697512348,0.8318685133235859,57.79882877323896,5.4928897746865335,0,None
296.1706569805277,306.4942263972025,1777.6673291593077,54.89079973481384,26.92601965442148,5.00137746312542,59.5480450212182,4.484656190307949,0,None
297.3084840951065,306.6755024504724,1436.8158894386224,40.9883160591262,58.45256738258949,0.7444192012070164,66.58761466263269,4.605695868169595,0,None
297.7973411265474,307.74346050716036,1460.9994206193373,50.53605558074755,14.039251065180244,5.6651921857163385,59.78618182036321,4.816341688484489,0,None
301.8093462647876,311.91180064469324,1424.3834117466733,55.91363608621568,140.62433024505427,0.4496768016227178,67.17780804370756,4.79427952953958,0,None
297.21259831761415,307.01117929264467,1416.258354680298,42.13294317142878,90.08587385007938,4.433728965456394,70.17196183765721,5.011753720902686,0,None
295.99799680771775,308.40837097213756,1638.2842453134258,31.87496622517119,100.40524244530263,1.9119481816066832,52.69741873703449,4.4388904854763584,0,None
297.96328815744346,308.59264697880724,1621.441271095871,34.95779406537059,65.677163190296,1.8588275240872993,59.467952160943895,4.764844554075075,0,None
298.9757029588872,308.9975688122833,1625.020462114237,44.76602842360476,92.60354266724093,0.5858866050384064,62.675973864140744,4.021531727651463,0,None
300.9314355053868,311.43203991135044,1286.838654010068,34.078691195316686,46.37163526045453,2.623265810301449,66.69470039936523,5.388652850896296,0,None
297.3426287713741,307.82679329575757,1343.9900271837566,47.34885085417377,95.69035453503963,1.0579758803714534,66.4879223653274,3.5684980262345785,0,None
298.9506754683435,308.96156727043257,1590.355318676085,32.895106708053795,160.33275091293032,1.817347284450512,67.41512892601186,4.338812575520812,0,None
298.1873389303007,307.72758090760846,1488.5101662800523,31.435598546998765,122.29360171774935,2.0091285529872676,56.130507129896145,3.2793557084185636,0,None
297.1762155803512,307.27784610289694,1565.375552768307,34.54722893241664,87.3942298549365,2.98962172903557,63.89666930023565,3.6739164232884587,0,None
297.4674543757153,308.91224629995986,1467.762661491129,46.49358031940589,169.7911359249036,1.3112412124523007,53.41712564577892,4.829025712902639,0,None
297.90270235293355,307.2793106999243,1639.7474470207326,49.84553322636751,29.11347675455132,4.427189522952634,56.09011814621597,5.2784494049932915,0,None
298.2651544720071,309.23774994041537,1695.5275602628205,34.25642545405286,114.70649775837518,0.8701678485859204,61.19210713300743,3.954954651959162,0,None
296.39108200010253,307.1756171589531,1644.6422959997878,40.23045211557866,58.45012579465393,1.2236674800822576,53.84348385731778,4.829483936507687,0,None
298.8267141626059,309.0132127502964,1699.6350773739687,39.53418778409367,120.92047645152368,1.1681144102544407,56.821038455257415,3.9122458434747007,0,None
296.68522514125704,307.4505432749576,1508.7764046227037,31.335109774625735,45.813250192973804,4.3704884620343485,66.89976994429307,4.755472045612738,0,None
297.76539110276417,308.97170251417714,1392.2484837233292,65.5550608483058,213.58014353146194,7.094579425897744,91.94589010613801,3.131022608055978,1,OSF
293.5467918601503,305.14125534054114,1516.034888228504,20.87803627835193,138.68535228976248,1.0280381599030615,57.185103704192485,4.571511454373445,0,None
297.1034312503751,308.5567972480607,1534.2192093501474,33.798502689725076,144.9189891219538,2.9605355465181904,59.732987979748444,4.200691421137072,0,None
297.0674083876156,307.808768394737,1509.1974761276456,42.3420319702164,156.43070847638353,0.5767551525935498,60.236151111451896,4.023108810039558,0,None
299.3068651110342,308.598832141446,1629.3960644174638,41.00773702481263,74.45520821102595,2.8438888577733072,62.70542314295807,4.793011872027568,0,None
297.64107957160337,307.98872262286,1463.5029332750858,35.5862087404058,170.8166563445105,1.976168678042028,62.92634826431498,3.778658555963672,0,None
297.33161407409466,306.9458886206527,1705.1918982053849,38.718730207031136,158.1270224277873,1.0261274131295153,63.16311303472686,4.453455360632306,0,None
298.1853176083696,307.1101790944367,1543.420457624925,45.00787966603713,44.489380264439085,2.4004609076361434,60.77499477096072,3.370625271086748,0,None
299.3578911563646,309.02146756782537,1437.1460468852397,50.18591948947838,19.802826153193344,5.390934754812189,57.36012956535119,4.577263389225846,0,None
298.417594799499,308.3263718730804,1380.1281453174165,42.02293777347419,132.11219641159656,1.2640592582753911,74.64778065910807,3.694326539973944,0,None
298.38903316588977,308.0328799155743,1485.9442113479402,30.18547265765865,103.45733774531281,0.713744480359877,60.17969974706399,3.7123886983966714,0,None
299.2188294017409,310.35450970809705,1557.280085438511,35.573667320141425,145.01373424345513,1.0066768219975628,70.05333813487874,4.6325040765161605,0,None
296.8342824347734,305.66860347222223,1561.955222253747,44.50878362115864,145.0216148927003,4.054437440613699,59.920560489550844,5.10223620495258,0,None
296.9275575911747,307.3013600045895,1606.5362046604237,24.263641928235458,48.583412433392965,0.8891627815621168,64.9554289026763,4.908206198828557,0,None
299.9675718996642,309.4559731741002,1764.749834730653,40.61730521609821,153.22586416685002,0.6468557662892795,60.57221787863502,4.646249636858893,0,None
295.637032930101,305.5980008455734,1618.2173396090548,38.96032231973639,0.9858237167419376,4.461667673676399,62.156041661621465,4.967485179012549,0,None
300.96007990662883,311.521653965047,1460.2704656464973,77.12677448991222,169.30390942853305,7.3553820519598885,91.60175797347016,2.349588067429385,1,OSF
299.1476478207525,310.2200422981681,1615.6024922412398,41.41622196473796,50.42746615580535,1.1310749985267885,58.169817379413814,4.8062421051489075,0,None
299.21997285927813,309.07589671445373,1607.2089065065745,32.32696754299732,64.6807520824088,0.9817778118266033,60.57349338922256,4.24285034607787,0,None
296.4450363783792,306.46998725192424,1562.225847131256,35.178044041222854,74.26593422742867,3.048903684606622,63.31461063738472,4.484345120281667,0,None
300.30980418645197,311.4864464845023,1626.5704792763531,33.3975071063373,146.71984048517112,1.7589091960927683,63.815508305055346,4.043596764381167,0,None
299.8943457922385,310.18780568181336,1437.1359501138206,33.71359599571346,11.90004963832604,1.3096178500700748,64.7936188100881,4.467527545811011,0,None
300.5866173416429,310.34868695376775,1488.0239681061448,32.39176010255422,113.89671279645867,1.9520658131348116,59.49932693847192,4.377362665617291,0,None
296.76956424101974,307.06671585641595,1362.834948431538,77.44676514270384,174.89375225650582,8.27901279997048,86.14431237947295,2.9925000917613396,1,RNF
297.78340553762183,308.3389013797483,1321.6789909223285,35.183113286402104,14.912465207809907,2.431177098843865,59.02508667726867,4.43486901184555,0,None
298.92215579447685,309.66774065262587,1559.9329077514653,37.968106895817215,95.79110686245559,2.089517560915898,60.74214426483223,4.688881290100575,0,None
298.27581697738793,309.7674841825412,1487.4112874995724,25.71071335549452,86.32127596839364,0.8626358299559252,69.24146365085299,3.7140572866804344,0,None
297.1477051807767,307.51149858333997,1684.328707371367,40.280124064792076,161.14115272636712,3.0343811528604334,54.20930719414711,5.045489526507435,0,None
298.8230810997781,308.34476508413366,1774.2015482657941,40.75072647604874,170.38133854012224,2.837510862454473,63.7783127880801,4.276919118626057,0,None
296.7423034699652,305.97656205928826,1368.500015587593,39.51306762810976,56.988136132804314,4.300946850497437,62.499888879636266,4.598679792579461,0,None
299.19210150644517,310.58700737376853,1526.0959927091155,40.86202867933574,58.78622428418361,2.3208495847245456,66.27470938140732,4.27691357993974,0,None
299.4534794588362,311.3905681171778,1736.281305628677,43.33222948813183,122.03766169590985,1.0944017680075218,66.72877345446518,4.91301146148087,0,None
297.1819704820615,306.24748532003383,1711.3510881933046,28.710485977790505,90.14909285569261,1.1600260912116558,56.93467799574425,4.28571120540197,0,None
298.86580075553155,308.70834889279445,1592.3686923383461,35.92146772657948,34.23157434413367,0.7740627472392356,64.6739167916872,4.369487893133279,0,None
296.6559009154011,307.36228170037805,1515.1511362716003,42.96470573495145,150.06350449251983,0.9431185545366377,66.03065584933054,4.184572855749983,0,None
296.6227718269669,307.9443608376227,1599.0403706204336,36.296626617091455,61.38181258113712,3.0613990645098994,49.98455009434987,4.826066755424238,0,None
301.1791040706475,312.0815763655465,1504.6325183676308,38.410453006999575,159.560545729225,0.3931222915425724,66.55031372054559,3.849726335671493,0,None
299.9811592533526,309.79257592263633,1301.329973189384,25.861545913329053,55.572674433444824,0.6085885158427731,54.43052707397238,4.968400241510448,0,None
297.42532029808075,308.9448630394308,1699.1037804054783,46.37839945183196,160.04769859542768,0.5081876656085246,55.05597415334983,3.883808998258655,0,None
299.4577243936645,309.0949142005728,1528.969623988758,37.645444125980475,167.99735894159318,3.8738908824207243,65.83705530349448,4.680595976316296,0,None
299.8340770326398,311.21879737212566,1531.6483963210933,38.70285931945838,37.60687587549057,0.8566498985828979,66.94853664227398,3.958095244336471,0,None
301.676710001059,312.6014254524318,1694.699608252618,34.285618309677595,17.37052612910911,0.989821171785433,70.61062201417846,4.4713742161269066,0,None
298.5309281009637,310.10704619732564,1582.6289082352203,44.29672652994959,145.38315169231464,0.9895217030475014,59.36760753668816,4.881567920825364,0,None
293.95654190347597,305.12811670709067,1727.5057225271999,31.391201826875616,2.13282142705494,0.7279778487190228,70.27252326183151,4.385780249134293,0,None
299.4051724163264,310.8330443894371,1656.2697387580333,49.949184380168944,136.34213946380476,2.9198361795864276,60.9977821383963,5.386673236385378,0,None
297.2380925791849,308.6082609201112,1628.110488680045,45.388738468380694,96.33822463478812,2.1476328221047574,59.2964336094056,4.04913248347467,0,None
295.84722903645724,305.95988987545826,1356.9112808793275,51.9566529976143,153.135318729565,1.0405883855716458,64.08279160581397,4.041381042083955,0,None
300.5747775544668,310.9276944399394,1514.3456659507005,35.323523273512464,53.66794504541331,2.1586044365344867,64.21033577053186,4.1057921834029525,0,None
299.3403948398971,310.30340885435805,1410.3554645899462,75.54479139458616,217.9448346336697,7.5465086833371835,84.35825524718086,2.685884896484168,1,OSF
296.33152269163105,306.7393433055893,1694.2433006500692,50.99574821466663,112.55325395358479,2.457843668693684,56.82998119372915,5.032781891965655,0,None
298.24759200154443,309.9031217575885,1523.9068695911421,42.47941907348678,24.68316087715225,0.3218045598704454,66.27289970550491,4.156874811468201,0,None
294.5538131281187,306.41748680275657,1530.5574818022744,32.442230534085134,121.14469317928332,1.2897560544151148,58.27390415087131,4.666910202206638,0,None
298.1404386070617,308.37684716688733,1210.3723908224756,30.540811083017218,65.23598301312518,2.1569184627770346,67.6241687953691,4.252518545740859,0,None
295.2295344789198,305.9655116434868,1584.930208669592,47.42198065300654,73.36646476203802,0.3038286303967281,59.61245942988506,5.038397245982826,0,None
297.4477727651115,308.6543312236844,1296.5530922506032,55.06289655896613,243.26461891550514,7.257515702088906,85.26571094402729,3.7235388087297645,1,TWF
298.1684062607028,308.79984207299924,1494.774068371779,26.27491189769647,35.66841140038948,0.880521855168394,52.3346742965342,4.78688688621401,0,None
298.23644820474874,309.0138161868327,1229.5372488897722,45.82843440855375,108.17665079542253,1.8605665690417257,66.68401239760148,4.225102294891386,0,None
300.8898819290316,311.25737680077754,1701.8409337231578,50.78284856989768,94.96537437389934,3.617707330517286,58.24351706108301,4.07176954470641,0,None
297.3943772481456,307.0958074413365,1440.5808750427666,36.73549057039259,90.2159852850159,2.6015628874961747,65.8388054019469,4.33196507038941,0,None
298.4738378368936,307.84938739380857,1776.2567277331511,33.45761982374021,166.62167867290236,2.5755844845813867,62.178639403317135,4.945641517732458,0,None
299.1038439093052,309.15813945124745,1588.3579854301395,45.82960862150773,70.95750775522127,4.091748158181912,61.3700683125362,4.30417945477311,0,None
300.3947750743017,311.98448099724976,1665.5516264846528,33.63258643794865,120.96707194890679,1.3325151039673226,62.42185484150858,3.947697197491952,0,None
298.9837549129489,309.680621805202,1458.5114132269782,44.973374499854394,75.08773430462557,1.0603193178531236,61.00226677784698,3.9737562724415247,0,None
296.3332844281137,307.2424840884032,1265.1395193025437,40.70923307967578,8.62403525335536,0.7486561840922913,62.31156253832994,5.04746291098281,0,None
297.2898821513374,309.30809576473416,1881.771041146068,28.600251229845398,139.0658770014433,1.0636016739170593,67.7842273543593,4.062205258717491,0,None
300.49155349084685,311.7167888165348,1619.766248758585,30.60901363115839,110.51234366786208,0.2923593153897466,70.26422173972888,4.516150700518771,0,None
299.64725819656366,308.4786242454397,1629.9997691548126,46.15826474298371,112.46194236637963,0.6488590998351792,64.02262326917796,4.1627531470009735,0,None
296.17828322711136,306.0108247907181,1552.887719223679,37.85114999212416,141.4207821224312,1.6162026514789543,68.37698190902793,4.871218444650667,0,None
300.31740277657633,311.9122257290061,1426.259568061844,11.093006532966236,115.19901493005388,7.8452976054917825,91.56567118796627,2.82845848993968,1,RNF
298.4258388056667,308.4733777113675,1719.9815128106352,31.990472447384306,19.57549061060643,1.9264623729997667,66.92836894813487,4.828880454272333,0,None
298.0403714488272,309.52817298006306,1383.4901348748565,26.404712822969707,107.45145933181404,1.1780796063605954,61.9732053009132,3.744655624573579,0,None
299.7933881383788,310.97089382148675,1658.223822090033,38.43912564270066,89.02955065027484,3.238943017131025,63.3110500750137,4.2622877701059965,0,None
297.7131421454803,307.648523359004,1917.7660370311924,43.56871729706684,57.07620049588828,0.672273058566302,58.51206172792078,5.458251603359165,0,None
299.5797082879901,309.42673449235656,1426.6385229925802,25.85170823581974,153.95921413417392,2.795544994314593,71.78260018258501,3.6271496985399354,0,None
300.2835758599625,311.4689378441566,1721.8809748766735,42.306693396165514,166.36933894123942,1.3107798300970286,61.831119656934604,4.633856854913887,0,None
300.1440181523251,311.7209987572873,1491.7731907746565,29.76345718851557,58.819188088605664,2.5997291492240455,72.61230923389762,4.62776121839775,0,None
299.55282067394717,309.280194567656,1529.4060498280112,35.340245506630666,36.225145522657904,0.7723260925325703,59.87445035096115,4.175872266897766,0,None
298.96845034743774,309.3893741864463,1534.5173038380137,29.563472450966064,119.0348466096832,1.534999302704193,64.48411356420947,4.411893795449879,0,None
299.2354610321986,309.76266750918114,1842.276961644461,48.13409511304485,29.12340163803048,2.870181583209079,66.26402533537137,4.963394577509404,0,None
297.5505955321616,307.8079154781799,1864.469150414343,35.201076909143374,78.41594473928598,3.063742724738766,59.203774489635194,4.105885131488358,0,None
294.85643521235596,305.117089794414,1428.915637816314,39.10097161519818,105.10442312640376,1.0867692423753168,71.75157682618064,4.97343038650701,0,None
298.45029341942706,309.40371080037437,1403.0428091027263,39.71688675624093,160.14962941554407,0.25549168539812667,59.36275985976801,4.662867921065358,0,None
296.7155437703829,306.37071913040955,1416.0000680280434,28.936164180819027,25.309959171603303,2.140368494368229,65.72482544951811,3.977763730810556,0,None
297.4354270391946,307.78513951838767,1496.3500197441565,37.623711882620334,42.40349464162374,1.5817042896526918,62.63838484193209,4.127561378131302,0,None
297.11675999314554,306.67519030292954,1352.3315902086988,38.717226558575106,137.34651871196118,2.048089092564908,65.02971970232068,4.605444949973575,0,None
297.7157951269187,308.93900917072773,1636.2397457177105,47.158054255917314,30.68129371625485,0.5254305513058556,63.164725520174095,4.264170432568435,0,None
296.11339430864535,306.32085264262093,1565.5038878796943,42.59345894322959,106.23514868849581,1.136972980997338,59.715567477159496,4.315946167469649,0,None
295.8719321021117,306.4128904236166,1191.0065300846504,55.765005652310045,128.32370177683902,1.0370641964021334,62.88324315843405,4.142714270578796,0,None
295.65225894623615,305.44765567455397,1424.896815063483,51.157620601218284,31.61265331432162,1.6585519796388444,64.82079377531926,4.051809774498881,0,None
297.42890032623484,306.7727361147051,1703.9542760337383,52.700626920544465,124.99610599382352,3.6440628799353854,63.586835426792334,4.056961659021159,0,None
299.02708583535093,309.8824444971835,1694.8724182403957,43.42744725804546,27.21951601258528,4.2272261034362595,66.45235695642246,4.339934018944385,0,None
301.3072380357879,311.54625107223484,1722.6947764306587,28.998702107073726,59.14930547958651,5.324902915325669,57.890076224878335,4.808463755343412,0,None
300.33246839873556,311.2928736195284,1695.5096392840296,50.56845533665551,101.3783997495355,7.722102471139015,88.1783423172779,2.13493458433647,1,RNF
296.3034908708341,306.27425771682186,1752.812843738754,40.519318299011644,85.7852552473467,0.5504097586194105,55.25207742961921,5.249508824646078,0,None
300.4986631180565,311.1325692265211,1421.1945218851833,55.739070918585725,202.336520704439,5.161269324284977,86.94841588812727,4.502764975753826,1,TWF
299.81562508167696,312.220995907063,1625.8844231940573,44.53404160733016,18.242559804836063,3.951037834002171,65.19625342629234,4.914314310568431,0,None
298.6531391375779,309.49265428786674,1586.4685826791042,31.40591734334344,50.74270631566269,1.7032185895283978,56.442602763340474,4.362713601404273,0,None
298.9805368342658,309.7247313354909,1437.217338743058,35.18990100236143,117.94672265539637,5.809066451102808,64.4300274720596,3.775061743994525,0,None
296.08906436892744,307.4912134045406,1844.0523734355243,37.809694070549554,77.57003473788353,0.7791836572825829,64.78885335212627,5.619416447442405,0,None
298.9418477091778,311.7763865532259,1410.0427825881607,61.64867331689624,46.21931828133826,1.6202563407462551,63.47628291831191,4.6012234058140615,0,None
298.71209233022404,307.6881367670155,1518.5435225240972,41.64911978592377,98.64190789132728,1.414710915940471,65.6963013628525,4.048284452770326,0,None
298.2072807785513,310.30539381126005,1316.1509325225156,68.86816510368313,203.22122925507537,7.653479576113837,83.42370693963471,2.6336226087652657,1,OSF
298.19159786334086,308.7828790571221,1453.4554941059764,40.490223093391805,80.86046533156029,0.5143482321121793,59.10881655810991,4.893041362345376,0,None
298.99408547542026,308.65397288373856,1274.0461606797567,39.75838444734339,60.37861665683165,2.7342068147899456,59.05880321668248,3.080935258585197,0,None
298.2996606614778,309.41719678534713,1653.2757907023931,48.63137363403912,9.925149199389466,1.8557627608238252,60.24729453312213,5.218625293234444,0,None
296.4381801570004,306.62042390408357,1562.13314580075,40.22487071677522,150.7533862457609,0.7182388141928856,55.74500382688883,3.900208642286759,0,None
297.9314548602695,308.66441706437996,1515.7037815414058,39.236484250087955,143.7779632600174,2.861722419438339,63.19222727706009,4.641471443429349,0,None
298.58141671741726,309.56618654602676,1430.9141168376962,46.35648640557734,162.8552930549821,7.8790954887768905,86.84328353857765,2.459585155850029,1,RNF
298.13759567893277,307.76061941903794,1811.0205435952846,37.78440300168438,173.17357432009945,2.517083802787526,65.71240579002543,4.521627620095866,0,None
298.56879607400043,307.94953333145287,1688.7034426624125,44.504287351479604,1.613897877764714,1.6851827203805798,60.877935347779385,3.55498036819749,0,None
295.7195756778616,306.1775716230307,1618.3759828359284,40.8827163673143,79.00529805008586,2.35736295824921,66.76230130144488,4.679696710233897,0,None
297.3555100398411,307.78584225892655,1403.8972894879346,32.53030418594639,34.938403356733474,2.8178950131911464,68.77770476368836,4.4849992393898725,0,None
299.2676777976614,309.4695373304998,1582.1969897693564,27.32612517300227,166.8497220951423,1.2843522832509795,51.67311787011245,4.776334483511382,0,None
300.41419612053704,311.37511154250586,1199.7570353070296,72.24115079179448,73.58982166641059,5.898100782121325,83.80004255751503,3.127695980362557,1,PWF
298.0375672027038,307.7218109469367,1741.1001327382414,34.20107772106882,133.3011559416579,0.4899976936802507,53.20221630775322,5.586879703858955,0,None
301.95244964875957,309.79777015613274,1222.0370713593297,66.82496791670727,169.56838350069526,5.953018546796404,70.41421615642368,2.679913026338322,1,HDF
298.37316438604773,308.9926379148956,1516.645936302225,26.568299462245893,69.17548068718172,3.5364808403495607,62.700994051403754,5.401506221883459,0,None
299.7013354321222,310.0241248217605,1630.8434696265374,49.99976267774088,110.95647034738151,0.9035833272489187,65.68612016331508,3.848641846620347,0,None
299.02912091680696,309.1243479576167,1413.1883901280394,39.648592751046436,87.66264577288845,0.7305932337465277,61.81322032668458,5.196951261991945,0,None
299.20299302911263,309.22656508096554,1541.6607750853098,14.542267450173767,171.9357205639608,3.488089181073595,58.55594314405942,4.7861176833461405,0,None
299.59932963880425,309.4781656368109,1468.0898742681961,64.04120411585967,80.27036652027338,8.225464913739742,95.43093518085946,2.051399672939112,1,RNF
299.5398954234957,310.30137974398406,1474.0942861225305,33.10812541404737,9.890059267910905,3.115283985941249,62.92954975627226,5.293291297374721,0,None
298.11223972020804,308.8614324072463,1761.8292125219882,41.08836930664448,167.20915658664524,3.1160465810054574,59.60648629098167,4.120892130970709,0,None
297.0336909363701,307.93118980877614,1282.6073927419102,53.11435898427048,156.98505696515113,0.36745998248769346,61.54462917229572,4.662579712846903,0,None
297.3363745998835,307.95457932580365,1550.8619545280947,38.21884386756802,174.31171715908945,3.3517549551543873,62.243216629189256,4.728038848736071,0,None
297.2980954614786,308.54404335824233,1519.4004693260251,45.038959247795546,145.68365000558404,3.0759475392180584,63.5885351568482,4.185425372486019,0,None
296.5766312405617,306.6953881994149,1593.7892910309247,47.46272088469473,168.66656968367494,0.5725892720797816,54.19291635506885,3.9796843351557163,0,None
299.754337669378,309.92039336378645,1919.446430206885,21.89450103997131,48.777226177246725,2.5092218530431265,67.715667898849,4.418307490974838,0,None
299.5637693361464,309.7231648524251,1533.1728087419638,32.12370349455909,43.68876623270298,1.6373767686925442,63.241092840864646,4.873321538758328,0,None
301.8591969911659,311.0604909672129,1477.7075052746645,30.956435571044874,94.88423785506289,0.7729942027950396,61.10567200053894,4.515104304539048,0,None
301.9198811546228,312.4616879470208,1506.7070147603683,34.0982476779907,31.547518803215816,1.1236608074988834,66.34599081704924,4.149885581728019,0,None
297.86863247940994,308.12448140302536,1495.6648635692052,44.905832979544975,50.06536118586958,1.3875494269215354,63.799561946275894,4.865402413912974,0,None
297.7563731748909,307.3040469863513,1432.140528120697,31.570014818876565,118.68137634711164,4.719065412786127,67.18229273066375,4.295690047141239,0,None
296.48970685600494,307.6314096228994,1334.0423032477074,48.26902023619019,106.96151424271993,6.848418773646178,55.79486580556715,4.077426373628247,0,None
301.1673899292599,311.33423918266146,1634.2861914621524,39.045079088907734,138.61851139761765,4.820324935975134,56.78368052286177,4.125789015326509,0,None
299.1510707335868,309.41567672907763,1704.9553986567203,43.21162974291032,102.00505027076309,1.2958304271199452,62.88297700101281,4.362086151048035,0,None
296.2038519862874,307.4242784481527,1402.6896788221018,53.621033288102794,27.423260864290917,2.208530085711802,60.075619085673864,4.507645997647904,0,None
297.9197226623361,308.4318690163684,1709.2922906113513,48.661976879229975,25.971771591961502,1.3672437899418006,58.30513995628573,3.76827017090972,0,None
297.7688299945652,308.9996089801791,1523.7604098749853,39.04965901165357,148.7708019098196,0.8142580949963659,66.27346711375597,4.583880159235589,0,None
297.26154997558734,308.31023623047406,1626.5295891502058,42.248867861827954,115.73593610458595,1.104963415922677,60.98373015328833,4.836428843842935,0,None
292.8674212052211,304.26253688356564,1715.3284907217212,41.648765489131584,155.88264422657352,0.5364746689942653,60.634096969770134,5.0384265994751125,0,None
297.753750263394,309.37342597951067,1500.7297125223736,37.63217515129085,43.01567484862654,1.1111729551475822,65.30918999729518,3.624186665185379,0,None
300.9715940603836,311.4663190640013,1516.5519515933368,26.73905611292794,171.7382325033147,7.44635195058981,97.42572066601629,2.5495275759017195,1,RNF
298.9110861431526,310.52471714442225,1452.1443996158298,38.13104496424149,77.00580177570095,0.9018043819527959,57.160359297064886,4.977878243130811,0,None
301.95034281153386,308.8286269012732,1307.3271024092624,69.65731734655452,155.29931711648786,5.821686015985204,68.96289751069686,3.3353470133925667,1,HDF
296.13626042561265,306.7038752062649,1450.236909884441,45.26669270012614,9.435419663209768,2.0332831116238017,69.99354040344087,3.478564547039532,0,None
297.1355573665059,307.1200851528883,1418.6361581163146,30.615476914725516,144.34634850190767,1.1327740042853733,54.992353973248754,4.922154472146007,0,None
299.23927727195996,309.4947819831053,1697.00988965899,58.19725522715311,66.76097631738978,1.7459405709343594,69.35512354238298,5.143157434549083,0,None
299.8151741849653,310.40783385474685,1830.8280815397934,35.85429460810902,101.53410806839597,1.0499629135859294,53.594067402257785,3.602360288656552,0,None
297.9214834451971,306.9523956181808,1428.5615525987744,30.119666406911726,40.631246282130896,2.0061597747427093,59.15176461462999,4.813272634340073,0,None
298.5508871306226,308.9889323620418,1509.7898023140492,35.41271726063773,16.984472922091093,1.4383763216527554,63.45242475594406,4.798963540012126,0,None
299.62671358280005,309.53680966000167,1646.2574373644159,30.029622090717073,132.18485270097344,0.3612194735415076,58.52367205925858,4.619622426900067,0,None
298.00226924026794,309.82516305506175,1275.9419814468563,43.482415232986305,82.47659499333042,0.4340377250126183,66.70566301384235,4.240624719852399,0,None
300.09274520471655,311.46998289930076,1605.4153101255906,33.698781559381125,22.970886941252417,0.8510905305634351,62.18894206340488,4.709928279079391,0,None
301.7064896581722,312.56498745960437,2498.1833113601797,66.90187558561898,59.401094832774646,5.607412403853903,86.08358492845257,2.5182465175302573,1,PWF
302.22369663066337,312.8646484886655,1468.7268672563803,39.654267742901936,119.30379161148188,1.765963312725535,58.417780174845944,4.107474629254365,0,None
299.20244382922453,308.9813432853068,1679.218033949062,28.67789418010493,58.420516647862605,1.3096740715080029,61.803817844971334,5.144671870463979,0,None
296.72709539858084,307.6320215229494,1603.5467321217886,40.265222143232805,109.8574885207794,1.7791197767233726,57.71229215247291,4.648329663258027,0,None
299.27862705178654,310.9038174506814,1336.6196300537624,54.21071199979307,228.26645641019363,4.9307558103958025,87.40203688634286,4.866337365198761,1,TWF
300.76020928053475,311.43350926085844,1488.393288790002,27.787429300721612,47.15173588091604,0.5765190473030037,65.05887586599306,3.7175709045142153,0,None
295.79676145987577,307.8091140080004,1489.7458260748822,39.53199866022797,136.55919333440247,4.460541828324502,67.3255341225004,5.302261473110901,0,None
299.7546120822354,310.80308387927414,1329.5734396899527,37.58016461063295,147.42539037632824,0.882614627243844,55.481992179553686,3.799552520411613,0,None
297.28791405486385,307.1831534895103,1686.3644336675154,49.02918000525856,127.82635151189598,0.13318472725095604,58.008805961457725,3.465465148087537,0,None
298.8001617128339,309.2085141708559,1479.7401221678997,38.892625388011204,43.97035360674724,1.2355904018127222,56.80797436241398,3.807966898125305,0,None
297.0476880848171,306.850733660811,1527.9296062789567,49.44878593727301,62.63216497048839,1.1568368609765212,65.89958130720494,5.422669938587321,0,None
299.1076228062759,308.51413611565124,1538.3139025856096,44.33730276834351,71.76569457070175,2.622494389335429,61.80138900724329,4.317516959100925,0,None
297.7253799493569,309.2020369884074,1775.4089440385221,47.576346406110794,69.23305651382196,1.2625117637786105,63.209597416436374,4.678639205870149,0,None
299.1836960593575,310.94960328207077,2498.1833113601797,67.69717318081592,138.3389545793228,5.451574966698783,77.13375524766445,2.735877308247933,1,PWF
298.0540026722154,308.07525260775054,1467.743670137999,40.5927986312028,123.19753632631607,0.7199892180223245,60.47905433621353,4.40777516332345,0,None
297.3586214609796,308.23585536531414,1498.2986473060394,31.997112565102476,150.95311723473864,1.8035120171643098,53.88122305432377,3.5225205027189497,0,None
299.3605577829362,309.0208333838083,1332.9125574299128,40.279860513894725,61.692373971173986,3.9719089900390636,62.28474658959559,5.220233869700638,0,None
297.87912391952773,308.05955152714944,1403.0885630226305,50.378652590324485,15.416248874580166,2.6211396620608016,61.544613627702745,4.257123415152027,0,None
297.54594475195,307.77951465670697,1671.231437995515,45.75363126226503,166.31725151634558,4.718911164531028,64.22831198381878,4.0938857516042635,0,None
297.4064355256489,307.62109701830497,1660.376698605444,23.955145735285857,158.0800668240825,1.0899756432464296,63.27151298218628,4.596886148141176,0,None
304.16445494338745,310.8774976818308,1215.5958714766903,64.6503540341991,171.20590380484887,5.57904326907937,75.1753932697728,2.7023476141149327,1,HDF
296.9299953545178,306.77973648224855,1527.9126998454583,36.11855853423851,99.5878092282629,3.1128349100234947,59.82347330065873,4.0706663532756675,0,None
297.06181160497704,308.196352155552,1400.266752112335,34.58033454637674,144.72672928821163,1.688811247217617,54.13073279724102,4.69858022032335,0,None
301.00804908238683,311.90939711852184,1354.6468482092612,49.64076031445978,85.09997516148565,3.1726262758865027,65.80722206810232,5.412781842579048,0,None
299.30841213761084,309.61826548404207,1458.9422092084133,31.423467152220013,154.50492866290722,3.1868956779196784,66.60297987456045,5.12406224488616,0,None
296.7843259281046,307.46157270700394,1267.486459909759,47.13255107906739,150.85889997082236,2.36031685160617,69.26645742579686,4.537306986515837,0,None
300.58416443746546,311.8276924252981,1653.1999409646164,35.48595745632331,137.14287877843066,1.301804903099554,66.3072309810008,5.449482667345806,0,None
300.7204801798642,310.7474577723684,1701.2331816266465,29.96319646897884,33.485333472827705,3.454888105334348,62.4750307853214,4.59906780409465,0,None
299.75321799909636,309.98807290207117,1532.8269830254933,41.6783498517888,71.49150675867595,2.145686389331437,60.4541340085293,4.290076142463506,0,None
297.4831623306554,307.3432099252938,1723.9704974134447,56.31181244092652,55.89886727498578,5.775454368072445,63.63791271732341,4.186296180838321,0,None
297.18965593232855,308.3067773682516,1525.7191207821834,60.382963407913934,32.94906105703136,2.019557660537016,59.6520308348413,4.056792564163286,0,None
300.9163585804652,311.6867773653466,1497.1580463899627,29.616220104339277,106.98288182799922,3.0826812555074663,67.50210130443203,5.213783179577466,0,None
299.024814711642,310.63244034971717,1408.8771191258902,41.190318446044905,67.03171132319582,0.9140015798562189,64.07088724256803,3.701206015316854,0,None
299.9433125464607,311.0215740624491,1749.364154334014,45.77221204545185,169.12338044080474,1.4410912579731734,60.10733809501982,5.043085053655627,0,None
297.96890795721765,308.56985028014725,1743.7608277481454,42.33308367605237,110.45548570157621,4.031698529860624,68.03704466891405,4.166015304116776,0,None
296.49936650918903,306.3809427415069,1457.4118445250094,33.20562535751719,161.23929547241576,0.9276079972262954,68.7390236339617,3.733925983975279,0,None
297.2502369601452,307.2230055402343,1457.0216047860051,34.08576566213053,164.4008840068328,0.47573161359368665,58.0214075206812,4.192222583151133,0,None
298.79944148815576,308.3498467775112,1755.9830914191687,34.30986546148468,79.74859977355206,1.3097417707087624,67.29116400537035,3.6790223260226576,0,None
300.11113249685866,311.0043370146561,1282.9923741352075,42.70256131031441,131.80784817343047,1.5380517489833365,61.86927521368401,4.234501575220694,0,None
297.72809969654713,307.96301785727684,1686.163518121933,35.747333052336145,95.48763320675485,1.4735233673799295,57.023794853006116,5.3797736359147805,0,None
299.6644782664944,311.6782316751609,1329.1834632537132,30.314475708840728,69.39554772038264,2.948792489893579,58.682023770410964,4.447345450332927,0,None
297.8808544849101,309.1471261897967,1833.9170528703512,44.537143890442664,95.85024893136628,4.813150780024603,54.91743459110778,4.955929572428363,0,None
299.68819951218217,310.273845474576,1618.7996272639982,43.672125374245,19.454633231922212,2.624061552466218,66.21834850793076,4.163380050933529,0,None
297.78927086010657,308.24140994528267,1492.7058868132035,45.199336747704855,136.3885713833507,4.188003982384532,61.92178670185262,4.1002224010056265,0,None
298.3779283970596,310.3608009869577,1399.4424235054453,51.48941990548849,137.89573389967515,9.385288187110808,89.20434472155576,2.677701516444141,1,RNF
300.19369475387896,311.0906541037696,1740.8033537092906,45.783639003717006,31.83974530597589,0.7489384190236336,63.60082823430296,5.023931901173203,0,None
297.06228127869196,306.96279512715375,1550.3408808175232,48.20376161518767,112.30562743768505,1.4370929206069938,63.077995796283616,4.8134464097421485,0,None
300.47294418473484,311.9911159719119,1612.355537215423,22.90797512298292,170.71083720793476,0.6722859934655665,67.05435503348474,4.199047153326425,0,None
298.0000141419861,310.2700389735039,1312.1763580873758,35.24309140332437,87.22732207612403,1.1667049249780195,65.81113501484522,5.389018886322643,0,None
299.2055000600782,311.69365199342127,1377.0329114631845,44.21892809438658,119.31204621216045,4.509822420074868,54.355493114686084,3.9385969970588883,0,None
299.4049892324574,312.13688683771653,1289.4591344701164,40.82421282024081,168.29837228557113,8.175909471223298,91.87177935817056,2.502929214370956,1,RNF
298.10548283627617,309.9807153265496,1682.1309248540028,43.87922842141978,169.59539291462926,1.693183194647562,62.93888908009163,3.8237094022284985,0,None
299.99567513599925,310.03237584829066,1720.0934991793747,36.02758039340469,126.17472350785818,0.4270274639101345,54.83255077710126,5.506185723603062,0,None
303.9333184778975,311.03584570903297,1282.5433058284248,70.42422380862551,176.91884994978705,5.639833710884947,74.83508441121825,3.1789272434627858,1,HDF
297.77379648820744,307.84099099558114,1772.958079173134,40.88307977068576,132.5689376895151,2.0687053385751266,62.81698449969734,4.758687939589755,0,None
301.13685494313063,311.97610843234537,1530.5811549121051,25.47379594277772,100.34093790027273,1.4781895767815096,62.288419412704464,3.8986543084882825,0,None
301.20445396957,311.03486968601834,1510.2857966224096,40.134476462400926,3.0854965634543237,5.852175119528915,65.82203406826572,4.161542819924265,0,None
298.0832594219505,308.14493517858494,1402.1512838174863,45.490222507021514,167.41551547423734,1.898582698498583,66.09663778255076,5.117880440969528,0,None
298.22153326653824,309.08777775447885,1665.791638637219,31.361757591510006,92.46032135139698,0.892265988055121,60.016988720272,3.5328407317472625,0,None
295.51544812787705,305.8446827043967,1740.026422685148,33.00866278266511,58.77450527564562,1.5025867021233321,60.26265358536408,4.947861366086811,0,None
296.31871132353456,307.6914006600175,1486.185767276991,39.40432330138589,51.588544701314134,1.5015566504310927,64.79152359534845,4.503148746227479,0,None
298.50299124370247,308.7547450793945,1636.1739284938149,50.31196248662451,115.81877964809372,0.7319996218234174,65.16587531026926,4.215280205606501,0,None
299.6934166693802,308.92893351673285,1620.327395386266,24.682270982200507,147.55713466503644,0.5321306623382226,56.77405275505637,4.820691588701601,0,None
298.4498917428392,307.95425774277146,1525.5152094214307,32.98431042085105,133.09313536827636,2.7954800541213123,67.90742296552719,4.5648957096962945,0,None
298.7401040278142,309.22402502639846,1509.120768362576,21.29273507682462,149.11222161999746,1.7146237878402448,55.97242109487005,4.480215080578102,0,None
296.74611846993696,307.63633832680443,1846.0022863411605,47.21723513639131,75.58834908860841,2.1349705210055485,58.0502273134094,4.0256668880783,0,None
296.8275933776228,308.3143182387049,1586.0101636126733,50.06070135538822,41.15479184680706,0.9984074707036035,50.57503146508326,4.949243719347148,0,None
298.56921277848306,308.2054237214624,1540.2496257546452,23.85266156721711,111.7594448429245,4.900988141132465,58.407820062923925,4.5929905582473545,0,None
298.50401327340796,308.93064845409185,1808.6048867426691,44.630334225104164,38.674677566636156,3.4680448874165104,62.158619408293035,4.932441516098419,0,None
296.5073551147516,306.1434811565264,1270.811951911273,42.2816270645582,93.8611848824223,0.9176486365131008,78.59360060674236,3.8426278214607206,0,None
298.53801100878087,308.4684324269737,1656.6451203778254,34.488702861047585,154.55579485750656,1.1380736235052522,61.205488760526805,4.787637466681136,0,None
301.6770967986155,312.9431265292393,1483.3506071942675,31.994132213870163,172.49155402928872,1.1319753078745804,49.99764685442668,4.358548069198877,0,None
298.1788606495624,307.97625004730367,1395.8425264513714,33.078503980073855,162.25715955388583,1.4295909502434505,63.50269619163719,4.756954532507115,0,None
300.8416233390854,312.15173326680065,1663.054956229891,40.855168196742696,6.515460306651061,0.22650505994730274,58.02372391546397,4.674535225384935,0,None
301.44217384429294,313.7742475186212,1185.7709804358217,74.83897472729791,213.1531161587091,6.105994674943469,84.82328330397837,3.14346784370961,1,OSF
299.69058788747606,310.5854360509435,1452.1610971803077,34.19495824349073,41.15222475147298,1.4112043892788944,62.50392945434655,5.338288283475823,0,None
298.04732693536704,308.4268357236631,1591.8476374260383,42.11919828972693,78.87045050590801,2.9948067652352175,51.78065624392564,3.926846466002779,0,None
296.1701497784259,307.2753404618788,1481.9117210631541,51.10851390694975,147.11926400807687,5.600121652747023,57.396033771131975,4.742252352201616,0,None
299.3414740494414,308.6586364998424,1485.8298774760074,49.654485824079686,163.60687849057547,0.7804796067484255,60.34531812183544,4.324687994724138,0,None
295.56801002567323,307.1005255944113,1256.4944120853359,41.846124998392796,52.60099390945388,3.1520553210896485,60.164868623537586,4.45191392101285,0,None
299.06893294228934,310.22011763044753,1827.58713777585,47.75639586806097,29.862628031618424,2.0551525240892645,66.29006714856227,4.6506485391532815,0,None
297.55631810091825,306.0384957669279,1340.8871697890377,37.415115782865335,118.50036403260356,1.384285841467002,58.31634395037943,4.91507747963245,0,None
300.30847980299177,311.4458413446484,1621.2794761849862,54.45653654028288,109.49213273685862,3.733069375872216,69.84973078179196,4.522560983691764,0,None
299.48905767916705,311.663616024935,1781.5971309940678,38.55818058877858,135.57660011360522,1.5446484285384994,66.39082525148949,3.747643363486803,0,None
298.7962553372406,310.2980822668059,1539.7729596251268,53.29091650182427,88.3861622314993,2.214710511495019,56.09528772288408,5.075640137535716,0,None
298.3996139747835,308.10625664403125,1714.9594588258046,40.39125330008624,0.1493970515455717,1.1148284332729306,68.95901157071717,4.2448875420502565,0,None
295.61096048426424,306.0258908822392,1357.8447027052116,50.50277111424326,130.36890973065633,4.279526477588755,61.224646777522835,4.330285555666474,0,None
296.2925466198463,307.1607639198321,1666.694685809188,30.95290939707131,74.46850210120992,0.6372687767601232,62.817877433413685,3.915504320915649,0,None
298.98563392638704,308.9860255623162,1705.6968743614248,37.413742025041564,126.76246359522123,4.698471542541927,59.98411039503687,4.510234090004353,0,None
300.56353680355824,310.17229964342863,1684.2923731538183,41.69322655618013,98.75970437780137,1.1307899932753365,54.396769308477765,4.4492930631792715,0,None
296.9114219489478,308.03151404621906,1515.9906159456466,32.156332506643736,16.021553756468066,1.6077625342722284,54.94575944576715,4.923565576761572,0,None
299.4993332349761,310.1053309497726,1751.9993030008677,54.384868691056,26.448449973556425,2.4861958205399897,58.0496912989111,4.227734713330367,0,None
301.5399304235381,309.1150262144005,1195.0750525635124,69.46883012793145,80.2151831433574,3.788723784194378,67.83583896376346,3.4402797609951796,1,HDF
297.35576270997814,307.9464782235515,1607.8427930374985,54.945483741550404,171.81143057364815,3.0775102853932625,57.7668296497365,5.233788409776909,0,None
297.07430072917026,306.9648409918432,1735.5464248357887,36.65324439475966,150.08196618197255,5.270295095499938,58.85805285690988,4.699559341032344,0,None
297.92709218049566,307.528296953904,1421.8604571605142,40.087093743848335,159.70544130430767,3.3194997150149272,69.13413517480421,4.07344299826141,0,None
298.04018601684,308.4293762211542,1419.000063328325,38.15096260904087,6.646888668034162,1.068641100105137,65.26175614401296,4.023114083918637,0,None
300.2707901297843,310.0635910443871,1523.247753653759,42.057835555426585,166.49596524927773,1.2040680813087175,58.82146830005301,3.2234375976395047,0,None
298.3503482246224,307.75216496353426,1342.364834180923,74.07299069565904,212.08784634979776,9.404255805686686,89.05849250889034,2.768328370826035,1,OSF
293.8467216160247,304.5925981093911,1494.2740707074302,37.61032341307693,168.78037194891468,1.4404769847086454,70.99150191125912,4.074321149822565,0,None
297.70936930923614,307.42430856002215,1526.1790747762059,29.067278217875128,61.27826809440572,6.001319323265156,57.31790822505313,3.6132540730806904,0,None
297.71802385417794,307.1743522991376,1450.8372936110993,43.44799595003641,111.77435180850304,3.1363699549132673,62.73629358998743,4.959803690814575,0,None
295.5753105107606,306.15729822448714,1400.3880397585713,34.153780760354174,68.84737586132422,0.4894689643799416,58.56268101769719,4.10949619696199,0,None
297.4643006729408,308.1505951428823,1471.460109415706,29.076184886592323,126.99607356008052,0.3141722713223705,69.38525559262598,5.144150302298035,0,None
299.61557065181387,309.9084196145512,1662.7248231779051,52.35091709747094,70.61030817408837,2.357817844304216,68.70276513627753,4.413786719081027,0,None
298.00438282456844,308.17596803838467,1395.0154321536447,45.71729376729376,129.40962748373235,1.5169926168380052,63.47735397071041,4.511993763087765,0,None
298.4232472074913,309.9574434391058,1588.4837794314842,42.68425637732356,10.693017385155626,0.9017564743988228,58.023151961928505,4.50373316029686,0,None
298.5141273665445,310.0665339992966,1626.6716437143214,31.989247140801943,146.855241839302,3.1995650779446883,58.30747575693738,5.896029937392162,0,None
298.22966635031077,308.3484252117354,1500.541721084406,53.02854016853376,89.22858958307116,2.036130323753607,61.832483447686485,5.247919299942031,0,None
296.92884337558075,306.93121553113724,1288.813138683079,19.147267431544762,57.35221741936242,1.3577592825195972,59.53616185667129,4.355371453053186,0,None
298.67451411875453,308.5871274611777,1505.4800524036596,48.36929438647271,71.80348237298514,4.3099248600739966,51.342045039295854,4.2681860800121045,0,None
296.10859704678916,304.88669021110184,1601.4011007289407,41.07616488301221,41.77055425047708,3.356246761041121,59.450277707251175,4.480485361875247,0,None
299.6741307334386,309.2828656468521,1580.0941441537545,42.70390280459272,145.03266290508438,2.4233299756791196,57.89084492117072,4.150234405872757,0,None
297.1108275057281,307.14113528923195,1305.4187370526267,46.72382719544703,47.080871035784405,1.3306480776810723,57.58613302278251,4.295654892825521,0,None
297.39199013781075,307.78214136517965,1597.6734198686534,45.39861327317231,106.06563459739392,2.7229405139887137,55.60734751554604,4.391572654204468,0,None
294.7343305888421,305.32323408907934,1252.5118831881755,41.17953886926216,68.67784773096186,5.074702600148393,57.01375449216844,5.038908220193784,0,None
298.57523614640064,308.63342714471054,1580.9008378966319,27.873613080188036,39.26075761505879,4.76252974763039,67.39934900984863,4.156243814319908,0,None
297.9325744026509,309.75350645801745,1299.303604630428,61.59143260298473,171.09735934282077,6.986318280898628,83.36013874060656,2.7550061365782827,1,OSF
298.0890723592282,308.1177826530033,1483.4179976728976,47.37221521999339,2.853532812638343,1.58064716606879,61.47507838899924,5.108379119180543,0,None
297.9871776249083,309.310743610187,1681.517562902844,34.280080736813154,58.79363849688912,0.6292287862889145,56.09460737604693,4.550339870380493,0,None
298.2730173984938,307.29154321323404,1420.4647677493872,34.36386147929029,128.26320885306643,0.7935146751587584,59.539266322501135,4.626609545276578,0,None
298.65963361807644,308.92164785737737,1527.6038099583782,48.036459213064745,136.95863808847662,3.8071714812750668,59.032428296639345,4.446893408210937,0,None
300.24004406865436,310.59980844473114,1450.8416700021455,42.46929415658426,134.41573341334953,4.745840819605298,56.82351304937743,4.1898912673991475,0,None
298.55673139069023,309.16661337421584,1348.9740804935807,26.287184153358275,166.70254673054833,5.390604382399021,65.94030898904222,3.2124805778160423,0,None
299.3304247817609,309.5551736163975,1548.8525005118343,34.70450792444963,150.8342409532664,1.7216574529425015,67.50769556989756,4.837873825422793,0,None
301.04017675814197,311.0170580474815,1590.8205998728508,53.632888051995245,172.46588745800145,1.606239150957864,65.19649889003965,4.157312433941254,0,None
297.6341670871992,309.47285824412126,1404.1620143728464,43.79234324613682,103.71866153490546,0.8772468945965115,62.847549468646434,4.785098527761595,0,None
296.74561657276456,307.89302833135815,1596.9586689195696,31.02447168361637,116.46845002975245,3.7048675112815532,66.06179305429683,4.59872098811693,0,None
297.66989351564047,306.55510322412954,1334.9035355453157,45.6402262562668,120.3203584674579,0.8707682054541208,54.32820388848843,5.067705542728878,0,None
295.79522716550673,307.0634710025319,1622.549492390036,31.56686253752148,100.23182036842844,1.143687060207047,63.462845344333715,4.333338451353874,0,None
299.8553557336084,309.6037851400196,1618.037197959166,33.64974742393462,169.94346396383204,0.3764247776015422,64.06443258188378,4.039979751887118,0,None
298.0504731709089,307.5344742929938,1409.9502924554977,47.90809024416988,33.12286252937821,0.6059235904499628,63.68113722475912,4.553821833568097,0,None
297.731951802225,307.7581591263748,1765.4410172676019,24.335190701510463,38.917580834455464,2.535149635342343,63.74752678798555,3.9447057938394523,0,None
298.3254041047663,309.9211649908896,1250.4273998396554,38.928094473859765,79.74983890244496,1.1441101882130464,66.81108246233434,4.2739961634709775,0,None
300.0637647653348,310.69280439946493,1515.1964638839333,48.432239822311445,23.97693002047497,3.6554496328723136,65.00139086107411,5.021104403267358,0,None
300.0547678091151,311.38681726503717,1958.9934798084898,38.83444706588837,157.71152877228218,1.6140501211779035,59.941428563455055,3.9550765071908867,0,None
296.7853400629092,306.903223596826,1573.7227460080571,50.84155336336184,18.48749855229233,5.347810165938552,54.253224588772035,4.954024230253093,0,None
299.4661445968879,310.6773742947118,1794.3457881405147,40.02217118224385,109.80298171796488,0.2974785431821566,60.217576829220164,4.106325456609747,0,None
298.52081464122335,309.1067701406961,1507.2543079364968,35.58431345572079,40.13081630383944,0.7988291674943723,62.8861166108317,4.971134219337255,0,None
296.5578102311118,307.12543181813925,1370.6790539457318,40.975811134424376,65.0736279731928,1.3866056856533016,62.038188533202145,4.343747625750519,0,None
296.1274699146981,305.64998605181415,1199.7570353070296,72.30654857269437,67.72444354796492,5.67562153789381,82.29189178651166,2.625241981544341,1,PWF
296.2561022455983,306.70475491656725,1344.044589337424,49.099113542639785,174.76337986348864,0.542143274557875,56.34006668647222,4.779876437801009,0,None
297.3127748300144,308.1370030221991,1199.7570353070296,76.96900437934133,56.504443621818126,7.890306447543421,79.26289976410695,2.928535645601737,1,PWF
295.24855530259015,304.76094570385226,1351.0552642003302,39.00022778508615,115.52090274604782,1.6577602476735516,58.27739273543571,4.21985831691391,0,None
299.1652654407345,310.59507311873904,1710.0533492186064,40.3597193461175,45.83423107819314,1.5411089303784073,52.628596404029615,4.287053378942548,0,None
298.5290641689226,308.84049517303725,1354.323297327118,45.054372343026635,19.433117776082202,2.3894353356520552,66.36150259636771,4.177911572216028,0,None
